Variacoes - JANEIRO - FEVEREIRO,RJ,POA,BH,REC,SP,DF,BEL,FOR,SAL,CUR,GOI,VIT,CG,RB,SL,AJU,NACIONAL
 ÍNDICE GERAL,1.32,0.65,1.92,1.37,1.1800000000000002,0.39,1.44,1.52,1.0899999999999999,1.23,1.38,1.0699999999999998,1.29,0.89,2.12,1.82,1.25
 ALIMENTAÇÃO E BEBIDAS,2.74,1.76,3.7199999999999998,1.92,1.91,1.6600000000000001,3.62,2.61,2.49,1.8900000000000001,1.7500000000000002,2.75,1.88,2.26,2.69,2.67,2.33
 ALIMENTAÇÃO NO DOMICÍLIO,3.67,2.0,4.699999999999999,2.34,2.59,2.02,4.17,3.2800000000000002,2.91,2.17,2.2199999999999998,3.29,2.1,2.56,2.9299999999999997,3.4699999999999998,2.93
" CEREAIS, LEGUMINOSAS E OLEAGINOSAS",9.52,12.489999999999998,11.1,13.07,10.54,8.34,7.48,12.76,12.129999999999999,10.31,11.190000000000001,10.17,10.14,10.370000000000001,10.36,7.7700000000000005,10.719999999999999
 ARROZ,8.75,14.95,10.71,12.16,8.99,8.11,6.95,10.129999999999999,12.2,11.73,10.52,9.1,9.559999999999999,10.27,10.11,9.76,10.08
 FEIJÃO-MULATINHO,0.0,0.0,0.0,16.560000000000002,0.0,0.0,0.0,0.0,2.3200000000000003,0.0,0.0,0.0,0.0,0.0,16.12,0.0,9.65
 FEIJÃO-PRETO,11.41,12.46,0.0,0.0,0.0,4.6899999999999995,7.68,0.0,0.0,13.95,0.0,14.02,0.0,0.0,0.0,0.0,11.620000000000001
 FEIJÃO-MACÁÇAR (FRADINHO),0.0,0.0,0.0,2.99,0.0,0.0,0.0,20.65,0.0,0.0,0.0,0.0,0.0,0.0,0.0,0.0,17.16
 FEIJÃO-CARIOCA (RAJADO),0.0,0.0,12.600000000000001,17.82,16.25,13.43,9.59,0.0,17.86,0.0,14.17,0.0,14.54,11.120000000000001,9.31,3.76,14.77
 MILHO (EM GRÃO),0.0,-5.91,0.0,0.0,0.0,0.07,0.0,0.0,0.0,-3.2399999999999998,0.0,0.0,0.0,0.0,0.0,0.0,-3.87
" FARINHAS, FÉCULAS E MASSAS",0.06000000000000005,-0.82,-0.16,0.7200000000000001,-0.25,1.08,5.82,1.8099999999999998,-0.8400000000000001,-2.05,0.71,-1.6,-0.27,-0.41000000000000003,2.49,-0.019999999999999796,0.35
 FARINHA DE ARROZ,0.0,0.0,0.0,4.01,0.0,0.0,0.0,0.0,0.0,0.0,0.0,0.0,0.0,0.0,0.0,0.0,4.01
 MACARRÃO,-3.34,-3.38,0.33,0.94,-0.76,-0.6100000000000001,1.1500000000000001,-0.1299999999999999,0.89,-1.8800000000000001,-0.53,-3.76,-1.3900000000000001,0.04999999999999999,2.48,-0.24000000000000002,-0.9800000000000001
 FUBÁ DE MILHO,0.0,0.0,0.0,-2.53,0.0,0.0,0.0,-3.0699999999999994,0.0,0.0,0.0,0.0,0.0,0.0,0.25999999999999995,5.38,-1.5
 FLOCOS DE MILHO,0.0,0.0,0.0,-1.23,0.0,0.16,0.0,0.0,0.0,0.0,0.0,0.0,0.0,0.0,-6.18,-0.09999999999999987,-1.4300000000000002
 FARINHA DE TRIGO,0.0,0.6000000000000001,-2.38,0.0,-3.87,0.0,0.0,0.0,-2.97,-5.78,-1.4300000000000002,-1.77,-2.15,0.0,0.0,0.0,-2.8
 FARINHA DE MANDIOCA,5.9,0.0,-1.02,2.2,1.67,2.67,7.1499999999999995,5.75,-1.16,0.0,2.11,-2.39,0.0,-0.07999999999999999,3.94,-1.73,3.45
 MASSA SEMIPREPARADA,-1.12,0.25,0.73,0.0,0.96,0.6600000000000001,-0.9,0.07,-1.77,-0.4900000000000002,1.63,1.8599999999999999,2.04,0.0,0.0,0.0,0.28
 MACARRÃO INSTANTÂNEO,3.71,0.0,0.0,0.0,0.3,1.76,0.0,0.0,0.0,0.74,0.0,-1.17,0.20999999999999996,-2.5,0.0,0.0,1.06
" TUBÉRCULOS, RAÍZES E LEGUMES",32.58,11.5,26.66,17.72,9.629999999999999,7.8,24.22,19.98,10.09,14.47,8.959999999999999,23.43,9.04,13.549999999999999,2.81,20.86,15.530000000000001
 BATATA-DOCE,19.67,0.0,0.0,-4.93,17.85,0.0,0.0,0.0,2.81,0.0,5.48,0.0,0.0,3.9,0.0,0.0,11.32
 BATATA-INGLESA,48.260000000000005,34.3,44.47,31.78,31.119999999999997,36.49,47.82,32.480000000000004,10.51,46.78,30.43,25.75,38.03,40.72,20.94,29.84,36.24
 INHAME,0.0,0.0,0.0,0.0,0.0,0.0,0.0,0.0,0.0,0.0,0.0,25.43,0.0,0.0,0.0,9.020000000000001,12.67
 MANDIOCA (AIPIM),0.0,0.0,5.23,6.08,0.0,3.8899999999999997,0.0,0.0,-1.29,0.0,0.0,0.0,3.3899999999999997,-0.78,0.0,0.0,3.84
 ABOBRINHA,0.0,0.0,0.0,0.0,-15.44,0.0,0.0,0.0,0.0,0.0,0.0,0.0,0.0,0.0,0.0,0.0,-15.44
 PEPINO,0.0,0.0,0.0,0.0,0.0,0.0,0.0,0.0,0.0,-25.560000000000002,0.0,0.0,0.0,0.0,0.0,0.0,-25.560000000000002
 PIMENTÃO,0.0,0.0,0.0,0.0,-11.06,-3.63,0.0,0.0,0.0,0.0,0.0,0.0,0.0,0.0,0.0,0.0,-10.34
 TOMATE,26.63,-3.620000000000001,14.44,7.4,1.08,-3.3200000000000003,9.51,-14.7,-3.2199999999999998,-8.85,-7.14,29.130000000000003,1.4200000000000004,13.989999999999998,-3.7,14.24,3.05
 CEBOLA,-1.0200000000000014,1.129999999999999,2.9400000000000013,12.15,-5.8,-3.0,8.14,17.39,10.41,-1.5299999999999994,-0.08999999999999986,-3.24,3.9099999999999984,6.49,4.43,12.23,1.7999999999999998
 CENOURA,64.28999999999999,47.870000000000005,67.48,50.089999999999996,45.05,56.84,54.56,60.26,48.019999999999996,30.34,72.59,52.16,0.0,0.0,0.0,53.11,52.980000000000004
 AÇÚCARES E DERIVADOS,-0.20000000000000007,0.21999999999999986,0.1,7.49,-0.26,2.31,0.14,2.17,1.5,-0.5800000000000001,1.19,0.7899999999999999,-2.51,0.32999999999999996,0.81,0.62,0.36
 AÇÚCAR REFINADO,-0.18999999999999995,7.7,0.0,11.89,1.89,4.29,2.7699999999999996,2.25,4.5,1.7299999999999998,0.0,0.0,0.0,1.34,2.9400000000000004,0.0,2.16
 AÇÚCAR CRISTAL,0.0,-5.720000000000001,1.57,12.43,0.0,-2.41,-3.57,-0.16000000000000003,-1.28,0.58,1.3399999999999999,-0.6400000000000001,-2.29,-0.72,-0.7,-0.12,0.64
 BALAS,0.0,2.19,0.0,0.0,0.0,2.17,0.0,0.0,0.0,-3.23,-0.3999999999999999,0.0,-4.82,0.0,0.0,0.0,-0.3999999999999999
 CHOCOLATE EM BARRA E BOMBOM,-2.8199999999999994,0.08000000000000007,0.14000000000000012,1.8200000000000003,1.52,3.5999999999999996,1.89,5.5200000000000005,2.69,-2.77,0.92,0.26000000000000006,0.9800000000000001,-1.4300000000000002,-0.6,0.74,0.56
 SORVETE,0.5,-0.6299999999999999,-4.12,0.8,-4.1899999999999995,2.6599999999999997,2.7,3.29,3.73,2.6,2.1,0.1599999999999997,-7.699999999999999,0.0,0.0,2.24,-1.62
 CHOCOLATE E ACHOCOLATADO EM PÓ,1.26,1.4,1.47,0.73,-0.25,4.800000000000001,-1.63,5.1,4.0,-1.51,0.06999999999999998,5.49,3.23,3.76,0.4600000000000001,-0.9400000000000001,0.75
 DOCE DE FRUTAS EM PASTA,0.0,0.0,0.0,-6.15,0.0,0.0,0.0,0.0,0.0,0.0,0.0,0.0,0.0,0.0,0.0,0.0,-6.15
 AÇÚCAR DEMERARA,0.0,0.0,0.0,0.0,0.0,0.0,0.0,0.0,0.0,0.0,0.0,0.0,0.0,0.0,0.0,2.5,2.5
 HORTALIÇAS E VERDURAS,4.99,-2.13,3.86,9.42,4.01,2.12,9.84,5.44,13.74,1.6600000000000001,3.87,2.63,12.32,0.5400000000000001,7.859999999999999,13.26,4.16
 ALFACE,3.46,-8.620000000000001,4.25,4.0600000000000005,3.6500000000000004,2.7800000000000002,8.07,-0.09000000000000008,9.829999999999998,-0.52,2.25,3.51,11.39,-0.59,9.17,9.370000000000001,2.19
 COENTRO,0.0,0.0,0.0,16.529999999999998,0.0,0.0,0.0,0.0,19.85,0.0,0.0,0.0,0.0,0.0,0.0,19.73,18.810000000000002
 COUVE,2.33,0.0,6.62,0.0,1.5299999999999998,0.0,0.0,0.0,0.0,0.0,0.0,-1.06,0.0,0.76,0.0,2.75,2.68
 COUVE-FLOR,13.43,0.0,0.0,0.0,0.0,6.05,0.0,0.0,0.0,0.0,0.0,0.0,0.0,0.0,0.0,0.0,12.21
 REPOLHO,0.0,9.43,0.0,0.0,16.21,0.0,0.0,0.0,25.51,16.29,13.310000000000002,0.0,27.909999999999997,0.0,15.89,0.0,15.02
 CHEIRO-VERDE,-1.11,6.12,1.02,2.9000000000000004,2.93,2.2299999999999995,11.530000000000001,7.0600000000000005,4.03,-1.39,5.4399999999999995,1.7,9.51,1.2,2.68,0.0,4.05
 BRÓCOLIS,7.96,3.9200000000000004,0.44999999999999996,0.0,0.9699999999999998,-1.6,5.2700000000000005,0.0,0.0,-0.7800000000000002,0.0,5.95,0.0,0.0,0.0,0.0,2.15
 FRUTAS,11.22,3.8899999999999997,17.22,4.82,8.12,3.6100000000000003,10.26,5.8100000000000005,9.58,10.17,5.58,4.0,6.68,4.09,5.4399999999999995,7.67,8.81
 BANANA-DA-TERRA,0.0,0.0,0.0,1.9,0.0,0.0,0.0,0.0,3.6799999999999997,0.0,0.0,3.2,0.0,1.14,0.0,0.0,3.16
 ABACAXI,20.91,16.52,0.0,15.690000000000001,0.0,0.0,5.9799999999999995,0.0,0.0,0.0,5.180000000000001,19.47,24.29,0.0,0.0,25.35,14.88
 ABACATE,0.0,0.0,0.0,0.0,0.0,0.0,6.22,0.0,0.0,0.0,0.0,0.0,0.0,4.879999999999999,0.0,0.0,5.840000000000001
 BANANA-D'ÁGUA,8.62,8.81,27.76,0.0,5.27,9.42,0.0,0.0,0.0,10.63,0.0,0.0,8.42,0.0,2.11,0.0,8.46
 BANANA-MAÇÃ,0.0,0.0,0.0,0.0,0.0,0.0,0.0,0.0,0.0,0.0,7.07,0.0,15.7,0.0,0.0,0.0,8.9
 BANANA-PRATA,18.4,13.07,29.17,13.99,12.25,12.780000000000001,14.8,12.93,22.91,6.970000000000001,15.600000000000001,5.989999999999999,0.0,9.04,3.45,5.14,16.77
 LARANJA-BAÍA,0.0,4.72,0.0,0.0,0.0,0.0,0.0,0.0,0.0,0.0,0.0,0.0,0.0,0.0,0.0,0.0,4.72
 LARANJA-LIMA,0.0,0.0,27.79,0.0,0.0,0.0,0.0,0.0,0.0,0.0,0.0,0.0,0.0,0.0,0.0,0.0,27.79
 LIMÃO,-26.87,0.0,0.0,0.0,-28.85,-34.76,0.0,0.0,0.0,0.0,-20.63,-43.58,0.0,-41.480000000000004,0.0,0.0,-29.17
 MAÇÃ,4.9399999999999995,3.68,6.4,-4.42,3.1800000000000006,1.18,6.9399999999999995,2.5599999999999996,-4.08,12.84,4.13,5.42,2.2299999999999995,3.7199999999999998,8.28,2.83,3.87
 MAMÃO,-3.92,-10.89,-10.129999999999999,-1.9400000000000002,-0.6100000000000003,-5.800000000000001,0.0,-6.46,-5.08,-0.16000000000000014,0.13999999999999968,-9.98,-5.8500000000000005,9.85,0.0,-3.28,-4.12
 MANGA,36.74,38.15,55.32,0.0,43.58,27.92,0.0,20.68,20.189999999999998,45.23,0.0,26.900000000000002,0.0,0.0,0.0,9.5,40.260000000000005
 MARACUJÁ,0.0,0.0,0.0,0.0,0.0,0.0,0.0,-15.94,31.450000000000003,0.0,0.0,0.0,0.0,0.0,0.0,20.61,14.829999999999998
 MELANCIA,0.0,0.0,-15.450000000000003,-1.5000000000000002,0.0,-7.739999999999998,3.3999999999999995,0.0,0.3600000000000003,-7.370000000000001,-9.07,0.0,-3.0199999999999996,3.46,10.49,0.0,-5.210000000000001
 MELÃO,-1.89,0.0,0.0,-4.1899999999999995,0.0,-13.649999999999999,6.47,0.0,0.0,-5.76,0.0,0.0,0.0,0.0,3.13,0.0,-3.3600000000000003
 PERA,0.0,0.0,0.0,0.0,0.9900000000000002,0.0,0.0,0.0,0.0,0.0,-0.8400000000000001,7.84,0.0,0.0,0.0,0.0,1.04
 TANGERINA,0.0,0.0,0.0,0.0,8.12,0.0,0.0,0.0,0.0,10.17,0.0,0.0,0.0,0.0,0.0,0.0,8.690000000000001
 UVA,4.83,6.880000000000001,14.65,6.59,4.42,4.73,8.71,7.49,4.68,8.11,6.54,9.61,1.44,4.55,6.41,4.45,6.390000000000001
 LARANJA-PERA,16.189999999999998,0.0,22.869999999999997,13.120000000000001,14.55,18.04,15.21,27.79,9.42,14.59,18.259999999999998,8.27,16.66,22.5,14.25,17.54,16.23
 MORANGO,0.0,-15.129999999999999,0.0,0.0,0.0,0.0,0.0,0.0,0.0,0.0,0.0,0.0,0.0,0.0,0.0,0.0,-15.129999999999999
 GOIABA,0.0,0.0,0.0,0.0,0.0,0.0,8.13,5.75,0.0,0.0,0.0,0.0,0.0,0.0,0.0,4.91,6.27
 CARNES,-0.7699999999999999,-1.7400000000000002,-1.0099999999999998,-0.28,-0.14,0.6100000000000001,-1.32,-1.71,2.0,-1.4899999999999998,-0.3999999999999999,-0.5799999999999998,0.21000000000000008,1.21,0.8,1.07,-0.49999999999999994
 FÍGADO,0.0,0.0,0.0,-1.85,0.0,0.0,-2.19,-11.49,-5.12,0.0,0.0,0.0,0.0,0.0,-7.75,0.0,-5.21
 CARNE DE PORCO,0.7900000000000001,2.5999999999999996,-0.95,0.36000000000000004,-2.76,1.06,0.48999999999999977,-3.3200000000000003,1.1900000000000002,-6.41,0.020000000000000018,1.84,-0.8400000000000001,2.48,-3.52,-0.0900000000000003,-1.49
 CARNE DE CARNEIRO,0.0,0.0,0.0,0.0,0.0,0.0,0.0,0.040000000000000036,0.0,0.0,0.0,0.0,0.0,0.0,0.0,0.0,0.040000000000000036
 CUPIM,0.0,0.0,0.0,-2.74,0.0,0.0,0.0,0.0,0.0,0.0,-2.03,0.0,0.0,0.0,0.0,0.0,-2.38
 CONTRAFILÉ,-2.83,2.06,-0.29000000000000004,0.3899999999999999,1.25,-0.050000000000000044,-0.040000000000000036,-3.26,2.3500000000000005,-0.49999999999999994,-0.16000000000000014,-0.4900000000000002,1.4900000000000002,2.54,4.84,4.619999999999999,0.43000000000000005
 FILÉ-MIGNON,-1.49,0.0,0.0,0.0,0.0,0.0,-4.43,0.0,0.0,1.3,0.0,0.0,0.0,2.52,0.0,0.0,-0.8799999999999999
 CHÃ DE DENTRO,0.16000000000000014,0.06999999999999995,0.030000000000000027,-0.7399999999999998,0.8300000000000001,-0.72,-2.32,1.3299999999999996,4.390000000000001,-4.26,-0.18,1.76,2.88,2.46,-2.8099999999999996,1.7599999999999998,0.16999999999999993
 ALCATRA,0.9300000000000002,-0.3599999999999999,1.2299999999999998,1.0799999999999998,1.79,2.0700000000000003,1.1300000000000001,3.1,5.53,3.25,1.19,2.27,0.75,2.29,1.42,2.06,1.73
 PATINHO,-4.640000000000001,0.0,-1.19,-0.72,-0.7599999999999998,0.0,-2.71,1.1099999999999999,0.0,1.9200000000000002,0.8499999999999999,0.09000000000000008,1.5699999999999998,1.18,2.25,2.06,-0.5599999999999999
 LAGARTO REDONDO,0.0,0.0,0.0,0.0,0.0,0.0,-1.08,0.0,0.0,0.0,0.0,0.0,0.0,0.0,0.0,0.0,-1.08
 LAGARTO COMUM,0.0,2.97,0.0,0.0,-1.06,0.0,0.0,0.0,5.56,0.0,-0.3899999999999999,0.0,2.1,0.56,0.0,0.0,0.8400000000000001
 MÚSCULO,0.020000000000000018,-2.52,-3.47,-2.14,0.86,0.0,-4.140000000000001,0.0,-4.79,-1.0500000000000003,-1.2300000000000002,0.0,-2.17,4.3,-4.84,0.53,-1.77
 PÁ,0.0,-3.7800000000000002,-1.94,0.44,0.27,0.0,-0.96,0.0,0.0,0.0,0.0,-4.21,0.25,-0.10000000000000009,0.7200000000000001,-3.0100000000000002,-1.1300000000000001
 ACÉM,-1.88,-3.8299999999999996,-2.8,0.5599999999999999,-1.3599999999999999,-0.7199999999999998,-2.98,-3.6500000000000004,-5.35,-3.4600000000000004,-2.73,-6.130000000000001,-1.6600000000000001,-1.45,2.46,-3.4000000000000004,-2.33
 PEITO,0.0,0.0,0.0,0.0,0.0,0.0,-3.9499999999999997,0.0,0.0,0.0,0.0,0.0,2.63,-0.95,3.66,1.9,-1.52
 CAPA DE FILÉ,0.0,0.0,0.0,0.0,0.0,0.0,2.42,0.0,3.12,-1.41,0.0,-0.43000000000000016,0.31999999999999995,1.83,0.0,0.0,1.24
 COSTELA,-0.6799999999999999,-5.28,-2.12,0.26,-0.32000000000000006,1.25,-2.68,-8.49,2.54,-0.2400000000000002,-1.7599999999999998,-3.2300000000000004,-1.73,-1.4300000000000002,0.9199999999999999,2.63,-1.59
 PICANHA,0.0,-0.48,0.30000000000000027,0.0,0.0,1.38,0.0,3.31,0.0,0.0,0.0,0.0,0.0,0.0,0.0,0.0,0.8
 PESCADOS,4.45,-1.48,4.01,0.26,3.29,0.42000000000000015,0.5099999999999998,-1.19,3.06,9.18,-0.27,6.66,-0.6199999999999999,4.49,-0.8899999999999999,1.55,1.7800000000000002
 PEIXE-ANCHOVA,0.0,0.0,0.0,-9.1,0.0,0.0,0.0,0.0,0.0,0.0,0.0,0.0,0.0,0.0,0.0,0.0,-9.1
 PEIXE-CORVINA,4.930000000000001,0.0,0.0,4.23,0.0,0.0,0.0,0.0,4.13,0.0,0.0,0.0,0.0,0.0,0.3700000000000001,3.62,4.12
 PEIXE-TAINHA,0.0,0.0,0.0,0.0,0.0,0.0,0.0,0.0,0.0,0.0,0.0,0.0,0.0,0.0,-1.9499999999999997,0.0,-1.9499999999999997
 PEIXE-SARDINHA,0.0,2.76,0.0,3.89,0.0,0.0,0.0,0.0,2.2,0.0,0.0,0.0,0.0,0.0,0.0,0.0,2.76
 CAMARÃO,2.69,-2.24,0.0,-2.71,0.0,-4.48,-2.84,0.56,0.6300000000000003,0.76,-4.48,1.1800000000000002,0.0,0.0,2.77,0.3400000000000001,-0.5800000000000001
 PEIXE-CAVALA,0.0,0.0,0.0,0.0,0.0,0.0,0.0,2.18,0.0,0.0,0.0,0.0,0.0,0.0,0.0,0.0,2.18
 PEIXE-CAÇÃO,0.0,0.0,0.0,0.0,-0.26,0.0,0.0,0.0,0.0,0.0,0.0,0.0,0.0,0.0,0.0,0.0,-0.26
 PEIXE-MERLUZA,0.0,0.0,5.13,2.43,1.4200000000000002,0.0,0.0,0.0,4.54,0.0,-0.2300000000000001,0.0,0.0,0.0,0.0,0.0,2.13
 PEIXE-SERRA,0.0,0.0,0.0,0.0,0.0,0.0,0.0,-6.83,0.0,0.0,0.0,0.0,0.0,0.0,0.0,0.0,-6.83
 PEIXE-PESCADA,0.0,0.0,0.0,0.0,-1.18,0.0,5.07,0.0,0.0,0.0,0.0,0.0,0.0,0.0,-1.8800000000000001,-2.07,1.6999999999999997
 CARANGUEJO,4.45,0.0,0.0,0.0,0.0,0.0,0.6600000000000001,0.0,0.0,0.0,0.0,0.0,0.0,0.0,0.0,0.0,2.3400000000000003
 PEIXE-CASTANHA,0.0,0.0,0.0,0.26,0.0,0.0,0.0,0.0,0.0,0.0,0.0,0.0,0.0,0.0,0.0,0.0,0.26
 PEIXE-PALOMBETA,0.0,0.0,0.0,0.0,0.0,0.0,0.0,-5.4,0.0,0.0,0.0,0.0,0.0,0.0,0.0,0.0,-5.4
 PEIXE-CURIMATÃ,0.0,0.0,0.0,0.0,0.0,0.0,0.0,0.0,0.0,0.0,0.0,0.0,0.0,4.68,0.0,0.0,4.68
 PEIXE-SALMÃO,5.359999999999999,0.0,0.0,0.0,5.68,3.3099999999999996,0.0,-1.96,2.82,0.0,0.0,0.0,0.0,0.0,0.0,0.0,4.390000000000001
 PEIXE-TILÁPIA,0.0,-3.25,3.69,-0.8,7.17,3.2800000000000002,0.0,-0.41999999999999993,0.51,10.23,4.21,-0.98,-2.15,0.0,0.0,5.0600000000000005,3.77
 PEIXE-TAMBAQUI,0.0,0.0,0.0,0.0,0.0,-1.79,6.25,0.0,0.0,0.0,-1.34,0.0,2.55,4.45,-1.66,0.0,1.65
 PEIXE-DOURADA,0.0,0.0,0.0,0.0,0.0,0.0,-13.079999999999998,0.0,0.0,0.0,0.0,0.0,0.0,0.0,0.0,0.0,-13.079999999999998
 PEIXE-FILHOTE,0.0,0.0,0.0,0.0,0.0,-6.97,3.969999999999999,0.0,0.0,0.0,0.0,0.0,0.0,0.0,0.0,0.0,2.4699999999999998
 PEIXE-PEROÁ,0.0,0.0,0.0,0.0,0.0,0.0,0.0,0.0,0.0,0.0,0.0,15.649999999999999,0.0,0.0,0.0,0.0,15.649999999999999
 PEIXE-PINTADO,0.0,0.0,0.0,0.0,0.0,0.0,0.0,0.0,0.0,0.0,0.0,0.0,-0.15000000000000036,0.0,0.0,0.0,-0.15000000000000036
 PEIXE-ARUANÃ,0.0,0.0,0.0,0.0,0.0,0.0,0.0,0.0,0.0,0.0,-1.3199999999999998,0.0,0.0,0.0,0.0,0.0,-1.3199999999999998
 CARNES E PEIXES INDUSTRIALIZADOS,1.31,0.22999999999999998,0.07999999999999985,0.6799999999999999,1.2599999999999998,-0.9400000000000001,-0.55,1.34,0.54,1.56,1.58,2.23,1.9300000000000002,-0.32999999999999996,-2.31,0.9199999999999999,0.84
 PRESUNTO,4.82,1.5199999999999998,-0.5299999999999999,0.0,-1.53,-3.01,0.0,0.9300000000000002,-1.1299999999999994,3.87,-0.84,-0.47,3.15,3.92,0.0,1.48,0.4700000000000001
 SALSICHA,0.0,2.19,0.0,-0.32999999999999985,-0.5599999999999998,0.0,0.0,0.0,0.0,0.49000000000000005,0.0,0.0,0.0,2.07,0.0,0.0,0.22999999999999998
 LINGUIÇA,0.13999999999999996,-0.6900000000000001,0.16999999999999993,0.33999999999999997,2.8000000000000003,-0.08999999999999986,2.96,1.99,2.33,2.5100000000000002,2.34,3.16,1.0899999999999999,-1.7,-2.9699999999999998,0.97,1.69
 MORTADELA,0.19999999999999996,0.0,-1.4200000000000002,-3.84,-0.8899999999999999,0.0,0.0,-0.1200000000000001,0.0,-4.81,1.0,0.0,4.140000000000001,0.0,0.0,0.0,-1.33
 SALAME,0.0,-0.8300000000000001,0.0,0.0,0.0,0.0,0.0,0.0,0.0,0.0,0.0,0.0,0.0,0.0,0.0,0.0,-0.8300000000000001
 BACALHAU,3.7300000000000004,0.0,0.0,0.0,0.0,0.0,0.0,0.0,0.0,0.0,0.0,0.0,0.0,0.0,-3.2900000000000005,0.0,2.92
 CARNE-SECA E DE SOL,-2.36,0.0,0.0,1.7200000000000002,0.0,-0.44999999999999996,-2.54,0.7899999999999998,-0.16999999999999998,0.0,0.0,-4.1,0.0,0.0,-0.63,0.81,-0.39
 CARNE DE PORCO SALGADA E DEFUMADA,0.0,0.0,3.08,0.0,0.0,0.0,0.0,0.0,0.0,0.0,-0.15000000000000002,4.48,0.0,0.0,0.0,0.0,2.56
 AVES E OVOS,4.06,0.4099999999999999,4.15,0.91,-0.27,1.2899999999999998,0.44999999999999996,3.84,1.6800000000000002,1.84,1.48,2.34,0.71,2.84,4.0600000000000005,3.0,1.66
 FRANGO INTEIRO,2.19,-1.99,4.98,1.07,-0.010000000000000009,0.69,-1.3099999999999998,5.6499999999999995,3.82,-2.69,2.0,4.35,2.49,4.89,4.49,3.83,1.8599999999999999
 FRANGO EM PEDAÇOS,5.15,-1.13,3.35,1.86,0.82,1.2999999999999998,3.71,1.61,2.23,4.03,0.5599999999999999,0.3900000000000001,2.46,2.12,3.98,2.7699999999999996,2.0100000000000002
 OVO DE GALINHA,1.82,6.75,5.02,-0.7300000000000002,-3.3000000000000003,2.2600000000000002,3.2600000000000002,1.5399999999999996,-3.6500000000000004,0.9200000000000002,3.37,3.8100000000000005,-3.84,-1.86,1.94,1.9500000000000002,0.6200000000000001
 LEITES E DERIVADOS,-0.74,1.9000000000000001,2.71,-2.55,4.0600000000000005,1.52,0.86,-0.040000000000000036,0.04999999999999982,1.72,0.19999999999999996,1.79,-0.8300000000000001,-0.07,-0.55,-2.5500000000000003,1.77
 LEITE LONGA VIDA,-2.31,6.06,4.88,-4.07,7.91,3.1799999999999997,-1.88,-2.46,-1.9499999999999997,4.24,0.18999999999999995,4.18,-1.1300000000000001,0.25000000000000006,-2.61,-4.35,4.2
 LEITE CONDENSADO,-0.72,2.7399999999999998,0.0,0.0,0.0,0.0,5.12,0.0,0.0,0.0,0.0,0.0,0.0,0.3500000000000001,0.0,0.0,1.95
 LEITE EM PÓ,-1.2000000000000002,0.0,0.27,-0.5900000000000001,-1.41,0.0,0.37,0.42000000000000004,0.7600000000000002,0.5099999999999998,-2.1799999999999997,0.36,-1.65,-0.39,-0.13,-0.6600000000000001,-0.26
 QUEIJO,-0.10000000000000003,-1.59,1.37,-4.18,1.7199999999999998,0.24,0.24,2.99,0.27,0.010000000000000009,0.73,-0.6800000000000002,-1.14,-2.02,0.020000000000000018,-3.99,0.32999999999999996
 IOGURTE E BEBIDAS LÁCTEAS,0.93,-4.58,0.7799999999999999,-2.15,1.2,1.64,2.37,1.29,2.6,-0.13,-0.10000000000000009,-1.24,2.07,-0.26,1.5499999999999998,-1.27,0.2
 REQUEIJÃO,-1.1199999999999999,0.0,-0.08000000000000002,0.0,-0.75,0.0,0.0,0.0,0.0,0.0,0.0,0.0,0.0,0.0,0.0,0.0,-0.7
 MANTEIGA,4.2,0.0,1.36,2.36,0.0,0.46,1.81,1.76,0.9,0.0,0.8099999999999999,2.5,0.0,0.77,0.0,0.18999999999999995,1.7
 LEITE FERMENTADO,0.0,0.0,0.0,0.0,0.0,0.0,0.0,0.0,0.0,1.2000000000000002,0.0,0.0,0.0,0.0,0.0,0.0,1.2000000000000002
 PANIFICADOS,-0.65,1.8399999999999999,0.8400000000000001,0.22000000000000003,-0.24,-0.14999999999999997,0.7400000000000001,1.06,-0.08999999999999997,-0.68,0.8500000000000001,0.26,1.25,0.10000000000000009,1.28,-1.79,0.21000000000000002
 BISCOITO,-2.39,0.15999999999999998,0.84,1.63,0.30000000000000004,0.8500000000000001,-2.96,0.29999999999999993,0.48,-2.37,0.5,-1.25,2.76,0.38,-0.75,-1.98,-0.19
 PÃO FRANCÊS,0.39,1.63,0.9600000000000001,-0.78,-0.5999999999999999,0.18,2.65,1.2,-0.89,-1.8699999999999997,1.5,1.5,0.30000000000000004,0.040000000000000036,2.08,-1.87,0.22000000000000003
 PÃO DOCE,-1.75,2.6900000000000004,-3.5999999999999996,0.0,0.4700000000000001,0.0,0.0,0.0,0.49999999999999994,2.66,0.0,1.17,3.67,0.0,0.0,0.0,0.3
 PÃO DE FORMA,-0.8999999999999999,6.06,1.04,0.0,-0.16000000000000003,-4.71,0.0,0.0,0.0,2.8,0.0,-1.69,0.0,0.0,0.0,0.0,0.8299999999999998
 BOLO,0.9099999999999999,1.76,1.71,2.51,-0.5800000000000001,-2.05,-0.7999999999999999,2.4699999999999998,5.0600000000000005,1.44,0.19,-0.20000000000000018,1.92,0.0,1.7100000000000002,0.27,0.67
 PÃO DE QUEIJO,0.0,0.0,1.9500000000000002,0.0,0.0,2.0599999999999996,0.0,0.0,0.0,0.0,-0.3600000000000001,0.0,0.0,0.0,0.0,0.0,1.31
 ÓLEOS E GORDURAS,-0.34999999999999987,5.84,-2.46,3.2700000000000005,2.92,2.8,4.47,0.3599999999999999,3.5,2.69,-1.2200000000000002,5.3,-2.21,4.22,-1.2200000000000002,-0.16999999999999993,1.93
 ÓLEO DE SOJA,-5.18,8.82,-1.72,6.06,2.95,-0.07999999999999985,5.079999999999999,0.56,3.9,3.04,-1.2799999999999998,2.89,-4.74,4.11,-0.020000000000000018,3.7099999999999995,1.7799999999999998
 AZEITE DE OLIVA,5.72,0.0,0.0,0.0,5.79,6.25,9.16,0.0,5.52,7.16,0.0,9.41,4.58,4.73,0.0,0.0,6.27
 MARGARINA,-2.32,0.78,-4.83,0.19999999999999998,-0.64,0.0,-2.8899999999999997,0.10000000000000009,1.1,-2.11,-0.98,0.0,-4.220000000000001,0.0,-4.0200000000000005,-4.79,-1.27
 BEBIDAS E INFUSÕES,0.47,1.4200000000000002,0.95,-0.54,0.29999999999999993,0.74,12.969999999999999,1.98,0.54,0.53,0.13,2.19,0.61,1.9599999999999997,3.2,0.8099999999999999,1.62
 SUCO DE FRUTAS,-1.4399999999999997,1.5899999999999999,2.9,0.9700000000000002,0.8899999999999999,0.75,0.0,-2.7199999999999998,0.0,-1.0799999999999998,2.01,0.5299999999999999,0.79,0.0,0.0,0.0,0.43000000000000005
 POLPA DE FRUTA (CONGELADA),0.0,0.0,0.0,0.0,0.0,0.0,-1.83,1.45,2.3,0.0,0.0,0.0,0.0,2.77,4.800000000000001,0.0,1.51
 AÇAÍ (EMULSÃO),0.0,0.0,0.0,0.0,0.0,0.0,28.85,0.0,0.0,0.0,0.0,0.0,0.0,6.2299999999999995,19.74,0.0,28.0
 CAFÉ MOÍDO,2.1899999999999995,0.8599999999999999,1.83,-1.34,-1.2200000000000002,0.0,2.5300000000000002,4.12,2.56,4.25,0.5,4.37,1.1600000000000001,1.0499999999999998,0.8599999999999999,1.3499999999999999,1.01
 CAFÉ SOLÚVEL,0.0,2.96,0.0,0.0,0.0,0.0,0.0,0.0,0.0,0.0,0.0,0.0,0.0,0.0,0.0,0.0,2.96
 REFRIGERANTE E ÁGUA MINERAL,-0.44000000000000006,0.96,-0.54,-0.31000000000000005,0.93,0.91,-0.69,1.71,0.4999999999999999,0.3700000000000001,-0.35,2.78,1.08,1.73,0.18999999999999995,1.13,0.48000000000000004
 CERVEJA,0.48,0.72,1.37,-0.8500000000000001,0.74,1.12,1.71,-1.08,-3.05,-1.67,-0.08999999999999997,0.24,0.85,0.0,-1.76,-0.04999999999999999,0.25
 OUTRAS BEBIDAS ALCOÓLICAS,0.0,0.0,0.0,0.0,0.0,0.0,3.96,0.0,0.0,1.3,0.0,0.0,0.0,0.0,0.0,0.0,3.33
 VINHO,2.3,1.62,0.0,0.0,0.36,0.0,0.0,0.0,0.0,0.25999999999999995,0.0,0.0,0.0,0.0,0.0,0.0,1.1099999999999999
 SUCO EM PÓ,0.0,5.109999999999999,-1.0,0.0,-0.040000000000000036,0.0,0.0,0.0,0.0,-0.7000000000000001,0.0,0.0,-1.85,0.4700000000000001,0.0,0.0,0.33999999999999997
 CHÁ MATE (ERVA MATE),0.0,2.74,0.0,0.0,0.0,0.0,0.0,0.0,0.0,1.95,0.0,0.0,-2.33,0.0,0.0,0.0,2.14
 ENLATADOS E CONSERVAS,0.21999999999999997,1.21,-0.25999999999999995,-3.27,0.88,0.33999999999999997,-0.12,0.42000000000000004,-1.8199999999999998,-2.2800000000000002,-0.20000000000000007,-1.2400000000000002,0.69,-0.53,1.3199999999999998,-1.6,-0.09999999999999999
 ALIMENTO INFANTIL,0.0,0.0,0.0,0.0,0.0,0.0,2.41,0.0,0.0,0.0,0.0,0.0,0.0,0.0,0.0,0.0,2.41
 PALMITO EM CONSERVA,0.0,0.0,0.98,0.0,3.04,4.19,0.0,0.0,0.0,-1.3,-1.28,0.0,0.0,0.0,0.0,0.0,2.03
 PEPINO EM CONSERVA,0.0,1.37,0.0,0.0,0.0,0.0,0.0,0.0,0.0,0.0,0.0,0.0,0.0,0.0,0.0,0.0,1.37
 SARDINHA EM CONSERVA,-0.14000000000000012,-0.6799999999999999,-0.61,-4.699999999999999,0.35000000000000003,0.6,-3.6399999999999997,-0.5800000000000001,-3.4299999999999997,-3.33,0.0,2.13,-0.52,0.09999999999999998,1.65,-0.74,-1.09
 SALSICHA EM CONSERVA,0.0,0.0,0.0,0.0,0.0,0.0,-0.13999999999999999,0.0,0.0,0.0,0.0,0.0,0.0,0.0,0.0,0.0,-0.13999999999999999
 SOPA DESIDRATADA,0.0,0.0,0.0,0.0,0.0,0.0,0.0,0.0,0.0,-4.2299999999999995,0.0,0.0,0.84,0.0,0.0,0.0,-3.4599999999999995
 AZEITONA,0.8700000000000001,2.13,3.24,-0.18999999999999995,1.79,1.45,0.0,1.93,-4.53,-1.0900000000000003,0.23,-1.52,4.449999999999999,-1.6800000000000002,0.0,0.0,1.05
 MILHO-VERDE EM CONSERVA,-1.8399999999999999,2.4299999999999997,-3.2,-2.35,-2.4299999999999997,0.0,0.16999999999999998,1.06,-2.7,-3.29,0.41,-5.09,-0.84,-0.42,-1.05,-3.5,-1.6600000000000001
 ATUM EM CONSERVA,1.93,1.8900000000000001,0.0,0.10000000000000009,0.07,-2.9299999999999997,0.0,0.0,4.88,-0.35,0.0,0.0,0.0,0.0,0.0,0.0,0.49
 SAL E CONDIMENTOS,0.95,0.16,-0.93,1.81,-0.39,0.71,1.3599999999999999,1.8900000000000001,-0.87,-0.6100000000000001,-1.3800000000000001,-1.73,1.13,0.76,1.6199999999999999,-0.5400000000000001,-0.08000000000000002
 LEITE DE COCO,0.0,0.0,0.0,0.0,0.0,0.0,0.0,0.0,-0.95,0.0,0.0,0.0,0.0,0.0,0.0,0.0,-0.95
 ATOMATADO,0.49999999999999994,-3.46,0.58,3.1900000000000004,0.42999999999999994,0.03,-2.81,3.7,3.09,0.76,-0.33,1.6400000000000001,-2.33,0.20999999999999996,-1.0899999999999999,0.21999999999999997,0.24
 ALHO,1.1399999999999997,0.0,-4.6499999999999995,-1.6,-0.15000000000000036,2.3200000000000003,7.130000000000001,0.9100000000000001,-5.4,3.15,-3.06,-2.73,3.79,0.64,4.54,-1.27,-0.28
 SAL,4.1,0.0,0.0,0.0,0.0,0.0,0.0,0.0,0.0,0.0,0.0,0.0,0.18999999999999995,2.21,-1.48,-2.9699999999999998,2.58
 COLORAU,0.0,0.0,0.0,0.0,0.0,0.0,0.0,5.35,0.0,0.0,0.0,0.0,0.0,0.0,0.0,0.0,5.35
 CALDO DE TUCUPI,0.0,0.0,0.0,0.0,0.0,0.0,0.7100000000000002,0.0,0.0,0.0,0.0,0.0,0.0,0.0,0.0,0.0,0.7100000000000002
 FERMENTO,0.0,-0.8999999999999999,0.0,0.0,0.0,0.0,0.0,0.0,0.0,-8.09,0.0,0.0,0.0,0.0,0.0,0.0,-5.0200000000000005
 MAIONESE,0.0,4.859999999999999,1.5,3.2699999999999996,-3.99,1.65,4.970000000000001,-1.91,0.0,-1.46,0.0,-2.44,1.19,0.31,0.0,0.0,-0.67
 VINAGRE,0.0,-0.08000000000000002,0.0,0.6799999999999999,-0.45999999999999996,0.45999999999999996,-1.24,0.0,1.96,0.0,0.0,0.0,0.0,0.0,-1.2599999999999998,0.9800000000000002,-0.10999999999999999
 CALDO CONCENTRADO,0.0,-0.23000000000000004,0.0,3.33,0.0,0.0,0.0,1.15,-3.53,0.0,0.06,-0.48,0.0,0.0,0.0,0.0,-0.08999999999999997
 TEMPERO MISTO,0.0,3.0700000000000003,-0.15,2.37,0.9500000000000001,-1.26,-0.79,3.9499999999999997,1.51,-2.42,-1.18,-1.99,2.21,0.9099999999999999,2.1399999999999997,-1.73,0.5299999999999999
 ALIMENTAÇÃO FORA DO DOMICÍLIO,0.3,1.1400000000000001,1.02,0.8099999999999999,0.37,1.09,1.49,0.45999999999999996,1.24,1.1099999999999999,0.44999999999999996,1.15,1.23,1.22,1.2200000000000002,0.5900000000000001,0.74
 ALIMENTAÇÃO FORA DO DOMICÍLIO,0.3,1.1400000000000001,1.02,0.8099999999999999,0.37,1.09,1.49,0.45999999999999996,1.24,1.1099999999999999,0.44999999999999996,1.15,1.23,1.22,1.2200000000000002,0.5900000000000001,0.74
 REFEIÇÃO,0.6599999999999999,1.44,1.1800000000000002,0.77,0.39999999999999997,1.25,1.37,0.37000000000000005,1.55,1.1099999999999999,0.26999999999999996,1.34,1.62,1.2200000000000002,1.63,-0.04,0.8400000000000001
 LANCHE,-0.23000000000000004,0.46,0.53,0.86,0.5,0.73,1.75,0.39,-0.050000000000000044,0.98,0.8,0.9099999999999999,0.84,1.6400000000000001,0.6099999999999999,2.09,0.5700000000000001
 REFRIGERANTE E ÁGUA MINERAL,0.4,0.6300000000000001,3.6399999999999997,1.62,-2.08,1.16,2.7600000000000002,3.4299999999999997,1.63,0.8699999999999999,0.72,2.5500000000000003,0.6,1.1500000000000001,2.48,-0.13,0.2899999999999999
 CAFEZINHO,0.0,-0.83,0.0,0.0,2.04,0.0,0.0,0.0,0.0,0.0,0.0,0.0,0.0,0.0,0.0,0.0,1.32
 CERVEJA,0.18999999999999995,2.11,1.58,0.77,-0.6500000000000001,1.15,1.03,1.2599999999999998,2.63,2.25,0.65,1.08,0.55,-0.84,0.9500000000000001,0.9,0.8400000000000001
 OUTRAS BEBIDAS ALCOÓLICAS,0.0,0.0,0.0,0.71,0.0,0.0,0.0,0.0,0.0,0.0,0.0,-1.1500000000000001,-1.07,0.0,1.3800000000000001,0.0,0.07999999999999985
 VINHO,-6.15,0.0,0.0,0.0,0.0,0.0,0.0,0.0,0.0,0.0,0.0,0.0,0.0,0.0,0.0,0.0,-6.15
 DOCES,0.0,0.0,0.0,0.0,0.0,0.0,0.0,0.0,0.0,0.0,-3.13,0.0,0.0,0.0,0.0,2.76,-2.0300000000000002
 SORVETE,0.0,0.0,0.0,0.0,1.8099999999999998,0.0,0.0,-0.22000000000000003,1.21,0.83,-0.25,0.0,2.12,0.8200000000000001,0.0,0.38,1.23
 HABITAÇÃO,0.32,0.19,1.6099999999999999,0.94,0.6,0.39,0.55,1.1600000000000001,-1.8299999999999998,0.38,-0.13,0.22,1.18,1.1199999999999999,4.0600000000000005,0.8999999999999999,0.52
 ENCARGOS E MANUTENÇÃO,0.73,0.3999999999999999,2.05,0.10999999999999999,1.09,0.84,-0.13999999999999996,0.78,0.76,0.32,0.19,0.29,2.25,-0.020000000000000018,6.3,1.07,0.9299999999999999
 ALUGUEL E TAXAS,0.98,0.57,2.66,0.18,1.12,0.8200000000000001,-0.10999999999999999,1.17,0.8400000000000001,0.44999999999999996,0.35000000000000003,0.44,2.5300000000000002,0.55,11.92,1.24,1.1
 ALUGUEL RESIDENCIAL,0.74,1.27,1.53,0.61,1.22,0.5700000000000001,0.39,0.89,1.05,0.39,0.19,0.33,1.24,0.61,0.45000000000000007,1.35,0.99
 CONDOMÍNIO,1.7200000000000002,0.29000000000000004,1.5899999999999999,-0.42999999999999994,1.61,1.6,-0.8399999999999999,3.77,1.25,1.3399999999999999,1.48,1.09,1.67,2.12,2.48,2.48,1.4100000000000001
 TAXA DE ÁGUA E ESGOTO,0.0,0.0,5.91,0.0,0.0,0.0,0.0,0.0,0.0,0.0,0.0,0.0,4.17,0.0,30.5,0.0,0.94
 MUDANÇA,0.0,0.0,0.0,0.0,0.0,0.0,0.0,0.0,0.0,0.0,0.0,0.0,-1.92,0.0,0.0,0.0,-1.92
 REPAROS,0.08000000000000002,1.03,0.52,1.65,1.63,1.07,-0.18,-0.49,0.65,0.8300000000000001,0.25,-0.24,1.23,0.15,0.78,1.65,0.99
 FERRAGENS,0.0,0.0,0.0,0.0,0.0,0.0,-0.74,0.0,0.0,0.0,-0.38,0.0,0.0,-2.36,0.0,0.0,-0.73
 MATERIAL DE ELETRICIDADE,0.0,0.0,0.0,0.0,0.0,1.2200000000000002,0.0,0.0,0.0,-0.7599999999999999,0.0,0.0,0.0,0.0,3.61,0.0,0.46
 VIDRO,0.0,0.0,0.0,0.0,0.0,-1.88,0.0,0.0,0.0,0.0,0.0,0.0,0.0,0.0,0.0,0.0,-1.88
 TINTA,-0.9799999999999999,1.73,0.62,-0.19000000000000006,0.5700000000000001,1.9100000000000001,-0.5900000000000001,1.74,2.12,1.6,0.54,-0.13,2.15,0.39,0.15000000000000002,-0.8999999999999999,0.6900000000000001
 REVESTIMENTO DE PISO E PAREDE,-1.51,0.9099999999999997,-1.48,4.07,5.07,0.0,-0.9,-3.1399999999999997,-2.14,0.25000000000000006,0.15000000000000036,-1.02,0.0,-2.55,-0.22000000000000008,3.0,1.91
 MADEIRA E TACO,0.0,-0.8600000000000001,0.0,0.0,0.0,0.0,0.0,-0.96,0.0,0.0,0.0,0.0,0.0,2.0599999999999996,-1.02,0.0,-0.74
 CIMENTO,0.0,0.0,0.0,1.3699999999999999,0.0,0.0,-1.78,-2.18,0.6600000000000001,0.0,0.0,-4.4399999999999995,-1.52,-2.62,1.22,0.0,-0.76
 TIJOLO,-0.030000000000000027,0.0,0.0,0.0,0.0,0.0,-1.71,0.0,0.0,0.0,-0.49,-0.15999999999999992,0.0,2.05,1.48,0.0,-0.19999999999999996
 MATERIAL HIDRÁULICO,0.0,0.0,0.0,0.0,-1.49,0.0,0.0,0.0,1.2600000000000002,0.0,0.0,0.0,0.5899999999999999,0.0,0.0,0.0,-1.1600000000000001
 MÃO DE OBRA,1.16,1.16,1.16,1.16,1.16,1.16,1.16,1.16,1.16,1.16,1.16,1.16,1.16,1.16,1.16,1.16,1.16
 AREIA,1.4300000000000002,0.0,0.0,0.0,0.0,0.0,0.0,0.0,0.0,0.0,-0.51,0.0,0.0,0.0,1.35,0.0,1.0299999999999998
 PEDRAS,0.0,0.0,0.0,0.0,0.0,0.0,0.0,0.0,0.0,0.0,0.0,0.0,0.0,6.17,0.0,0.0,6.17
 TELHA,0.0,0.36000000000000004,0.17000000000000004,1.37,0.0,0.0,1.28,0.0,0.0,-1.02,0.0,0.0,0.0,0.0,-0.83,0.0,0.08
 ARTIGOS DE LIMPEZA,-1.5,-1.98,-1.1600000000000001,-2.2,-0.2899999999999999,0.71,-0.23,-1.0,0.21000000000000002,-1.5899999999999999,-1.2,-0.54,1.21,-1.79,-1.17,-0.8800000000000001,-0.8400000000000001
 SACO PARA LIXO,0.0,-0.2400000000000001,0.0,0.0,0.0,0.0,0.0,0.0,0.0,0.0,0.0,0.0,1.62,0.0,0.0,0.0,0.13
 ÁGUA SANITÁRIA,-0.7200000000000002,-0.30000000000000027,-0.09000000000000008,-6.9399999999999995,-2.19,-3.5,-0.25,-0.85,1.0,0.0,0.040000000000000036,0.0,0.37,1.62,-0.7799999999999998,0.06000000000000005,-1.42
 DETERGENTE,0.59,-2.16,-3.15,-0.8199999999999998,0.5700000000000001,-0.22999999999999998,-3.37,0.57,3.21,-0.67,-0.7000000000000001,1.28,2.5100000000000002,-0.31,0.0,-0.9299999999999999,-0.26
 SABÃO EM PÓ,-4.9399999999999995,-0.5799999999999998,-0.22000000000000003,-2.4,0.07,3.89,-0.25,-1.7400000000000002,0.02999999999999997,-3.9299999999999997,-0.8200000000000001,-0.6500000000000001,1.4500000000000002,-2.29,-0.68,0.08000000000000007,-1.02
 DESINFETANTE,1.52,-1.17,1.05,-2.3899999999999997,0.10999999999999999,0.56,1.82,-2.72,-0.55,-1.43,-0.1100000000000001,-3.48,0.0,0.0,-1.11,0.0,-0.24000000000000002
 SABÃO EM BARRA,4.38,0.0,-1.67,-3.1,0.0,0.0,0.06000000000000005,-2.07,-0.21000000000000002,0.0,0.0,-3.2800000000000002,0.5499999999999998,-5.19,-2.23,-4.32,-0.89
 ESPONJA DE LIMPEZA,0.0,0.0,0.0,0.0,0.0,0.0,0.0,0.0,0.0,-0.2599999999999998,0.0,-1.9900000000000002,0.0,0.0,0.0,0.0,-0.4800000000000001
 SABÃO LÍQUIDO,0.0,0.0,0.0,0.0,0.0,-0.16000000000000003,0.0,0.0,0.0,-2.56,0.0,0.0,0.0,0.0,0.0,0.43,-1.5899999999999999
 LIMPADOR MULTIUSO,0.0,-0.4600000000000004,0.0,0.0,1.65,-0.06000000000000005,0.0,0.0,0.0,-0.71,0.0,0.0,0.0,0.0,0.0,0.0,0.9500000000000001
 PAPEL TOALHA,-3.3500000000000005,0.0,0.0,0.0,0.0,0.0,0.0,0.0,0.0,0.0,0.0,0.0,0.0,0.0,0.0,0.0,-3.3500000000000005
 AMACIANTE E ALVEJANTE,0.4099999999999999,-3.73,-2.08,1.0000000000000002,-1.61,-0.22999999999999998,0.99,0.31999999999999995,-3.0599999999999996,1.23,-2.7,0.36000000000000004,0.3600000000000001,-0.18,-1.6700000000000004,-2.67,-1.3099999999999998
 COMBUSTÍVEIS E ENERGIA,-0.30000000000000004,-0.18999999999999997,0.94,2.05,-0.67,-0.7899999999999999,1.0899999999999999,1.75,-5.109999999999999,0.48999999999999994,-0.6699999999999997,0.11000000000000001,-0.03,1.82,2.2,0.63,-0.22
 COMBUSTÍVEIS (DOMÉSTICOS),-0.99,0.8099999999999999,0.75,0.77,0.030000000000000027,1.6800000000000002,-0.31,1.82,3.12,0.32000000000000006,0.96,-0.58,-0.13,0.44000000000000006,2.59,2.08,0.56
 CARVÃO VEGETAL,0.0,0.0,0.0,0.0,0.0,0.0,0.55,0.0,0.0,0.0,0.0,0.0,0.0,0.0,5.1899999999999995,0.0,2.87
 GÁS DE BOTIJÃO,-0.65,0.8099999999999999,0.75,0.77,-0.29000000000000004,1.6800000000000002,-0.34,1.82,3.12,2.4400000000000004,0.96,-0.58,-0.13,0.44000000000000006,2.41,2.08,0.78
 GÁS ENCANADO,-1.66,0.0,0.0,0.0,1.04,0.0,0.0,0.0,0.0,-8.99,0.0,0.0,0.0,0.0,0.0,0.0,-1.18
 ENERGIA ELÉTRICA RESIDENCIAL,-0.11,-0.52,1.01,2.54,-0.91,-1.34,1.51,1.72,-8.709999999999999,0.5800000000000001,-1.19,0.30000000000000004,0.0,2.29,2.0,0.0,-0.5
 ENERGIA ELÉTRICA RESIDENCIAL,-0.11,-0.52,1.01,2.54,-0.91,-1.34,1.51,1.72,-8.709999999999999,0.5800000000000001,-1.19,0.30000000000000004,0.0,2.29,2.0,0.0,-0.5
 ARTIGOS DE RESIDÊNCIA,-0.10999999999999999,-0.41000000000000003,1.25,-0.39,0.38,-0.73,0.94,1.46,-0.33999999999999997,-0.5900000000000001,-0.56,-0.020000000000000004,-0.48,0.67,0.31999999999999995,0.76,0.15
 MÓVEIS E UTENSÍLIOS,-0.44000000000000006,-0.6599999999999999,1.76,-1.48,0.0,-1.52,0.96,1.67,-0.54,-0.39,-1.0,0.03,0.039999999999999994,-0.24,0.07999999999999996,1.6099999999999999,-0.03
 MOBILIÁRIO,0.47,-0.26,2.24,-1.31,0.28,-1.2800000000000002,3.3200000000000003,2.45,-0.99,-0.7999999999999999,-1.55,-0.75,-0.31000000000000005,0.10000000000000003,0.08999999999999997,2.9,0.24
 MÓVEL PARA SALA,1.4700000000000002,-0.95,3.51,0.029999999999999916,0.7000000000000001,-1.3599999999999999,1.68,0.92,-2.27,-0.8300000000000001,0.1399999999999999,1.49,-3.67,-0.75,2.71,2.94,0.51
 MÓVEL PARA QUARTO,-0.26,1.87,1.46,-2.46,-0.050000000000000044,-1.08,5.54,2.65,-1.9900000000000002,0.22999999999999976,-3.5999999999999996,-2.0500000000000003,0.31999999999999984,0.030000000000000027,0.8,4.4399999999999995,0.19
 MÓVEL PARA COPA E COZINHA,-0.1200000000000001,-1.74,2.0100000000000002,2.09,0.27,-1.76,1.27,3.55,2.33,-2.98,-2.36,-0.51,2.22,2.56,-4.26,0.30000000000000004,-0.12
 MÓVEL INFANTIL,0.0,0.0,0.0,-3.4,0.0,0.0,0.0,4.67,0.8899999999999999,1.08,2.96,0.0,-2.0799999999999996,-1.5200000000000002,-0.4999999999999998,-0.65,0.69
 COLCHÃO,0.0,-1.3499999999999999,1.83,0.0,0.0,0.0,0.0,0.0,0.0,0.0,0.0,0.0,0.0,0.0,0.0,0.0,0.19
 UTENSÍLIOS E ENFEITES,-2.75,-0.71,0.81,-0.35,-0.6199999999999999,-0.6799999999999999,-1.08,-1.3599999999999999,0.6799999999999999,-0.030000000000000027,0.39,1.02,1.51,-1.81,1.14,-1.95,-0.4
 ARTIGOS DE ILUMINAÇÃO,-7.23,-0.73,-1.25,-2.1,-1.62,0.09999999999999998,-2.6900000000000004,-2.33,0.39999999999999997,-1.71,0.0,0.0,0.38,0.0,1.91,-3.28,-1.69
 TAPETE,1.14,-3.4,0.0,0.0,-1.67,1.59,-1.42,0.0,-1.89,0.18999999999999995,1.59,2.31,-0.79,0.0,0.0,0.0,-0.81
 CORTINA,-4.91,2.07,2.5700000000000003,-0.9800000000000001,4.12,2.29,0.0,-4.74,0.8500000000000001,-1.69,-0.97,5.03,0.0,0.0,0.0,0.0,1.01
 UTENSÍLIOS DE METAL,-1.1400000000000001,1.4,0.9899999999999999,0.28,-1.8900000000000001,-1.54,1.14,-1.6900000000000002,1.9100000000000001,0.98,2.18,-0.9099999999999999,3.7199999999999998,-3.9699999999999998,3.14,-1.8800000000000001,-0.14999999999999997
 UTENSÍLIOS DE VIDRO E LOUÇA,0.0,0.0,0.18,1.78,-0.7799999999999998,-4.96,-2.02,1.0,0.8100000000000003,1.31,0.0,-5.49,-1.29,3.01,-4.17,1.0499999999999998,-0.5900000000000001
 UTENSÍLIOS DE PLÁSTICO,0.0,0.0,0.0,0.0,0.0,0.0,-1.67,0.0,0.0,0.0,0.25,0.0,0.0,0.0,0.33000000000000007,-3.9000000000000004,-0.96
 FLORES NATURAIS,0.0,-7.08,0.0,0.0,0.0,0.0,0.0,0.0,0.0,0.0,0.0,0.0,0.0,0.0,0.0,0.0,-7.08
 UTENSÍLIOS PARA BEBÊ,0.0,0.0,0.28,-1.42,0.0,0.0,0.0,3.09,0.0,0.0,-2.34,1.03,-0.30000000000000004,1.92,0.0,0.0,-0.30000000000000004
" CAMA, MESA E BANHO",-0.07000000000000006,-2.76,1.06,-5.390000000000001,-0.62,-5.18,-6.140000000000001,1.07,-0.72,1.2200000000000002,-2.0,2.0,-1.2200000000000002,1.35,-1.79,0.89,-0.9299999999999999
 ROUPA DE CAMA,-0.07000000000000006,-2.76,1.06,-6.41,-0.62,-5.18,-6.140000000000001,1.0,-0.72,1.2200000000000002,-2.0,2.0,-0.24,1.47,-1.79,0.89,-0.9199999999999999
 ROUPA DE BANHO,0.0,0.0,0.0,-2.56,0.0,0.0,0.0,1.27,0.0,0.0,0.0,0.0,-3.4699999999999998,0.86,0.0,0.0,-1.26
 APARELHOS ELETROELETRÔNICOS,-0.12,-0.4800000000000001,0.64,0.9999999999999999,0.8699999999999999,-0.040000000000000036,0.79,1.46,-0.41000000000000003,-1.01,0.05999999999999994,-0.52,-1.42,1.54,0.30999999999999994,-0.10000000000000009,0.27
 ELETRODOMÉSTICOS E EQUIPAMENTOS,-0.020000000000000018,-0.020000000000000018,0.42999999999999994,1.5300000000000002,0.010000000000000009,0.030000000000000027,0.52,2.22,-0.8300000000000001,-1.3599999999999999,0.7999999999999999,0.6200000000000001,0.30999999999999983,2.63,0.19000000000000017,-0.19999999999999996,0.1100000000000001
 REFRIGERADOR,0.41000000000000003,2.06,0.8000000000000003,2.73,0.62,2.04,-0.43,2.82,1.51,-0.6599999999999999,1.96,3.7,1.1099999999999999,1.66,-1.26,1.58,1.01
 AR-CONDICIONADO,2.6099999999999994,-6.52,0.0,3.74,-5.12,-0.47000000000000064,4.8100000000000005,-1.08,0.8799999999999999,5.9799999999999995,4.279999999999999,-0.8699999999999997,-2.76,1.7400000000000002,0.0,0.1200000000000001,-1.25
 MÁQUINA DE LAVAR ROUPA,-2.4699999999999998,-0.95,-1.1400000000000001,-0.6000000000000001,1.6900000000000002,-0.91,0.72,3.66,-1.7899999999999998,-3.69,-2.7,-1.9300000000000002,-2.57,3.01,0.5299999999999999,-1.07,-0.37
 VENTILADOR,0.0,0.0,0.0,4.39,0.0,0.0,-0.48,4.4399999999999995,0.0,0.0,0.0,0.0,5.34,4.199999999999999,3.57,-0.6600000000000001,3.01
 FOGÃO,-0.52,5.1899999999999995,2.08,-2.23,-0.3600000000000003,-2.9400000000000004,0.8999999999999999,0.6900000000000004,-5.93,-3.27,-1.47,0.020000000000000018,1.96,4.77,-0.029999999999999805,-3.3699999999999997,-0.4099999999999999
 CHUVEIRO ELÉTRICO,0.0,0.0,-0.53,0.0,0.0,0.0,0.0,0.0,0.0,0.0,0.0,0.0,0.0,0.0,0.0,0.0,-0.53
" TV, SOM E INFORMÁTICA",-0.21999999999999997,-1.23,0.96,0.33999999999999997,2.09,-0.12000000000000002,1.1500000000000001,0.5399999999999998,0.32000000000000006,-0.47,-1.2799999999999998,-2.4,-4.82,-1.07,0.5,0.009999999999999787,0.52
 TELEVISOR,-0.36,-1.8199999999999998,-0.19999999999999996,-1.7200000000000002,2.32,-2.25,2.16,0.45999999999999996,0.7,0.73,2.05,-4.1899999999999995,-4.85,-2.99,1.08,-0.96,0.5
 APARELHO DE SOM,0.0,0.0,0.0,0.33999999999999997,0.0,0.0,0.0,0.0,0.26,0.0,0.0,0.0,0.0,0.0,0.5,0.009999999999999787,0.29999999999999993
 VIDEOGAME (CONSOLE),0.0,0.0,0.0,-0.5,0.0,0.0,0.0,0.0,0.0,0.0,0.0,0.0,0.0,0.0,0.0,0.0,-0.5
 COMPUTADOR PESSOAL,0.040000000000000036,0.0,2.84,3.1799999999999997,1.73,1.98,-0.77,0.64,-0.42000000000000004,-2.09,-5.449999999999999,0.7899999999999999,-4.72,2.8800000000000003,-1.53,1.56,0.5599999999999999
 CONSERTOS E MANUTENÇÃO,1.5899999999999999,2.06,1.04,-1.1700000000000002,0.22999999999999998,1.3,1.56,0.030000000000000027,1.8900000000000001,0.02,-1.17,1.98,1.32,0.14000000000000012,1.99,-0.020000000000000018,0.6
 CONSERTOS E MANUTENÇÃO,1.5899999999999999,2.06,1.04,-1.1700000000000002,0.22999999999999998,1.3,1.56,0.030000000000000027,1.8900000000000001,0.02,-1.17,1.98,1.32,0.14000000000000012,1.99,-0.020000000000000018,0.6
 CONSERTO DE REFRIGERADOR,0.0,1.92,0.0,0.7000000000000002,0.0,0.0,0.21,0.0,4.57,0.0,-1.86,0.0,0.0,0.0,0.0,0.0,0.5
 CONSERTO DE TELEVISOR,0.0,0.0,0.0,0.0,0.0,0.0,3.44,0.0,0.0,0.0,0.0,0.0,0.0,0.0,0.0,0.0,3.44
 CONSERTO DE MÁQUINA DE LAVAR ROUPA,0.0,0.9800000000000001,0.0,0.0,0.0,0.0,0.0,0.0,0.0,0.0,0.0,0.0,0.0,0.0,0.0,0.0,0.9800000000000001
 REFORMA DE ESTOFADO,-1.02,4.63,-1.8199999999999998,0.010000000000000009,0.8600000000000001,2.59,0.0,0.0,0.56,0.0,0.0,0.0,1.5799999999999998,1.9300000000000002,0.0,-0.7,0.7699999999999999
 CONSERTO DE APARELHO CELULAR,0.0,1.68,-1.91,-0.5,-3.16,-0.48,-2.61,3.6900000000000004,0.69,2.21,-0.15999999999999998,2.18,-3.65,-1.1199999999999999,2.27,-0.3500000000000001,-0.49
 CONSERTO DE BICICLETA,2.04,1.8,3.5100000000000002,-3.62,0.5000000000000001,0.55,4.35,-2.07,2.86,-0.54,-1.1900000000000002,2.16,4.58,0.1299999999999999,2.89,0.7500000000000001,0.86
 VESTUÁRIO,-1.24,-0.59,-0.5,-0.75,0.020000000000000018,-2.49,0.72,-1.31,-1.3,1.05,0.32000000000000006,-1.0,1.13,-0.43000000000000005,0.81,-0.18,-0.3
 ROUPAS,-1.63,-1.22,-0.94,-1.33,-0.09000000000000002,-3.1799999999999997,0.64,-2.45,-1.65,0.66,0.26,-1.9300000000000002,0.76,-1.09,0.4,-0.6699999999999999,-0.67
 ROUPA MASCULINA,-0.9900000000000002,0.030000000000000006,-0.06000000000000005,-1.79,0.5,-2.1,0.69,-2.1,-1.69,0.06999999999999995,1.22,-2.48,0.8200000000000001,-0.75,1.63,-0.21999999999999997,-0.2
 CALÇA COMPRIDA MASCULINA,-0.6499999999999999,0.08000000000000007,-0.050000000000000044,-2.4899999999999998,-0.5700000000000001,-3.1799999999999997,-0.33999999999999997,-0.94,-1.27,-0.97,-0.12,-4.49,0.4899999999999999,-3.44,2.95,-0.59,-0.73
 AGASALHO MASCULINO,0.0,0.030000000000000006,0.0,0.0,0.0,0.0,0.0,0.0,0.0,1.4500000000000002,0.0,0.0,0.0,0.0,0.0,0.0,0.53
 BERMUDA/SHORT MASCULINO,-0.86,0.38,-1.17,-1.98,-2.59,-0.89,1.9300000000000002,0.9600000000000001,-2.5,0.38,1.87,-1.0999999999999999,-0.94,-0.97,-1.01,-2.0900000000000003,-0.98
 CUECA,0.0,0.0,0.0,0.0,0.0,0.0,-0.6699999999999999,0.0,0.0,0.0,0.0,0.0,0.0,0.48000000000000004,2.0,0.0,0.10999999999999999
 CAMISA/CAMISETA MASCULINA,-1.09,-0.040000000000000036,0.21999999999999997,-1.3399999999999999,1.64,-1.8099999999999998,0.8600000000000001,-3.75,-1.4499999999999997,0.42,1.81,-2.08,1.4400000000000002,0.96,2.67,0.69,0.24
 ROUPA FEMININA,-2.1100000000000003,-2.17,-1.95,-1.42,-0.66,-4.65,1.75,-3.4,-1.44,0.6399999999999999,-0.07,-2.5,0.14,-1.89,-1.05,-2.16,-1.2
 CALÇA COMPRIDA FEMININA,-4.890000000000001,0.23000000000000004,-4.25,-3.54,-1.9900000000000002,-4.68,2.51,-4.6899999999999995,-3.4,0.97,0.47,-2.51,-2.27,-2.33,-3.6100000000000003,-2.62,-2.08
 AGASALHO FEMININO,0.0,-2.17,1.5899999999999999,0.0,0.0,0.0,0.0,0.0,0.0,0.3700000000000001,0.0,0.0,0.14,0.0,0.0,0.0,-0.59
 SAIA,0.0,0.0,0.0,-3.01,0.0,0.0,2.39,0.0,0.0,0.0,0.0,0.0,0.0,-4.6899999999999995,-0.4999999999999999,0.6400000000000001,-0.53
 VESTIDO,-3.81,-4.59,-1.67,0.8899999999999999,-1.54,-5.5600000000000005,-0.74,-5.35,-1.05,-1.6600000000000001,-1.6500000000000001,-2.9699999999999998,-0.29000000000000004,-0.73,-0.9400000000000002,-2.66,-2.14
 BLUSA,0.2899999999999998,-3.37,-1.0799999999999998,-1.3800000000000001,-0.03999999999999998,-4.09,3.4,-3.2,-2.3,1.47,-0.20000000000000007,-2.8800000000000003,1.29,-2.1,-0.4700000000000001,-3.71,-0.73
 LINGERIE,0.0,-1.56,-0.6299999999999999,-0.9100000000000001,2.3,0.0,2.51,-2.03,1.9500000000000002,0.33999999999999997,-0.69,0.0,2.12,-1.65,0.58,1.98,0.9099999999999999
 BERMUDA/SHORT FEMININO,-2.05,0.0,-2.44,-1.38,0.0,0.0,1.26,0.10000000000000009,0.15999999999999992,0.84,2.76,1.0899999999999999,1.8399999999999999,-1.8,0.039999999999999813,1.0399999999999998,-0.17
 ROUPA INFANTIL,-1.79,-1.32,-0.08000000000000007,-0.030000000000000027,0.07,-1.73,-2.0,-0.52,-2.0,1.73,-0.97,0.37,1.95,-0.15,0.66,1.87,-0.35
 UNIFORME ESCOLAR,0.0,0.0,4.81,4.97,4.109999999999999,2.7600000000000002,-2.0100000000000002,3.0700000000000003,0.0,0.52,2.59,3.88,0.0,0.0,5.52,5.07,2.85
 CALÇA COMPRIDA INFANTIL,0.0,-1.67,-3.39,0.0,-1.26,-1.28,0.0,0.0,-0.7899999999999999,3.97,1.12,0.0,3.58,-2.1500000000000004,0.18,0.0,-0.75
 AGASALHO INFANTIL,0.0,-1.32,0.0,0.0,0.0,0.0,0.0,0.0,0.0,0.0,0.0,0.0,0.0,0.0,0.0,0.0,-1.32
 VESTIDO INFANTIL,-4.05,-1.47,-0.5900000000000001,-5.75,0.0,-5.46,-2.5,-2.08,-3.9699999999999998,0.0,-1.53,-2.99,1.79,-0.3600000000000001,-2.1100000000000003,0.72,-2.5500000000000003
 BERMUDA/SHORT INFANTIL,-0.82,0.0,0.0,3.0,-2.16,0.0,0.9000000000000001,-2.45,-1.81,0.0,0.0,0.9900000000000001,1.1700000000000002,-0.7999999999999999,1.8599999999999999,0.8299999999999998,-0.98
 CAMISA/CAMISETA INFANTIL,-1.3900000000000001,0.47999999999999987,-0.6399999999999999,0.77,0.4,-4.28,-3.6799999999999997,-1.1,-0.5399999999999999,2.25,-3.94,0.9199999999999999,2.2600000000000002,-1.35,0.37,1.41,-0.15000000000000002
 CONJUNTO INFANTIL,-2.37,-3.73,0.30000000000000004,-1.9400000000000002,-1.04,-2.1799999999999997,-0.9,0.1299999999999999,-2.67,0.68,-2.4299999999999997,-0.42000000000000004,1.3399999999999999,4.02,-1.2200000000000002,0.41999999999999993,-1.1600000000000001
 CALÇADOS E ACESSÓRIOS,-0.18,0.73,0.54,0.5,0.45,-1.22,0.8699999999999999,0.7699999999999999,-0.41,2.1500000000000004,0.7799999999999999,1.53,2.02,1.46,1.59,0.69,0.59
 CALÇADOS E ACESSÓRIOS,-0.18,0.73,0.54,0.5,0.45,-1.22,0.8699999999999999,0.7699999999999999,-0.41,2.1500000000000004,0.7799999999999999,1.53,2.02,1.46,1.59,0.69,0.59
 SAPATO MASCULINO,-2.07,-2.16,0.029999999999999805,0.96,0.98,2.59,3.4299999999999997,1.34,1.88,0.30000000000000004,3.1399999999999997,2.45,1.12,1.81,1.77,0.030000000000000027,0.84
 SAPATO FEMININO,0.81,1.06,2.3899999999999997,-0.8899999999999999,-0.32,-1.13,1.76,0.45000000000000007,-3.1399999999999997,2.6700000000000004,0.56,0.06999999999999995,1.7199999999999998,1.21,3.71,-0.5299999999999999,0.54
 SAPATO INFANTIL,0.0,0.0,0.0,5.300000000000001,0.0,0.0,0.8999999999999999,0.0,2.9400000000000004,-0.91,-1.2600000000000002,0.0,0.9100000000000001,2.06,1.92,2.48,1.4
 BOLSA,-1.12,2.15,-1.01,1.9200000000000002,0.0,-3.84,-1.0,-2.6500000000000004,-1.29,1.05,0.08000000000000007,0.0,4.22,4.4,-0.9199999999999999,-2.98,-0.36
 MOCHILA,0.0,0.0,0.0,2.4000000000000004,0.0,0.0,0.7599999999999999,0.7200000000000001,0.0,0.0,0.0,0.0,0.0,2.3,-1.42,0.0,0.8099999999999999
 TÊNIS,-0.36,1.53,0.040000000000000036,-0.20999999999999996,1.1300000000000001,-1.7899999999999998,-1.35,1.54,1.5899999999999999,2.99,1.62,2.38,3.2399999999999998,2.45,3.5700000000000003,2.8600000000000003,1.08
 SANDÁLIA/CHINELO,0.73,-1.06,0.3699999999999999,-0.12999999999999995,-1.28,-2.75,-0.6000000000000001,1.1,-3.2600000000000002,2.41,-1.9100000000000001,0.30000000000000004,0.51,-2.5,0.3899999999999999,0.5700000000000001,-0.52
 JOIAS E BIJUTERIAS,-1.85,0.9000000000000001,0.2,-0.7,-0.6300000000000001,-0.5800000000000001,1.12,4.12,-1.39,1.4,-0.47,-0.6799999999999999,1.46,-0.24,1.69,1.63,-0.030000000000000027
 JOIAS E BIJUTERIAS,-1.85,0.9000000000000001,0.2,-0.7,-0.6300000000000001,-0.5800000000000001,1.12,4.12,-1.39,1.4,-0.47,-0.6799999999999999,1.46,-0.24,1.69,1.63,-0.030000000000000027
 BIJUTERIA,0.0,0.0,0.97,0.0,0.0,-1.0100000000000002,0.0,0.0,-0.18999999999999995,0.0,0.0,0.0,0.0,0.0,0.0,0.22,0.17999999999999994
 JOIA,-2.19,1.3,-0.15,-0.9799999999999999,-0.08000000000000007,-0.3999999999999999,1.3,3.4299999999999997,0.0,1.6,-0.6199999999999999,-0.9800000000000001,1.46,-1.31,2.15,3.65,0.19000000000000006
 RELÓGIO DE PULSO,-1.1300000000000001,-0.10000000000000009,0.0,-0.2899999999999998,-2.37,0.0,0.67,5.41,-2.7800000000000002,0.79,0.22999999999999998,-0.020000000000000018,0.0,0.42999999999999994,0.3400000000000001,0.30000000000000004,-0.75
 TECIDOS E ARMARINHO,-3.71,-0.3600000000000003,0.30000000000000004,0.1499999999999999,-0.7,0.92,0.31999999999999995,-1.57,-1.2,-2.31,-1.55,-0.25,-0.79,-4.4,2.37,3.87,-0.56
 TECIDOS E ARMARINHO,-3.71,-0.3600000000000003,0.30000000000000004,0.1499999999999999,-0.7,0.92,0.31999999999999995,-1.57,-1.2,-2.31,-1.55,-0.25,-0.79,-4.4,2.37,3.87,-0.56
 TECIDO,-3.71,-0.4299999999999997,0.26,0.1499999999999999,-1.1,0.92,0.31999999999999995,-1.57,-1.2,-3.87,-1.19,-0.63,-0.79,-4.4,2.37,3.87,-0.6699999999999999
 ARTIGOS DE ARMARINHO,0.0,-0.25,0.37,0.0,0.20999999999999996,0.0,0.0,0.0,0.0,0.20000000000000018,-2.42,0.3899999999999999,0.0,0.0,0.0,0.0,-0.030000000000000027
 TRANSPORTES,0.56,-1.05,0.57,0.9500000000000001,-0.29999999999999993,-1.5499999999999998,-1.22,-0.38999999999999996,0.45000000000000007,1.04,1.82,-0.56,0.2799999999999999,-1.05,1.5699999999999998,2.2399999999999998,0.06999999999999995
 TRANSPORTES,0.56,-1.05,0.57,0.9500000000000001,-0.29999999999999993,-1.5499999999999998,-1.22,-0.38999999999999996,0.45000000000000007,1.04,1.82,-0.56,0.2799999999999999,-1.05,1.5699999999999998,2.2399999999999998,0.06999999999999995
 TRANSPORTE PÚBLICO,-2.13,-10.94,-1.8800000000000001,-4.92,-5.01,-17.05,-8.96,-5.4399999999999995,-4.43,-9.91,-10.98,-9.59,-6.57,-13.879999999999999,-2.5599999999999996,-5.12,-6.12
 ÔNIBUS URBANO,0.0,0.0,15.89,0.0,-2.9700000000000006,0.0,0.0,0.0,0.0,0.0,0.0,4.49,0.0,7.23,0.0,0.0,0.9899999999999999
 TÁXI,4.2,0.0,5.9,0.0,0.0,0.0,0.0,0.0,4.6,0.0,0.0,0.0,0.0,0.0,0.0,0.0,1.8900000000000001
 TREM,-3.65,0.0,0.0,0.0,13.540000000000001,0.0,0.0,0.0,0.0,0.0,0.0,0.0,0.0,0.0,0.0,0.0,5.23
 ÔNIBUS INTERMUNICIPAL,2.61,1.49,-0.5300000000000001,1.61,13.52,0.0,-1.4100000000000001,0.0,2.7800000000000002,13.27,0.09999999999999998,5.32,-0.57,0.03,2.9299999999999997,0.0,5.49
 ÔNIBUS INTERESTADUAL,0.5799999999999996,0.0,4.17,8.33,-1.67,-1.15,3.7699999999999996,0.53,1.61,4.49,1.11,2.45,5.119999999999999,-2.7200000000000006,-0.74,-0.45999999999999996,1.23
 PASSAGEM AÉREA,-15.27,-32.3,-37.28,-24.12,-18.619999999999997,-31.36,-33.739999999999995,-29.58,-29.33,-27.78,-40.269999999999996,-33.77,-33.81,-36.03,-30.509999999999998,-25.17,-25.93
 METRÔ,0.0,0.0,0.0,0.0,13.540000000000001,0.0,0.0,0.0,0.0,0.0,0.0,0.0,0.0,0.0,0.0,0.0,7.54
 TRANSPORTE ESCOLAR,0.0,0.0,0.51,4.74,4.07,1.05,0.0,0.0,7.6,5.26,0.0,4.04,1.61,0.0,0.0,0.24,3.11
 TRANSPORTE POR APLICATIVO,-0.11000000000000032,-8.31,-8.969999999999999,0.5900000000000007,-11.98,1.6,0.0,-5.02,4.029999999999999,0.0,0.18999999999999995,-11.97,-4.33,0.0,-1.4500000000000002,-4.38,-6.1
 INTEGRAÇÃO TRANSPORTE PÚBLICO,0.0,0.0,0.0,0.0,3.0199999999999996,0.0,0.0,0.0,0.0,0.0,0.0,0.0,0.0,0.0,0.0,0.0,3.0199999999999996
 VEÍCULO PRÓPRIO,0.77,0.1,0.84,-0.16999999999999998,0.52,0.8999999999999999,0.56,0.4,1.1,0.64,0.29,0.51,0.06999999999999995,-0.03,1.5499999999999998,0.43000000000000005,0.55
 AUTOMÓVEL NOVO,0.32999999999999996,0.0,1.01,1.21,1.1099999999999999,-0.16,0.75,1.31,0.74,1.33,-0.18000000000000002,0.15000000000000002,2.1,0.46,-0.43,1.49,0.81
 EMPLACAMENTO E LICENÇA,-0.24,0.48,-0.32,-3.9299999999999997,-0.04,1.64,-0.26,-0.25,0.78,-0.56,-1.44,-0.18,-0.24,-0.24,1.64,-0.2,-0.19
 SEGURO VOLUNTÁRIO DE VEÍCULO,1.68,-1.28,1.2700000000000005,-4.88,1.5499999999999998,2.48,5.4,0.9700000000000001,1.2000000000000002,0.3500000000000001,0.20000000000000018,3.58,-4.73,1.1,1.1,-5.32,0.95
 MULTA,0.0,0.0,0.0,0.0,0.0,0.0,0.0,0.0,0.0,0.0,0.0,0.0,0.0,0.0,0.0,0.0,0.0
 ÓLEO LUBRIFICANTE,0.0,-2.33,-0.52,-0.79,1.89,-0.54,-1.36,-0.64,-0.42000000000000004,1.9899999999999998,1.1099999999999999,0.0,2.59,-2.73,-1.8299999999999998,1.31,0.25
 ACESSÓRIOS E PEÇAS,-0.31000000000000005,-0.44,-0.36,0.050000000000000044,1.52,1.93,-0.42000000000000004,0.11999999999999988,3.1500000000000004,1.1,-0.25,0.020000000000000018,0.49,-3.7800000000000002,0.3699999999999999,1.77,0.78
 PNEU,0.0,-1.1600000000000001,-0.16999999999999993,-0.24,-1.0300000000000002,-2.17,-3.7300000000000004,-3.9399999999999995,-0.09000000000000002,-0.3500000000000001,-0.9500000000000001,-1.17,1.0899999999999999,0.6099999999999999,0.8300000000000001,-0.8300000000000001,-0.98
 CONSERTO DE AUTOMÓVEL,3.58,0.6,3.14,0.8999999999999999,-1.1300000000000001,1.8199999999999998,3.55,0.8300000000000001,0.99,1.95,3.7800000000000002,1.85,-0.6399999999999999,-0.57,2.3,1.67,1.02
 ESTACIONAMENTO,0.0,-1.03,0.0,0.0,3.08,0.0,0.0,0.0,4.15,1.02,0.0,0.0,0.0,0.0,0.0,0.0,2.52
 PEDÁGIO,0.0,0.77,0.0,0.0,0.0,0.0,0.0,0.0,0.0,3.24,0.0,0.0,0.0,0.0,0.0,0.0,0.5800000000000001
 AUTOMÓVEL USADO,0.81,0.42000000000000004,0.12,0.0,0.87,0.97,-0.56,-0.43,0.040000000000000036,-0.15,0.18000000000000002,-0.24000000000000002,-1.81,-0.49,0.51,-1.4100000000000001,0.33
 PINTURA DE VEÍCULO,0.0,0.0,1.7400000000000002,-0.96,0.0,0.0,0.0,0.0,1.1,0.0,0.0,0.0,0.0,0.0,0.0,0.0,0.95
 ALUGUEL DE VEÍCULO,3.7300000000000004,0.0,0.0,0.0,0.0,0.0,3.38,0.0,17.49,0.0,0.0,0.0,0.0,0.0,0.0,0.0,8.69
 MOTOCICLETA,2.35,-0.33000000000000007,1.2200000000000002,3.4099999999999997,1.65,2.65,1.96,0.43999999999999995,2.2,0.43,2.5,1.8699999999999999,2.99,0.91,4.24,1.08,1.7000000000000002
 COMBUSTÍVEIS (VEÍCULOS),3.08,2.0700000000000003,1.4300000000000002,6.46,0.6300000000000001,3.54,-0.020000000000000018,0.86,3.0,4.94,7.8100000000000005,1.2799999999999998,2.1,1.3599999999999999,3.8499999999999996,10.93,2.54
 GASOLINA,2.66,2.19,1.62,6.74,0.6600000000000001,3.9400000000000004,0.040000000000000036,1.02,2.9499999999999997,4.87,7.34,1.4200000000000002,2.29,1.3199999999999998,4.359999999999999,11.29,2.62
 ETANOL,1.8299999999999998,0.0,1.77,5.79,0.9900000000000002,-1.94,0.0,0.0,1.8200000000000003,6.84,13.38,0.0,1.6999999999999993,0.0,0.0,0.0,2.9699999999999998
 ÓLEO DIESEL,-0.04999999999999993,-1.24,-2.05,-2.19,-2.0,-2.0,-1.83,-1.76,4.84,0.07999999999999996,-1.46,-1.06,-1.48,1.72,-2.59,1.8400000000000003,-0.86
 GÁS VEICULAR,6.340000000000001,0.0,0.0,0.0,0.0,0.0,0.0,0.45999999999999996,0.0,0.0,0.0,0.0,0.0,0.0,0.0,0.0,6.08
 SAÚDE E CUIDADOS PESSOAIS,1.53,0.95,1.6600000000000001,1.74,1.6099999999999999,1.5099999999999998,1.33,2.08,1.83,1.0899999999999999,1.15,1.5,0.76,1.37,0.73,1.14,1.48
 PRODUTOS FARMACÊUTICOS E ÓTICOS,2.62,0.09999999999999998,1.48,2.0300000000000002,1.3199999999999998,1.68,1.22,3.26,2.05,0.35,-0.18,0.82,-0.10999999999999999,1.95,-0.37,0.17999999999999994,1.28
 PRODUTOS FARMACÊUTICOS,2.62,-0.050000000000000044,1.33,2.0100000000000002,0.99,1.85,1.28,3.7199999999999998,2.02,0.39,-0.15000000000000002,0.73,0.24,2.25,-0.79,0.13000000000000012,1.18
 ANTI-INFECCIOSO E ANTIBIÓTICO,0.5900000000000001,1.6400000000000001,2.31,1.6199999999999999,-0.21000000000000002,2.88,-2.2,4.1,1.09,1.11,2.5200000000000005,0.37,0.16999999999999993,2.5,0.5900000000000001,-3.21,0.9299999999999999
 ANALGÉSICO E ANTITÉRMICO,2.1,0.5899999999999999,0.1100000000000001,1.8800000000000001,2.4699999999999998,2.0999999999999996,1.12,3.14,0.4000000000000001,1.6,-0.29,-1.97,0.5599999999999998,1.5599999999999998,1.98,1.3499999999999999,1.4300000000000002
 ANTI-INFLAMATÓRIO E ANTIRREUMÁTICO,0.8200000000000001,-4.0600000000000005,0.66,4.109999999999999,5.3100000000000005,0.9,0.36,2.45,2.6599999999999997,-0.040000000000000036,0.76,4.18,1.5300000000000002,4.5200000000000005,-4.78,1.52,1.46
 ANTIGRIPAL E ANTITUSSÍGENO,1.23,1.6900000000000002,1.12,3.2199999999999998,0.2899999999999999,1.6800000000000002,0.49000000000000005,4.17,2.1399999999999997,-0.8799999999999999,-0.04999999999999993,1.76,2.75,2.36,2.5999999999999996,2.4499999999999997,0.97
 DERMATOLÓGICO,3.2600000000000002,2.9,0.9,1.4100000000000001,0.71,1.23,0.0,1.98,2.4299999999999997,0.54,0.0,0.21,2.23,1.56,-4.28,0.77,1.2599999999999998
 ANTIALÉRGICO E BRONCODILATADOR,1.19,-1.8000000000000003,0.55,1.7,1.1099999999999999,2.12,-0.1499999999999999,2.4200000000000004,2.02,-2.0500000000000003,0.02999999999999997,-0.22,1.38,3.59,-2.85,0.050000000000000044,0.59
 GASTROPROTETOR,1.9,1.24,1.02,2.6300000000000003,2.2800000000000002,0.0,0.61,2.4,2.92,0.04999999999999982,0.40000000000000013,0.72,0.8499999999999999,1.58,-5.24,3.0300000000000002,1.5
 VITAMINA E FORTIFICANTE,-0.20999999999999996,-2.42,3.04,-1.8400000000000003,-0.13,1.65,1.5,3.76,1.99,4.37,-0.7,1.33,1.06,0.5699999999999998,1.35,-0.29999999999999993,0.75
 HORMONAL,0.8600000000000001,-0.8700000000000001,3.6500000000000004,5.1,-0.7700000000000001,-1.21,3.3899999999999997,4.1,2.73,1.13,-0.54,1.23,-0.73,3.67,-0.12,-0.6100000000000001,0.74
 PSICOTRÓPICO E ANOREXÍGENO,4.7299999999999995,1.18,0.71,4.02,1.6199999999999999,2.38,0.8800000000000001,6.17,1.6,0.8200000000000001,-2.35,1.1300000000000001,-0.6799999999999999,2.9,-1.0499999999999998,-0.5999999999999999,1.5899999999999999
 HIPOTENSOR E HIPOCOLESTEROLÊMICO,4.56,-0.17,1.35,2.63,-0.8,2.54,3.75,6.5600000000000005,2.62,-2.38,0.15000000000000002,2.92,-1.2200000000000002,4.140000000000001,-1.33,-1.8399999999999999,1.12
 OFTALMOLÓGICO,1.97,-0.42999999999999994,1.97,4.75,1.06,1.77,-0.64,3.87,2.62,0.0,-0.47,0.99,1.65,0.0,-3.8200000000000003,-0.17999999999999994,1.31
 ANTIDIABÉTICO,5.09,3.0999999999999996,1.35,-0.14,2.02,3.0,6.98,1.3800000000000001,3.8600000000000003,1.22,-1.11,0.07000000000000006,-4.04,1.78,-3.7199999999999998,2.6,2.46
 NEUROLÓGICO,-1.2,-4.41,1.13,-2.91,0.53,1.87,0.51,1.97,1.2,0.49,0.31000000000000005,-0.37,-0.9100000000000001,0.3,-1.12,-0.78,-0.12
 PRODUTOS ÓTICOS,2.7300000000000004,2.5999999999999996,3.99,2.2199999999999998,5.26,-0.33000000000000007,0.98,-1.2699999999999998,2.43,-0.20000000000000018,-1.12,2.59,-3.6599999999999997,-6.779999999999999,3.5,1.0699999999999998,2.71
 ÓCULOS DE GRAU,2.7300000000000004,2.5999999999999996,3.99,2.2199999999999998,5.26,-0.33000000000000007,0.98,-1.2699999999999998,2.43,-0.20000000000000018,-1.12,2.59,-3.6599999999999997,-6.779999999999999,3.5,1.0699999999999998,2.71
 SERVIÇOS DE SAÚDE,1.21,1.54,1.69,1.6,1.81,1.78,1.01,1.58,1.5,1.3900000000000001,1.6,1.81,1.21,0.8400000000000001,0.9,1.8199999999999998,1.61
 SERVIÇOS MÉDICOS E DENTÁRIOS,0.28,1.71,1.6,1.85,3.25,3.0,0.31,1.8199999999999998,1.3199999999999998,0.79,2.06,3.51,1.2100000000000002,0.2,1.6800000000000002,3.2,2.0300000000000002
 MÉDICO,0.84,1.3900000000000001,1.44,1.96,2.85,1.06,0.0,1.94,1.17,-0.31000000000000005,2.36,1.46,0.25,0.0,3.21,3.58,1.6400000000000001
 DENTISTA,-0.38,1.5799999999999998,1.73,1.62,3.9899999999999998,3.95,1.1,1.53,1.48,1.8399999999999999,1.53,4.92,2.0,1.0,-1.49,2.41,2.4699999999999998
 APARELHO ORTODÔNTICO,0.0,0.0,1.71,0.0,0.0,0.0,0.0,0.0,0.0,0.0,2.6199999999999997,0.0,2.6799999999999997,0.0,0.0,0.0,1.96
 FISIOTERAPEUTA,0.0,0.0,0.0,0.0,0.0,0.0,0.0,0.0,0.0,0.0,0.0,0.0,0.0,0.0,0.0,0.0,0.0
 PSICÓLOGO,0.99,4.07,0.0,0.0,0.76,0.0,0.0,0.0,0.0,0.0,0.0,0.0,0.0,0.0,0.0,0.0,1.46
 SERVIÇOS LABORATORIAIS E HOSPITALARES,0.09,1.5799999999999998,2.8499999999999996,1.63,1.17,1.51,0.37,1.45,1.44,2.38,1.22,1.24,0.06999999999999995,0.74,-0.53,1.02,1.3399999999999999
 EXAME DE LABORATÓRIO,-1.24,-0.22999999999999998,1.08,0.32999999999999996,2.85,1.6500000000000001,0.06000000000000005,1.99,1.69,-0.2,2.23,0.63,-0.53,0.0,1.3,-0.21,1.13
 HOSPITALIZAÇÃO E CIRURGIA,0.26,2.0399999999999996,4.47,1.1099999999999999,1.02,1.3299999999999998,0.27,0.85,1.93,3.07,1.2999999999999998,1.18,2.3,0.0,-3.94,1.28,1.48
 EXAME DE IMAGEM,0.41,1.8199999999999998,0.71,3.09,0.48000000000000004,2.4699999999999998,0.8300000000000001,1.5,0.74,3.2,0.34,1.54,-0.4700000000000001,1.78,0.99,1.58,1.12
 PLANO DE SAÚDE,1.54,1.48,1.5,1.54,1.54,1.56,1.54,1.54,1.56,1.54,1.54,1.48,1.38,1.54,1.54,1.54,1.52
 PLANO DE SAÚDE,1.54,1.48,1.5,1.54,1.54,1.56,1.54,1.54,1.56,1.54,1.54,1.48,1.38,1.54,1.54,1.54,1.52
 CUIDADOS PESSOAIS,0.83,0.96,1.7799999999999998,1.67,1.51,0.5900000000000001,1.55,1.67,2.11,1.5299999999999998,2.12,1.6500000000000001,0.96,1.24,1.36,1.17,1.48
 HIGIENE PESSOAL,0.83,0.96,1.7799999999999998,1.67,1.51,0.5900000000000001,1.55,1.67,2.11,1.5299999999999998,2.12,1.6500000000000001,0.96,1.24,1.36,1.17,1.48
 PRODUTO PARA CABELO,-0.21999999999999997,2.88,2.7399999999999998,1.03,-0.52,0.81,-0.5,1.9100000000000001,3.48,0.9500000000000001,-0.28,-1.6199999999999997,1.8800000000000001,0.6,-1.6500000000000001,2.12,0.79
 FRALDA DESCARTÁVEL,4.11,2.06,1.31,0.9500000000000002,1.9499999999999997,-0.19999999999999996,2.8,-3.23,2.1900000000000004,-1.3199999999999998,4.52,0.5599999999999999,0.37,1.52,-2.3200000000000003,-2.29,1.33
 PRODUTO PARA BARBA,-2.31,-3.03,4.81,0.7200000000000002,2.31,0.2,-1.38,0.77,2.13,-0.010000000000000009,0.65,2.19,2.22,0.8700000000000001,3.42,1.34,1.04
 PRODUTO PARA PELE,1.7800000000000002,-0.6,1.95,1.54,1.18,1.1800000000000002,-0.14,2.21,2.58,5.94,2.0100000000000002,3.9,2.73,2.3000000000000003,0.20999999999999996,3.8899999999999997,1.61
 PRODUTO PARA HIGIENE BUCAL,-3.45,-3.01,-1.22,2.54,-0.43000000000000016,-0.38,0.76,-0.2599999999999998,2.21,-1.21,1.2799999999999998,0.030000000000000027,-1.14,0.78,-2.87,0.41,-0.6200000000000001
 PRODUTO PARA UNHA,0.0,0.0,0.0,0.0,0.0,0.0,-0.6200000000000001,0.0,0.0,0.0,0.0,0.0,0.0,-1.22,0.0,0.0,-0.7199999999999998
 PERFUME,4.1,1.8900000000000001,1.7599999999999998,3.34,4.02,0.8,3.27,3.18,2.53,3.94,3.8200000000000003,4.4,2.48,2.1799999999999997,4.71,1.8699999999999999,3.25
 DESODORANTE,-0.66,3.91,3.4699999999999998,-0.029999999999999805,0.96,1.76,-0.39,-0.15999999999999992,1.03,1.69,0.8200000000000001,-0.12,0.20000000000000007,-0.56,-1.54,1.17,1.1099999999999999
 ABSORVENTE HIGIÊNICO,1.5200000000000002,-1.46,6.550000000000001,-0.79,3.2199999999999998,1.47,-1.98,-1.38,-2.6799999999999997,1.3500000000000003,0.76,-2.61,3.35,-1.75,0.43000000000000016,-2.23,1.3900000000000001
 SABONETE,-2.31,0.9299999999999999,-0.10999999999999999,-0.5499999999999998,1.01,-1.65,0.5699999999999998,1.73,2.54,-0.9300000000000002,0.7200000000000001,4.92,-1.77,-1.5,-0.27,0.55,0.32
 PAPEL HIGIÊNICO,1.6500000000000001,-1.81,0.040000000000000036,0.050000000000000044,-0.8200000000000001,-0.56,2.17,0.38,-3.87,-0.63,1.85,1.1700000000000002,-3.4899999999999998,0.41,1.23,-1.41,-0.58
 ARTIGOS DE MAQUIAGEM,5.57,-2.04,1.82,2.66,4.85,1.14,4.81,3.41,3.57,3.4,3.5300000000000002,0.78,0.27,3.26,0.46,-0.22000000000000003,3.04
 DESPESAS PESSOAIS,0.6699999999999999,0.99,1.3599999999999999,0.6200000000000001,0.69,0.28,1.28,0.8600000000000001,1.0899999999999999,0.7,1.44,1.22,1.75,1.32,1.83,0.8600000000000001,0.87
 SERVIÇOS PESSOAIS,1.71,1.56,1.69,1.22,1.58,1.8399999999999999,1.69,1.5099999999999998,1.77,2.1799999999999997,2.05,1.61,2.14,1.75,2.62,1.96,1.71
 SERVIÇOS PESSOAIS,1.71,1.56,1.69,1.22,1.58,1.8399999999999999,1.69,1.5099999999999998,1.77,2.1799999999999997,2.05,1.61,2.14,1.75,2.62,1.96,1.71
 COSTUREIRA,0.0,0.0,0.0,2.19,0.0,0.0,-2.44,0.0,0.0,0.0,0.0,0.0,0.0,1.08,-2.02,2.35,-0.64
 MANICURE,2.86,-2.7399999999999998,3.5300000000000002,2.61,2.21,3.63,1.41,7.05,1.3,3.43,2.38,3.66,3.23,0.0,5.8,2.31,2.3499999999999996
 EMPREGADO DOMÉSTICO,0.56,0.56,0.56,0.56,0.56,0.56,0.56,0.56,0.56,0.56,0.56,0.56,0.56,0.56,0.56,0.56,0.56
 CABELEIREIRO E BARBEIRO,1.87,0.88,1.5599999999999998,-0.68,0.73,2.04,0.8200000000000001,-0.13,2.34,2.48,2.36,0.8800000000000001,1.4600000000000002,1.74,2.1,1.46,1.26
 DEPILAÇÃO,0.0,0.0,1.1900000000000002,0.0,1.76,-0.51,0.0,0.0,0.21999999999999997,-0.41000000000000003,1.5899999999999999,0.0,-0.5300000000000002,0.0,0.0,1.57,0.99
 CARTÓRIO,0.0,2.71,0.0,0.0,0.0,0.0,0.0,0.0,0.0,9.959999999999999,0.0,0.0,0.0,4.29,3.92,0.0,4.59
 DESPACHANTE,0.0,0.0,0.84,0.0,1.0500000000000003,0.0,0.0,0.0,0.0,2.2600000000000002,-0.41999999999999993,2.79,0.0,0.0,0.0,0.0,1.1
 SERVIÇO BANCÁRIO,3.8200000000000003,3.8200000000000003,3.8200000000000003,3.8200000000000003,3.8200000000000003,3.8200000000000003,3.8200000000000003,3.8200000000000003,3.8200000000000003,3.8200000000000003,3.8200000000000003,3.8200000000000003,3.8200000000000003,3.8200000000000003,3.8200000000000003,3.8200000000000003,3.8200000000000003
 CONSELHO DE CLASSE,0.0,0.5,0.0,0.0,0.5,0.51,0.0,0.0,0.0,0.0,0.51,0.6,0.0,0.0,0.0,0.0,0.5
 SOBRANCELHA,4.06,4.22,1.8299999999999998,-0.25,-0.8,3.77,0.0,-2.88,2.95,2.95,0.10999999999999988,0.7000000000000001,2.46,1.89,1.5599999999999998,3.6399999999999997,1.35
 RECREAÇÃO E FUMO,-1.0699999999999998,0.14,0.86,-0.37,-0.7299999999999999,-2.49,0.51,-0.17000000000000015,-0.20999999999999996,-1.15,0.7,0.42000000000000004,1.0,0.47,-0.01999999999999999,-1.1800000000000002,-0.43000000000000005
 RECREAÇÃO,-1.26,0.17000000000000004,0.94,-0.42000000000000004,-1.57,-2.63,0.56,-0.26,-0.21999999999999997,-1.61,0.8200000000000001,0.46,0.9099999999999999,0.5499999999999999,-0.26,-1.3,-0.78
 CLUBE,0.0,3.51,1.01,0.0,-0.5999999999999999,-0.9500000000000002,0.0,0.0,0.0,0.0,0.0,0.0,0.0,0.0,0.0,0.0,0.36
 INSTRUMENTO MUSICAL,0.0,0.0,0.0,0.0,0.0,-1.3399999999999999,0.0,0.0,2.82,0.0,-1.1099999999999999,0.0,0.0,0.0,0.0,0.0,0.07000000000000006
 TRATAMENTO DE ANIMAIS (CLÍNICA),0.10999999999999999,0.1399999999999999,0.5800000000000001,0.13000000000000012,-0.87,2.08,1.1199999999999999,0.08000000000000007,1.1400000000000001,-1.0699999999999998,-0.6200000000000001,0.8200000000000001,2.05,-0.37,0.37999999999999995,2.75,-0.09999999999999998
 BICICLETA,0.0,0.20999999999999996,-1.39,-6.18,-3.1999999999999997,-3.55,1.12,0.0,-8.59,-1.09,0.96,-0.21999999999999997,-6.8500000000000005,1.16,-3.01,0.0,-2.84
 ALIMENTO PARA ANIMAIS,2.31,2.6500000000000004,-1.76,-0.12,-1.4700000000000002,2.18,-1.3299999999999998,1.08,1.17,0.019999999999999962,1.76,-2.25,3.21,0.07,-3.35,1.34,-0.1200000000000001
 BRINQUEDO,2.6399999999999997,-0.63,2.5300000000000002,0.73,-0.6399999999999999,1.44,-1.4400000000000002,1.4800000000000002,1.55,1.9900000000000002,4.76,-0.30000000000000004,4.96,1.03,0.65,-0.56,0.8300000000000001
 CASA NOTURNA,1.81,0.0,-1.24,0.0,5.71,0.0,0.0,0.0,0.0,0.0,0.0,0.0,0.9099999999999999,0.0,0.0,0.0,3.26
 JOGOS DE AZAR,0.0,0.0,0.0,0.0,0.0,0.0,0.0,0.0,0.0,0.0,0.0,0.0,0.0,0.0,0.0,0.0,0.0
 MATERIAL DE CAÇA E PESCA,0.0,0.0,0.0,0.0,0.0,0.0,0.0,0.0,0.0,0.0,-3.33,0.0,0.0,-1.5099999999999998,0.0,0.0,-3.25
 HOSPEDAGEM,5.18,-1.66,2.36,7.27,-1.47,-4.6,5.32,2.6900000000000004,0.43000000000000016,-1.77,-0.5700000000000001,4.79,4.99,2.79,1.25,6.77,0.08000000000000007
 PACOTE TURÍSTICO,-4.93,-3.35,4.82,-5.76,-2.67,-3.24,0.0,-2.31,0.48999999999999977,-2.09,0.5699999999999998,-5.359999999999999,2.06,0.0,-5.17,-3.55,-1.8900000000000001
 SERVIÇO DE HIGIENE PARA ANIMAIS,0.69,2.61,3.7699999999999996,0.0,0.7,-4.17,0.0,1.1800000000000002,4.1899999999999995,1.8399999999999999,-0.03,2.46,-2.84,0.0,0.0,0.0,1.21
" CINEMA, TEATRO E CONCERTOS",-9.52,1.05,-3.75,-4.23,-3.1000000000000005,-6.25,2.4299999999999997,-2.1300000000000003,-3.32,-7.34,8.2,3.31,-6.64,0.0,2.75,-12.99,-3.46
 FUMO,0.0,0.0,0.0,0.0,4.720000000000001,0.0,0.0,0.3899999999999999,0.0,2.42,0.0,0.0,1.56,0.0,1.69,0.87,2.0
 CIGARRO,0.0,0.0,0.0,0.0,4.720000000000001,0.0,0.0,0.3899999999999999,0.0,2.42,0.0,0.0,1.56,0.0,1.69,0.87,2.0
 EDUCAÇÃO,5.41,3.99,5.87,4.890000000000001,5.66,3.32,5.83,5.84,6.45,4.72,4.25,5.92,6.279999999999999,4.119999999999999,4.24,5.52,5.3100000000000005
" CURSOS, LEITURA E PAPELARIA",5.41,3.99,5.87,4.890000000000001,5.66,3.32,5.83,5.84,6.45,4.72,4.25,5.92,6.279999999999999,4.119999999999999,4.24,5.52,5.3100000000000005
 CURSOS REGULARES,6.55,4.47,6.83,5.62,6.59,3.54,7.1,6.34,7.84,5.12,4.56,6.83,7.09,5.65,5.43,5.57,6.13
 CRECHE,5.34,5.26,6.76,7.7,7.08,1.3,0.0,3.36,0.0,6.79,11.49,6.04,9.86,7.3,0.0,6.16,6.03
 PRÉ-ESCOLA,7.07,7.15,7.18,8.47,8.15,6.26,7.56,9.34,10.19,8.37,10.38,7.2,9.04,0.0,6.32,7.62,8.05
 ENSINO FUNDAMENTAL,8.45,7.47,8.09,9.21,8.66,4.78,9.31,7.49,9.78,7.19,6.82,9.58,9.32,10.84,6.33,7.39,8.24
 ENSINO MÉDIO,7.35,8.82,7.64,9.33,8.95,8.24,9.51,6.61,9.45,7.91,9.49,7.96,9.06,9.17,6.74,7.03,8.51
 ENSINO SUPERIOR,3.8,2.18,6.08,0.25,4.52,1.23,5.53,5.11,4.69,2.16,0.27,5.3,4.0,4.33,4.78,2.77,3.81
 PÓS-GRADUAÇÃO,2.96,0.32,5.75,2.89,3.09,3.12,-2.54,3.9,0.84,2.19,3.98,0.21,5.91,2.76,2.37,-0.72,2.76
 EDUCAÇÃO DE JOVENS E ADULTOS,3.83,0.0,0.0,0.0,0.0,-0.98,0.0,2.45,0.0,1.8,0.0,0.0,0.0,2.23,4.72,0.0,2.23
 CURSO TÉCNICO,0.0,12.13,4.2,3.22,0.0,0.0,0.0,0.0,4.27,0.0,0.0,0.0,0.0,0.0,4.4,0.0,6.14
 LEITURA,3.46,3.67,5.99,1.99,2.83,2.79,2.82,5.2299999999999995,4.35,6.79,2.27,2.84,3.75,1.7400000000000002,2.58,4.74,3.7
 JORNAL DIÁRIO,0.0,0.68,0.0,0.0,0.0,0.0,0.0,0.0,0.0,0.0,0.0,0.0,0.0,0.0,0.0,0.0,0.36
 REVISTA,0.0,0.0,0.0,0.0,1.27,0.0,0.0,0.0,0.0,0.0,0.0,0.0,0.0,1.27,0.0,0.0,1.27
 LIVRO DIDÁTICO,5.36,8.03,5.7299999999999995,1.8699999999999999,2.81,1.7599999999999998,3.9099999999999997,5.2299999999999995,4.51,6.180000000000001,2.27,4.26,3.9499999999999997,1.9699999999999998,2.58,4.569999999999999,4.0
 LIVRO NÃO DIDÁTICO,1.37,3.99,7.11,2.75,4.38,5.29,0.0,0.0,3.54,8.66,0.0,0.0,3.3,0.0,0.0,6.77,4.68
 PAPELARIA,0.42000000000000004,-1.5899999999999999,-0.16999999999999993,-0.51,2.8,-1.6,2.0300000000000002,-1.1500000000000001,-0.81,1.24,1.63,1.56,1.69,-1.3900000000000001,-3.2399999999999998,3.5,0.61
 CADERNO,3.06,1.9600000000000002,1.49,-1.7999999999999998,6.13,-1.5499999999999998,4.4,0.98,-4.33,1.21,4.3,2.54,2.24,0.06000000000000005,-4.46,4.27,2.08
 ARTIGOS DE PAPELARIA,-0.69,-3.62,-1.5,0.5,1.2799999999999998,-1.61,-0.76,-2.67,1.33,1.26,-0.10999999999999999,0.75,1.5,-3.12,-2.1,3.0,-0.29000000000000004
 CURSOS DIVERSOS,1.82,3.19,3.59,4.09,2.2399999999999998,3.2800000000000002,2.62,3.05,2.42,2.3,4.76,2.17,5.52,0.61,3.11,7.4,2.76
 CURSO PREPARATÓRIO,6.19,0.0,1.62,4.12,0.0,2.52,0.0,0.0,3.18,3.63,4.13,0.0,4.98,0.0,8.47,1.87,3.85
 CURSO DE IDIOMA,2.11,2.75,6.63,4.45,3.84,5.44,5.18,4.76,3.2,7.6,6.87,3.55,11.37,0.0,2.48,0.0,4.29
 CURSO DE INFORMÁTICA,0.0,0.0,0.0,0.0,0.0,0.0,0.0,0.0,0.0,0.0,0.0,0.0,0.0,0.0,-0.24,0.0,-0.24
 AUTOESCOLA,0.0,0.0,4.640000000000001,2.89,0.0,0.0,1.1199999999999997,0.0,0.41,1.3800000000000001,0.0,0.0,1.39,-0.13,0.0,18.759999999999998,2.81
 ATIVIDADES FÍSICAS,-0.15000000000000013,3.4,2.3899999999999997,4.21,0.63,2.33,1.3599999999999999,2.2899999999999996,2.92,-0.9900000000000001,3.79,1.17,4.57,1.26,-0.22,0.26999999999999996,1.4500000000000002
 COMUNICAÇÃO,1.45,1.77,1.09,1.53,1.6800000000000002,1.49,1.1600000000000001,1.86,1.0099999999999998,1.1400000000000001,1.8699999999999999,1.41,1.51,1.38,1.2,0.25,1.48
 COMUNICAÇÃO,1.45,1.77,1.09,1.53,1.6800000000000002,1.49,1.1600000000000001,1.86,1.0099999999999998,1.1400000000000001,1.8699999999999999,1.41,1.51,1.38,1.2,0.25,1.48
 COMUNICAÇÃO,1.45,1.77,1.09,1.53,1.6800000000000002,1.49,1.1600000000000001,1.86,1.0099999999999998,1.1400000000000001,1.8699999999999999,1.41,1.51,1.38,1.2,0.25,1.48
 CORREIO,0.0,0.0,0.0,0.0,0.0,0.0,0.0,0.0,0.0,0.0,0.0,0.0,0.0,0.0,0.0,0.0,0.0
 PLANO DE TELEFONIA FIXA,0.0,0.0,0.0,0.07,0.0,0.0,0.0,0.0,-1.6500000000000001,0.0,0.0,0.0,0.0,0.0,0.0,0.0,-0.08
 PLANO DE TELEFONIA MÓVEL,1.65,1.65,0.0,1.65,1.65,1.65,0.0,1.65,0.0,0.0,1.65,0.0,1.65,1.65,1.65,0.0,1.14
 TV POR ASSINATURA,4.02,4.02,4.02,4.02,4.02,4.02,4.02,4.02,4.02,4.02,4.02,4.02,4.02,4.02,4.02,4.02,4.02
 ACESSO À INTERNET,0.0,0.0,0.0,0.0,0.0,0.0,0.0,0.0,0.0,0.0,0.0,0.0,0.0,0.0,0.0,0.0,0.0
 APARELHO TELEFÔNICO,-2.55,-0.30999999999999994,-0.35,0.41000000000000014,-2.08,-1.8800000000000001,-0.6799999999999999,1.7,-0.5299999999999998,-1.31,0.78,1.79,-0.27,-1.27,-0.16999999999999993,-2.75,-1.13
 SERVIÇOS DE STREAMING,0.0,1.05,1.05,1.05,1.05,1.05,0.0,0.0,1.05,1.05,0.0,1.05,1.05,0.0,1.05,1.05,1.05
" COMBO DE TELEFONIA, INTERNET E TV POR ASSINATURA",3.29,3.29,3.29,3.29,3.29,3.29,3.29,3.29,3.29,3.29,3.4,3.29,3.29,3.29,3.29,3.4,3.29
