MÊS,PRODUTO,REGIÃO,PREÇO MÉDIO REVENDA
01-01-2016,ETANOL HIDRATADO,CENTRO OESTE,2.8513333333333333
01-01-2016,ETANOL HIDRATADO,NORDESTE,3.0074504504504502
01-01-2016,ETANOL HIDRATADO,NORTE,3.3406764705882352
01-01-2016,ETANOL HIDRATADO,SUDESTE,2.807455357142857
01-01-2016,ETANOL HIDRATADO,SUL,3.141868131868132
01-01-2016,GASOLINA COMUM,CENTRO OESTE,3.7755454545454548
01-01-2016,GASOLINA COMUM,NORDESTE,3.7806696428571427
01-01-2016,GASOLINA COMUM,NORTE,3.9725
01-01-2016,GASOLINA COMUM,SUDESTE,3.6885267857142856
01-01-2016,GASOLINA COMUM,SUL,3.7542717391304343
01-01-2016,GLP,CENTRO OESTE,61.40172727272727
01-01-2016,GLP,NORDESTE,52.3615
01-01-2016,GLP,NORTE,61.616743589743585
01-01-2016,GLP,SUDESTE,53.161008928571434
01-01-2016,GLP,SUL,55.37064130434783
01-01-2016,GNV,CENTRO OESTE,2.486
01-01-2016,GNV,NORDESTE,2.3775999999999997
01-01-2016,GNV,NORTE,2.783
01-01-2016,GNV,SUDESTE,2.2045405405405405
01-01-2016,GNV,SUL,2.42596875
01-01-2016,OLEO DIESEL,CENTRO OESTE,3.144151515151515
01-01-2016,OLEO DIESEL,NORDESTE,3.031871287128713
01-01-2016,OLEO DIESEL,NORTE,3.264297297297297
01-01-2016,OLEO DIESEL,SUDESTE,2.970700892857143
01-01-2016,OLEO DIESEL,SUL,2.9205869565217393
01-01-2016,OLEO DIESEL S10,CENTRO OESTE,3.298787878787879
01-01-2016,OLEO DIESEL S10,NORDESTE,3.150455357142857
01-01-2016,OLEO DIESEL S10,NORTE,3.39005
01-01-2016,OLEO DIESEL S10,SUDESTE,3.0978839285714286
01-01-2016,OLEO DIESEL S10,SUL,3.063793478260869
01-01-2017,ETANOL HIDRATADO,CENTRO OESTE,3.0260000000000002
01-01-2017,ETANOL HIDRATADO,NORDESTE,3.177576576576577
01-01-2017,ETANOL HIDRATADO,NORTE,3.6863939393939393
01-01-2017,ETANOL HIDRATADO,SUDESTE,3.0127098214285715
01-01-2017,ETANOL HIDRATADO,SUL,3.4666413043478257
01-01-2017,GASOLINA COMUM,CENTRO OESTE,3.891060606060606
01-01-2017,GASOLINA COMUM,NORDESTE,3.787339285714286
01-01-2017,GASOLINA COMUM,NORTE,4.12465
01-01-2017,GASOLINA COMUM,SUDESTE,3.820607142857143
01-01-2017,GASOLINA COMUM,SUL,3.864445652173913
01-01-2017,GLP,CENTRO OESTE,62.908757575757576
01-01-2017,GLP,NORDESTE,53.98413636363637
01-01-2017,GLP,NORTE,64.47269230769231
01-01-2017,GLP,SUDESTE,54.46862331838565
01-01-2017,GLP,SUL,57.66059782608695
01-01-2017,GNV,CENTRO OESTE,2.444
01-01-2017,GNV,NORDESTE,2.3583783783783785
01-01-2017,GNV,NORTE,3.0585
01-01-2017,GNV,SUDESTE,2.2299305555555557
01-01-2017,GNV,SUL,2.4778333333333333
01-01-2017,OLEO DIESEL,CENTRO OESTE,3.2654545454545456
01-01-2017,OLEO DIESEL,NORDESTE,3.10235
01-01-2017,OLEO DIESEL,NORTE,3.423305555555556
01-01-2017,OLEO DIESEL,SUDESTE,3.080403587443946
01-01-2017,OLEO DIESEL,SUL,3.0046703296703297
01-01-2017,OLEO DIESEL S10,CENTRO OESTE,3.422484848484849
01-01-2017,OLEO DIESEL S10,NORDESTE,3.202607142857143
01-01-2017,OLEO DIESEL S10,NORTE,3.5341
01-01-2017,OLEO DIESEL S10,SUDESTE,3.2065267857142854
01-01-2017,OLEO DIESEL S10,SUL,3.1447608695652174
01-01-2018,ETANOL HIDRATADO,CENTRO OESTE,3.0518125
01-01-2018,ETANOL HIDRATADO,NORDESTE,3.2515368421052635
01-01-2018,ETANOL HIDRATADO,NORTE,3.6433793103448275
01-01-2018,ETANOL HIDRATADO,SUDESTE,3.1017884615384617
01-01-2018,ETANOL HIDRATADO,SUL,3.5239651162790695
01-01-2018,GASOLINA COMUM,CENTRO OESTE,4.335
01-01-2018,GASOLINA COMUM,NORDESTE,4.152489583333334
01-01-2018,GASOLINA COMUM,NORTE,4.424378378378378
01-01-2018,GASOLINA COMUM,SUDESTE,4.265591346153847
01-01-2018,GASOLINA COMUM,SUL,4.241767441860465
01-01-2018,GLP,CENTRO OESTE,77.00053125
01-01-2018,GLP,NORDESTE,66.33089583333333
01-01-2018,GLP,NORTE,79.26694594594595
01-01-2018,GLP,SUDESTE,65.57108695652174
01-01-2018,GLP,SUL,68.16019767441861
01-01-2018,GNV,CENTRO OESTE,2.553
01-01-2018,GNV,NORDESTE,2.6524799999999997
01-01-2018,GNV,NORTE,2.87
01-01-2018,GNV,SUDESTE,2.496961038961039
01-01-2018,GNV,SUL,2.5016538461538462
01-01-2018,OLEO DIESEL,CENTRO OESTE,3.5964375
01-01-2018,OLEO DIESEL,NORDESTE,3.36775
01-01-2018,OLEO DIESEL,NORTE,3.5985
01-01-2018,OLEO DIESEL,SUDESTE,3.3929613526570046
01-01-2018,OLEO DIESEL,SUL,3.2504767441860465
01-01-2018,OLEO DIESEL S10,CENTRO OESTE,3.70815625
01-01-2018,OLEO DIESEL S10,NORDESTE,3.4491770833333333
01-01-2018,OLEO DIESEL S10,NORTE,3.711891891891892
01-01-2018,OLEO DIESEL S10,SUDESTE,3.5078173076923074
01-01-2018,OLEO DIESEL S10,SUL,3.3628720930232556
02-01-2016,ETANOL HIDRATADO,CENTRO OESTE,2.9523939393939393
02-01-2016,ETANOL HIDRATADO,NORDESTE,3.1032702702702704
02-01-2016,ETANOL HIDRATADO,NORTE,3.4472424242424244
02-01-2016,ETANOL HIDRATADO,SUDESTE,2.911191964285714
02-01-2016,ETANOL HIDRATADO,SUL,3.2538695652173915
02-01-2016,GASOLINA COMUM,CENTRO OESTE,3.828030303030303
02-01-2016,GASOLINA COMUM,NORDESTE,3.8023124999999998
02-01-2016,GASOLINA COMUM,NORTE,4.010949999999999
02-01-2016,GASOLINA COMUM,SUDESTE,3.722008928571429
02-01-2016,GASOLINA COMUM,SUL,3.7875
02-01-2016,GLP,CENTRO OESTE,61.35590909090909
02-01-2016,GLP,NORDESTE,52.22082727272728
02-01-2016,GLP,NORTE,61.819589743589745
02-01-2016,GLP,SUDESTE,53.02134375000001
02-01-2016,GLP,SUL,55.3008695652174
02-01-2016,GNV,CENTRO OESTE,2.4818333333333333
02-01-2016,GNV,NORDESTE,2.4032285714285715
02-01-2016,GNV,NORTE,2.85
02-01-2016,GNV,SUDESTE,2.2066835443037975
02-01-2016,GNV,SUL,2.4392666666666667
02-01-2016,OLEO DIESEL,CENTRO OESTE,3.1648181818181818
02-01-2016,OLEO DIESEL,NORDESTE,3.0454700000000003
02-01-2016,OLEO DIESEL,NORTE,3.2911891891891893
02-01-2016,OLEO DIESEL,SUDESTE,2.9811785714285715
02-01-2016,OLEO DIESEL,SUL,2.9294130434782613
02-01-2016,OLEO DIESEL S10,CENTRO OESTE,3.322848484848485
02-01-2016,OLEO DIESEL S10,NORDESTE,3.1676607142857143
02-01-2016,OLEO DIESEL S10,NORTE,3.4204
02-01-2016,OLEO DIESEL S10,SUDESTE,3.1054285714285714
02-01-2016,OLEO DIESEL S10,SUL,3.0708241758241757
02-01-2017,ETANOL HIDRATADO,CENTRO OESTE,3.017757575757576
02-01-2017,ETANOL HIDRATADO,NORDESTE,3.1919279279279276
02-01-2017,ETANOL HIDRATADO,NORTE,3.7195757575757575
02-01-2017,ETANOL HIDRATADO,SUDESTE,3.00259375
02-01-2017,ETANOL HIDRATADO,SUL,3.4725384615384614
02-01-2017,GASOLINA COMUM,CENTRO OESTE,3.868727272727273
02-01-2017,GASOLINA COMUM,NORDESTE,3.7812410714285716
02-01-2017,GASOLINA COMUM,NORTE,4.1103499999999995
02-01-2017,GASOLINA COMUM,SUDESTE,3.81059375
02-01-2017,GASOLINA COMUM,SUL,3.8442065217391304
02-01-2017,GLP,CENTRO OESTE,62.62442424242423
02-01-2017,GLP,NORDESTE,53.51947272727273
02-01-2017,GLP,NORTE,64.40661538461539
02-01-2017,GLP,SUDESTE,54.42527354260089
02-01-2017,GLP,SUL,57.33840217391304
02-01-2017,GNV,CENTRO OESTE,2.4503333333333335
02-01-2017,GNV,NORDESTE,2.4137567567567566
02-01-2017,GNV,NORTE,2.85
02-01-2017,GNV,SUDESTE,2.289890410958904
02-01-2017,GNV,SUL,2.430925925925926
02-01-2017,OLEO DIESEL,CENTRO OESTE,3.286
02-01-2017,OLEO DIESEL,NORDESTE,3.1034747474747477
02-01-2017,OLEO DIESEL,NORTE,3.4184722222222224
02-01-2017,OLEO DIESEL,SUDESTE,3.0891919642857144
02-01-2017,OLEO DIESEL,SUL,3.013108695652174
02-01-2017,OLEO DIESEL S10,CENTRO OESTE,3.4385757575757574
02-01-2017,OLEO DIESEL S10,NORDESTE,3.1987142857142854
02-01-2017,OLEO DIESEL S10,NORTE,3.5229
02-01-2017,OLEO DIESEL S10,SUDESTE,3.2144196428571425
02-01-2017,OLEO DIESEL S10,SUL,3.144478260869565
02-01-2018,ETANOL HIDRATADO,CENTRO OESTE,3.0805625
02-01-2018,ETANOL HIDRATADO,NORDESTE,3.326473684210526
02-01-2018,ETANOL HIDRATADO,NORTE,3.6929655172413796
02-01-2018,ETANOL HIDRATADO,SUDESTE,3.1567692307692305
02-01-2018,ETANOL HIDRATADO,SUL,3.5986627906976745
02-01-2018,GASOLINA COMUM,CENTRO OESTE,4.3414375
02-01-2018,GASOLINA COMUM,NORDESTE,4.197291666666667
02-01-2018,GASOLINA COMUM,NORTE,4.433513513513513
02-01-2018,GASOLINA COMUM,SUDESTE,4.291245192307692
02-01-2018,GASOLINA COMUM,SUL,4.242837209302325
02-01-2018,GLP,CENTRO OESTE,77.44784375
02-01-2018,GLP,NORDESTE,65.03310416666666
02-01-2018,GLP,NORTE,79.1627027027027
02-01-2018,GLP,SUDESTE,65.3843574879227
02-01-2018,GLP,SUL,68.5269534883721
02-01-2018,GNV,CENTRO OESTE,2.5816666666666666
02-01-2018,GNV,NORDESTE,2.7469259259259258
02-01-2018,GNV,NORTE,2.95
02-01-2018,GNV,SUDESTE,2.5211973684210527
02-01-2018,GNV,SUL,2.5432083333333333
02-01-2018,OLEO DIESEL,CENTRO OESTE,3.60121875
02-01-2018,OLEO DIESEL,NORDESTE,3.401702380952381
02-01-2018,OLEO DIESEL,NORTE,3.613235294117647
02-01-2018,OLEO DIESEL,SUDESTE,3.400347826086956
02-01-2018,OLEO DIESEL,SUL,3.2655697674418604
02-01-2018,OLEO DIESEL S10,CENTRO OESTE,3.71615625
02-01-2018,OLEO DIESEL S10,NORDESTE,3.4816354166666668
02-01-2018,OLEO DIESEL S10,NORTE,3.725216216216216
02-01-2018,OLEO DIESEL S10,SUDESTE,3.5151730769230767
02-01-2018,OLEO DIESEL S10,SUL,3.3727093023255814
03-01-2016,ETANOL HIDRATADO,CENTRO OESTE,3.0055151515151515
03-01-2016,ETANOL HIDRATADO,NORDESTE,3.204468468468469
03-01-2016,ETANOL HIDRATADO,NORTE,3.5152121212121212
03-01-2016,ETANOL HIDRATADO,SUDESTE,2.9633705357142857
03-01-2016,ETANOL HIDRATADO,SUL,3.3249782608695653
03-01-2016,GASOLINA COMUM,CENTRO OESTE,3.8471515151515154
03-01-2016,GASOLINA COMUM,NORDESTE,3.8281517857142857
03-01-2016,GASOLINA COMUM,NORTE,4.03285
03-01-2016,GASOLINA COMUM,SUDESTE,3.73721875
03-01-2016,GASOLINA COMUM,SUL,3.807728260869565
03-01-2016,GLP,CENTRO OESTE,61.20842424242424
03-01-2016,GLP,NORDESTE,52.38885454545455
03-01-2016,GLP,NORTE,61.73282051282051
03-01-2016,GLP,SUDESTE,52.73770535714285
03-01-2016,GLP,SUL,55.30683695652174
03-01-2016,GNV,CENTRO OESTE,2.568
03-01-2016,GNV,NORDESTE,2.3916
03-01-2016,GNV,NORTE,3.4349999999999996
03-01-2016,GNV,SUDESTE,2.2117125
03-01-2016,GNV,SUL,2.495135135135135
03-01-2016,OLEO DIESEL,CENTRO OESTE,3.1700909090909093
03-01-2016,OLEO DIESEL,NORDESTE,3.0547199999999997
03-01-2016,OLEO DIESEL,NORTE,3.3047567567567566
03-01-2016,OLEO DIESEL,SUDESTE,2.981798206278027
03-01-2016,OLEO DIESEL,SUL,2.9373152173913044
03-01-2016,OLEO DIESEL S10,CENTRO OESTE,3.333121212121212
03-01-2016,OLEO DIESEL S10,NORDESTE,3.1706428571428575
03-01-2016,OLEO DIESEL S10,NORTE,3.431
03-01-2016,OLEO DIESEL S10,SUDESTE,3.1104508928571426
03-01-2016,OLEO DIESEL S10,SUL,3.079695652173913
03-01-2017,ETANOL HIDRATADO,CENTRO OESTE,2.9232727272727272
03-01-2017,ETANOL HIDRATADO,NORDESTE,3.1741711711711713
03-01-2017,ETANOL HIDRATADO,NORTE,3.6871818181818186
03-01-2017,ETANOL HIDRATADO,SUDESTE,2.8738660714285715
03-01-2017,ETANOL HIDRATADO,SUL,3.39567032967033
03-01-2017,GASOLINA COMUM,CENTRO OESTE,3.8025151515151516
03-01-2017,GASOLINA COMUM,NORDESTE,3.7416339285714284
03-01-2017,GASOLINA COMUM,NORTE,4.0641
03-01-2017,GASOLINA COMUM,SUDESTE,3.7435982142857145
03-01-2017,GASOLINA COMUM,SUL,3.784728260869565
03-01-2017,GLP,CENTRO OESTE,62.78963636363636
03-01-2017,GLP,NORDESTE,53.40536363636364
03-01-2017,GLP,NORTE,64.88707692307692
03-01-2017,GLP,SUDESTE,54.574609865470855
03-01-2017,GLP,SUL,57.47
03-01-2017,GNV,CENTRO OESTE,2.4436666666666667
03-01-2017,GNV,NORDESTE,2.46672972972973
03-01-2017,GNV,NORTE,2.9
03-01-2017,GNV,SUDESTE,2.312027397260274
03-01-2017,GNV,SUL,2.409851851851852
03-01-2017,OLEO DIESEL,CENTRO OESTE,3.2433636363636364
03-01-2017,OLEO DIESEL,NORDESTE,3.0637731958762884
03-01-2017,OLEO DIESEL,NORTE,3.361083333333333
03-01-2017,OLEO DIESEL,SUDESTE,3.0416741071428572
03-01-2017,OLEO DIESEL,SUL,2.961445652173913
03-01-2017,OLEO DIESEL S10,CENTRO OESTE,3.392848484848485
03-01-2017,OLEO DIESEL S10,NORDESTE,3.1575446428571428
03-01-2017,OLEO DIESEL S10,NORTE,3.4646500000000002
03-01-2017,OLEO DIESEL S10,SUDESTE,3.1651651785714283
03-01-2017,OLEO DIESEL S10,SUL,3.091652173913044
03-01-2018,ETANOL HIDRATADO,CENTRO OESTE,3.14009375
03-01-2018,ETANOL HIDRATADO,NORDESTE,3.3809052631578944
03-01-2018,ETANOL HIDRATADO,NORTE,3.7329
03-01-2018,ETANOL HIDRATADO,SUDESTE,3.162144230769231
03-01-2018,ETANOL HIDRATADO,SUL,3.6264651162790695
03-01-2018,GASOLINA COMUM,CENTRO OESTE,4.33853125
03-01-2018,GASOLINA COMUM,NORDESTE,4.1979999999999995
03-01-2018,GASOLINA COMUM,NORTE,4.423972972972973
03-01-2018,GASOLINA COMUM,SUDESTE,4.289769230769231
03-01-2018,GASOLINA COMUM,SUL,4.227197674418605
03-01-2018,GLP,CENTRO OESTE,77.48053125
03-01-2018,GLP,NORDESTE,64.74020833333334
03-01-2018,GLP,NORTE,78.94667567567568
03-01-2018,GLP,SUDESTE,65.21904830917875
03-01-2018,GLP,SUL,68.86859302325581
03-01-2018,GNV,CENTRO OESTE,2.592333333333333
03-01-2018,GNV,NORDESTE,2.7700400000000003
03-01-2018,GNV,NORTE,3.013
03-01-2018,GNV,SUDESTE,2.561689189189189
03-01-2018,GNV,SUL,2.52848
03-01-2018,OLEO DIESEL,CENTRO OESTE,3.5971875
03-01-2018,OLEO DIESEL,NORDESTE,3.4011764705882355
03-01-2018,OLEO DIESEL,NORTE,3.6060588235294118
03-01-2018,OLEO DIESEL,SUDESTE,3.394456730769231
03-01-2018,OLEO DIESEL,SUL,3.261906976744186
03-01-2018,OLEO DIESEL S10,CENTRO OESTE,3.707125
03-01-2018,OLEO DIESEL S10,NORDESTE,3.4819375000000004
03-01-2018,OLEO DIESEL S10,NORTE,3.719972972972973
03-01-2018,OLEO DIESEL S10,SUDESTE,3.5080336538461543
03-01-2018,OLEO DIESEL S10,SUL,3.3703488372093027
04-01-2016,ETANOL HIDRATADO,CENTRO OESTE,2.957757575757576
04-01-2016,ETANOL HIDRATADO,NORDESTE,3.24836036036036
04-01-2016,ETANOL HIDRATADO,NORTE,3.5616470588235294
04-01-2016,ETANOL HIDRATADO,SUDESTE,2.857200892857143
04-01-2016,ETANOL HIDRATADO,SUL,3.321032967032967
04-01-2016,GASOLINA COMUM,CENTRO OESTE,3.830515151515151
04-01-2016,GASOLINA COMUM,NORDESTE,3.8302410714285715
04-01-2016,GASOLINA COMUM,NORTE,4.039350000000001
04-01-2016,GASOLINA COMUM,SUDESTE,3.731142857142857
04-01-2016,GASOLINA COMUM,SUL,3.8088260869565214
04-01-2016,GLP,CENTRO OESTE,61.36560606060606
04-01-2016,GLP,NORDESTE,52.422636363636364
04-01-2016,GLP,NORTE,61.472589743589744
04-01-2016,GLP,SUDESTE,52.14811160714286
04-01-2016,GLP,SUL,55.29990217391305
04-01-2016,GNV,CENTRO OESTE,2.4706
04-01-2016,GNV,NORDESTE,2.390057142857143
04-01-2016,GNV,NORTE,2.85
04-01-2016,GNV,SUDESTE,2.213746835443038
04-01-2016,GNV,SUL,2.479375
04-01-2016,OLEO DIESEL,CENTRO OESTE,3.171090909090909
04-01-2016,OLEO DIESEL,NORDESTE,3.06272
04-01-2016,OLEO DIESEL,NORTE,3.316552631578947
04-01-2016,OLEO DIESEL,SUDESTE,2.9883991031390136
04-01-2016,OLEO DIESEL,SUL,2.9397065217391303
04-01-2016,OLEO DIESEL S10,CENTRO OESTE,3.3308787878787878
04-01-2016,OLEO DIESEL S10,NORDESTE,3.174044642857143
04-01-2016,OLEO DIESEL S10,NORTE,3.4319499999999996
04-01-2016,OLEO DIESEL S10,SUDESTE,3.1173348214285714
04-01-2016,OLEO DIESEL S10,SUL,3.0754130434782607
04-01-2017,ETANOL HIDRATADO,CENTRO OESTE,2.837151515151515
04-01-2017,ETANOL HIDRATADO,NORDESTE,3.1472792792792794
04-01-2017,ETANOL HIDRATADO,NORTE,3.6564848484848484
04-01-2017,ETANOL HIDRATADO,SUDESTE,2.7635669642857144
04-01-2017,ETANOL HIDRATADO,SUL,3.2952391304347826
04-01-2017,GASOLINA COMUM,CENTRO OESTE,3.7464545454545455
04-01-2017,GASOLINA COMUM,NORDESTE,3.7079196428571426
04-01-2017,GASOLINA COMUM,NORTE,4.0310749999999995
04-01-2017,GASOLINA COMUM,SUDESTE,3.6891428571428575
04-01-2017,GASOLINA COMUM,SUL,3.7185108695652174
04-01-2017,GLP,CENTRO OESTE,64.23321212121212
04-01-2017,GLP,NORDESTE,55.152290909090915
04-01-2017,GLP,NORTE,67.56025641025641
04-01-2017,GLP,SUDESTE,56.015349775784756
04-01-2017,GLP,SUL,58.399239130434786
04-01-2017,GNV,CENTRO OESTE,2.4499999999999997
04-01-2017,GNV,NORDESTE,2.435611111111111
04-01-2017,GNV,NORTE,2.917
04-01-2017,GNV,SUDESTE,2.320388888888889
04-01-2017,GNV,SUL,2.4163333333333337
04-01-2017,OLEO DIESEL,CENTRO OESTE,3.2154545454545453
04-01-2017,OLEO DIESEL,NORDESTE,3.0159583333333333
04-01-2017,OLEO DIESEL,NORTE,3.3155833333333335
04-01-2017,OLEO DIESEL,SUDESTE,3.0109508928571427
04-01-2017,OLEO DIESEL,SUL,2.9240108695652176
04-01-2017,OLEO DIESEL S10,CENTRO OESTE,3.3593939393939394
04-01-2017,OLEO DIESEL S10,NORDESTE,3.106419642857143
04-01-2017,OLEO DIESEL S10,NORTE,3.4256
04-01-2017,OLEO DIESEL S10,SUDESTE,3.134308035714286
04-01-2017,OLEO DIESEL S10,SUL,3.0532717391304347
04-01-2018,ETANOL HIDRATADO,CENTRO OESTE,3.22778125
04-01-2018,ETANOL HIDRATADO,NORDESTE,3.4493829787234045
04-01-2018,ETANOL HIDRATADO,NORTE,3.8293666666666666
04-01-2018,ETANOL HIDRATADO,SUDESTE,3.124403846153846
04-01-2018,ETANOL HIDRATADO,SUL,3.6291395348837208
04-01-2018,GASOLINA COMUM,CENTRO OESTE,4.36028125
04-01-2018,GASOLINA COMUM,NORDESTE,4.230635416666667
04-01-2018,GASOLINA COMUM,NORTE,4.458459459459459
04-01-2018,GASOLINA COMUM,SUDESTE,4.314245192307693
04-01-2018,GASOLINA COMUM,SUL,4.240465116279069
04-01-2018,GLP,CENTRO OESTE,77.7771875
04-01-2018,GLP,NORDESTE,64.76780208333334
04-01-2018,GLP,NORTE,79.1067027027027
04-01-2018,GLP,SUDESTE,65.13638647342995
04-01-2018,GLP,SUL,68.93272093023256
04-01-2018,GNV,CENTRO OESTE,2.638333333333333
04-01-2018,GNV,NORDESTE,2.7836250000000002
04-01-2018,GNV,NORTE,3.17
04-01-2018,GNV,SUDESTE,2.563027397260274
04-01-2018,GNV,SUL,2.576
04-01-2018,OLEO DIESEL,CENTRO OESTE,3.63296875
04-01-2018,OLEO DIESEL,NORDESTE,3.4516705882352943
04-01-2018,OLEO DIESEL,NORTE,3.665787878787879
04-01-2018,OLEO DIESEL,SUDESTE,3.4373269230769234
04-01-2018,OLEO DIESEL,SUL,3.302511627906977
04-01-2018,OLEO DIESEL S10,CENTRO OESTE,3.73834375
04-01-2018,OLEO DIESEL S10,NORDESTE,3.5254166666666666
04-01-2018,OLEO DIESEL S10,NORTE,3.7623783783783784
04-01-2018,OLEO DIESEL S10,SUDESTE,3.5460961538461535
04-01-2018,OLEO DIESEL S10,SUL,3.4065465116279072
05-01-2016,ETANOL HIDRATADO,CENTRO OESTE,2.726909090909091
05-01-2016,ETANOL HIDRATADO,NORDESTE,3.177351351351351
05-01-2016,ETANOL HIDRATADO,NORTE,3.5318823529411767
05-01-2016,ETANOL HIDRATADO,SUDESTE,2.570674107142857
05-01-2016,ETANOL HIDRATADO,SUL,3.1727802197802197
05-01-2016,GASOLINA COMUM,CENTRO OESTE,3.7604848484848485
05-01-2016,GASOLINA COMUM,NORDESTE,3.82225
05-01-2016,GASOLINA COMUM,NORTE,4.032500000000001
05-01-2016,GASOLINA COMUM,SUDESTE,3.685660714285714
05-01-2016,GASOLINA COMUM,SUL,3.778978260869565
05-01-2016,GLP,CENTRO OESTE,61.32993939393939
05-01-2016,GLP,NORDESTE,51.998354545454546
05-01-2016,GLP,NORTE,61.26415384615385
05-01-2016,GLP,SUDESTE,51.839656250000004
05-01-2016,GLP,SUL,55.18455434782609
05-01-2016,GNV,CENTRO OESTE,2.6728
05-01-2016,GNV,NORDESTE,2.411025641025641
05-01-2016,GNV,NORTE,2.85
05-01-2016,GNV,SUDESTE,2.227341772151899
05-01-2016,GNV,SUL,2.4703928571428575
05-01-2016,OLEO DIESEL,CENTRO OESTE,3.1657575757575755
05-01-2016,OLEO DIESEL,NORDESTE,3.0531599999999997
05-01-2016,OLEO DIESEL,NORTE,3.3176315789473683
05-01-2016,OLEO DIESEL,SUDESTE,2.9864170403587442
05-01-2016,OLEO DIESEL,SUL,2.9341956521739134
05-01-2016,OLEO DIESEL S10,CENTRO OESTE,3.329181818181818
05-01-2016,OLEO DIESEL S10,NORDESTE,3.1668660714285717
05-01-2016,OLEO DIESEL S10,NORTE,3.4315249999999997
05-01-2016,OLEO DIESEL S10,SUDESTE,3.1159419642857142
05-01-2016,OLEO DIESEL S10,SUL,3.0727499999999996
05-01-2017,ETANOL HIDRATADO,CENTRO OESTE,2.7926060606060608
05-01-2017,ETANOL HIDRATADO,NORDESTE,3.1390090090090093
05-01-2017,ETANOL HIDRATADO,NORTE,3.629
05-01-2017,ETANOL HIDRATADO,SUDESTE,2.708125
05-01-2017,ETANOL HIDRATADO,SUL,3.230836956521739
05-01-2017,GASOLINA COMUM,CENTRO OESTE,3.726060606060606
05-01-2017,GASOLINA COMUM,NORDESTE,3.715491071428571
05-01-2017,GASOLINA COMUM,NORTE,3.993125
05-01-2017,GASOLINA COMUM,SUDESTE,3.668767857142857
05-01-2017,GASOLINA COMUM,SUL,3.693173913043478
05-01-2017,GLP,CENTRO OESTE,64.21521212121212
05-01-2017,GLP,NORDESTE,55.28510909090909
05-01-2017,GLP,NORTE,67.65305128205128
05-01-2017,GLP,SUDESTE,55.861192825112106
05-01-2017,GLP,SUL,58.985663043478255
05-01-2017,GNV,CENTRO OESTE,2.4423333333333335
05-01-2017,GNV,NORDESTE,2.4654848484848486
05-01-2017,GNV,NORTE,2.85
05-01-2017,GNV,SUDESTE,2.335714285714286
05-01-2017,GNV,SUL,2.438814814814815
05-01-2017,OLEO DIESEL,CENTRO OESTE,3.2113030303030303
05-01-2017,OLEO DIESEL,NORDESTE,3.0258453608247424
05-01-2017,OLEO DIESEL,NORTE,3.3002777777777776
05-01-2017,OLEO DIESEL,SUDESTE,3.0218660714285717
05-01-2017,OLEO DIESEL,SUL,2.9223586956521737
05-01-2017,OLEO DIESEL S10,CENTRO OESTE,3.354727272727273
05-01-2017,OLEO DIESEL S10,NORDESTE,3.1124642857142857
05-01-2017,OLEO DIESEL S10,NORTE,3.40815
05-01-2017,OLEO DIESEL S10,SUDESTE,3.142669642857143
05-01-2017,OLEO DIESEL S10,SUL,3.046576086956522
05-01-2018,ETANOL HIDRATADO,CENTRO OESTE,3.0335
05-01-2018,ETANOL HIDRATADO,NORDESTE,3.4858404255319146
05-01-2018,ETANOL HIDRATADO,NORTE,3.8574333333333333
05-01-2018,ETANOL HIDRATADO,SUDESTE,2.961721153846154
05-01-2018,ETANOL HIDRATADO,SUL,3.549105882352941
05-01-2018,GASOLINA COMUM,CENTRO OESTE,4.40634375
05-01-2018,GASOLINA COMUM,NORDESTE,4.3841875
05-01-2018,GASOLINA COMUM,NORTE,4.551648648648649
05-01-2018,GASOLINA COMUM,SUDESTE,4.386230769230769
05-01-2018,GASOLINA COMUM,SUL,4.330581395348838
05-01-2018,GLP,CENTRO OESTE,77.9651875
05-01-2018,GLP,NORDESTE,64.70802083333334
05-01-2018,GLP,NORTE,79.30805405405405
05-01-2018,GLP,SUDESTE,65.15914492753623
05-01-2018,GLP,SUL,68.91810465116279
05-01-2018,GNV,CENTRO OESTE,2.7405
05-01-2018,GNV,NORDESTE,2.869655172413793
05-01-2018,GNV,NORTE,3.179
05-01-2018,GNV,SUDESTE,2.608337837837838
05-01-2018,GNV,SUL,2.610222222222222
05-01-2018,OLEO DIESEL,CENTRO OESTE,3.8285625
05-01-2018,OLEO DIESEL,NORDESTE,3.659382716049383
05-01-2018,OLEO DIESEL,NORTE,3.813029411764706
05-01-2018,OLEO DIESEL,SUDESTE,3.629966346153846
05-01-2018,OLEO DIESEL,SUL,3.5085697674418608
05-01-2018,OLEO DIESEL S10,CENTRO OESTE,3.9395000000000002
05-01-2018,OLEO DIESEL S10,NORDESTE,3.7280416666666665
05-01-2018,OLEO DIESEL S10,NORTE,3.924081081081081
05-01-2018,OLEO DIESEL S10,SUDESTE,3.7340913461538463
05-01-2018,OLEO DIESEL S10,SUL,3.608360465116279
06-01-2016,ETANOL HIDRATADO,CENTRO OESTE,2.6706363636363637
06-01-2016,ETANOL HIDRATADO,NORDESTE,3.1225045045045046
06-01-2016,ETANOL HIDRATADO,NORTE,3.4933030303030304
06-01-2016,ETANOL HIDRATADO,SUDESTE,2.5519017857142856
06-01-2016,ETANOL HIDRATADO,SUL,3.083902173913043
06-01-2016,GASOLINA COMUM,CENTRO OESTE,3.7287878787878785
06-01-2016,GASOLINA COMUM,NORDESTE,3.7978660714285715
06-01-2016,GASOLINA COMUM,NORTE,4.02455
06-01-2016,GASOLINA COMUM,SUDESTE,3.6729151785714285
06-01-2016,GASOLINA COMUM,SUL,3.7369891304347824
06-01-2016,GLP,CENTRO OESTE,61.32336363636364
06-01-2016,GLP,NORDESTE,51.80755454545454
06-01-2016,GLP,NORTE,61.20066666666667
06-01-2016,GLP,SUDESTE,51.671763392857144
06-01-2016,GLP,SUL,55.18479347826087
06-01-2016,GNV,CENTRO OESTE,2.388
06-01-2016,GNV,NORDESTE,2.3256216216216217
06-01-2016,GNV,NORTE,2.85
06-01-2016,GNV,SUDESTE,2.2141714285714285
06-01-2016,GNV,SUL,2.471758620689655
06-01-2016,OLEO DIESEL,CENTRO OESTE,3.159939393939394
06-01-2016,OLEO DIESEL,NORDESTE,3.045762376237624
06-01-2016,OLEO DIESEL,NORTE,3.310105263157895
06-01-2016,OLEO DIESEL,SUDESTE,2.988174887892377
06-01-2016,OLEO DIESEL,SUL,2.9269347826086958
06-01-2016,OLEO DIESEL S10,CENTRO OESTE,3.328969696969697
06-01-2016,OLEO DIESEL S10,NORDESTE,3.1603839285714286
06-01-2016,OLEO DIESEL S10,NORTE,3.43165
06-01-2016,OLEO DIESEL S10,SUDESTE,3.1171562500000003
06-01-2016,OLEO DIESEL S10,SUL,3.068217391304348
06-01-2017,ETANOL HIDRATADO,CENTRO OESTE,2.695212121212121
06-01-2017,ETANOL HIDRATADO,NORDESTE,3.113375
06-01-2017,ETANOL HIDRATADO,NORTE,3.574970588235294
06-01-2017,ETANOL HIDRATADO,SUDESTE,2.6099196428571427
06-01-2017,ETANOL HIDRATADO,SUL,3.1612173913043478
06-01-2017,GASOLINA COMUM,CENTRO OESTE,3.6810606060606057
06-01-2017,GASOLINA COMUM,NORDESTE,3.665785714285714
06-01-2017,GASOLINA COMUM,NORTE,3.94045
06-01-2017,GASOLINA COMUM,SUDESTE,3.604379464285714
06-01-2017,GASOLINA COMUM,SUL,3.6340978260869563
06-01-2017,GLP,CENTRO OESTE,64.61548484848485
06-01-2017,GLP,NORDESTE,55.07774545454545
06-01-2017,GLP,NORTE,67.74087179487181
06-01-2017,GLP,SUDESTE,56.155452914798204
06-01-2017,GLP,SUL,59.45917391304347
06-01-2017,GNV,CENTRO OESTE,2.4453333333333336
06-01-2017,GNV,NORDESTE,2.515393939393939
06-01-2017,GNV,NORTE,2.95
06-01-2017,GNV,SUDESTE,2.3786323529411764
06-01-2017,GNV,SUL,2.4484583333333334
06-01-2017,OLEO DIESEL,CENTRO OESTE,3.182272727272727
06-01-2017,OLEO DIESEL,NORDESTE,3.0005104166666663
06-01-2017,OLEO DIESEL,NORTE,3.2559444444444443
06-01-2017,OLEO DIESEL,SUDESTE,2.99403125
06-01-2017,OLEO DIESEL,SUL,2.879445652173913
06-01-2017,OLEO DIESEL S10,CENTRO OESTE,3.3252121212121213
06-01-2017,OLEO DIESEL S10,NORDESTE,3.085651785714286
06-01-2017,OLEO DIESEL S10,NORTE,3.3695250000000003
06-01-2017,OLEO DIESEL S10,SUDESTE,3.1140401785714285
06-01-2017,OLEO DIESEL S10,SUL,3.003576086956522
06-01-2018,ETANOL HIDRATADO,CENTRO OESTE,3.05390625
06-01-2018,ETANOL HIDRATADO,NORDESTE,3.5745319148936168
06-01-2018,ETANOL HIDRATADO,NORTE,3.8609310344827588
06-01-2018,ETANOL HIDRATADO,SUDESTE,3.0560913461538464
06-01-2018,ETANOL HIDRATADO,SUL,3.6038720930232557
06-01-2018,GASOLINA COMUM,CENTRO OESTE,4.69115625
06-01-2018,GASOLINA COMUM,NORDESTE,4.605385416666667
06-01-2018,GASOLINA COMUM,NORTE,4.692162162162162
06-01-2018,GASOLINA COMUM,SUDESTE,4.636201923076923
06-01-2018,GASOLINA COMUM,SUL,4.567406976744186
06-01-2018,GLP,CENTRO OESTE,79.07000000000001
06-01-2018,GLP,NORDESTE,66.55081249999999
06-01-2018,GLP,NORTE,79.70054054054054
06-01-2018,GLP,SUDESTE,67.32234782608695
06-01-2018,GLP,SUL,69.58112790697675
06-01-2018,GNV,CENTRO OESTE,3.0385
06-01-2018,GNV,NORDESTE,2.9058333333333333
06-01-2018,GNV,NORTE,3.168
06-01-2018,GNV,SUDESTE,2.6857272727272727
06-01-2018,GNV,SUL,2.6077692307692306
06-01-2018,OLEO DIESEL,CENTRO OESTE,3.67065625
06-01-2018,OLEO DIESEL,NORDESTE,3.511113924050633
06-01-2018,OLEO DIESEL,NORTE,3.6483333333333334
06-01-2018,OLEO DIESEL,SUDESTE,3.41612077294686
06-01-2018,OLEO DIESEL,SUL,3.300197674418605
06-01-2018,OLEO DIESEL S10,CENTRO OESTE,3.76909375
06-01-2018,OLEO DIESEL S10,NORDESTE,3.5695416666666664
06-01-2018,OLEO DIESEL S10,NORTE,3.7449729729729726
06-01-2018,OLEO DIESEL S10,SUDESTE,3.5178990384615383
06-01-2018,OLEO DIESEL S10,SUL,3.40153488372093
07-01-2016,ETANOL HIDRATADO,CENTRO OESTE,2.6518484848484847
07-01-2016,ETANOL HIDRATADO,NORDESTE,3.1176396396396395
07-01-2016,ETANOL HIDRATADO,NORTE,3.4975
07-01-2016,ETANOL HIDRATADO,SUDESTE,2.538602678571429
07-01-2016,ETANOL HIDRATADO,SUL,3.054130434782609
07-01-2016,GASOLINA COMUM,CENTRO OESTE,3.7122424242424246
07-01-2016,GASOLINA COMUM,NORDESTE,3.7939107142857145
07-01-2016,GASOLINA COMUM,NORTE,4.0200249999999995
07-01-2016,GASOLINA COMUM,SUDESTE,3.663205357142857
07-01-2016,GASOLINA COMUM,SUL,3.728445652173913
07-01-2016,GLP,CENTRO OESTE,61.05042424242424
07-01-2016,GLP,NORDESTE,51.46031818181818
07-01-2016,GLP,NORTE,61.03576923076923
07-01-2016,GLP,SUDESTE,51.455834821428574
07-01-2016,GLP,SUL,55.16965217391304
07-01-2016,GNV,CENTRO OESTE,2.4895
07-01-2016,GNV,NORDESTE,2.3339166666666666
07-01-2016,GNV,NORTE,2.8594999999999997
07-01-2016,GNV,SUDESTE,2.226857142857143
07-01-2016,GNV,SUL,2.4673666666666665
07-01-2016,OLEO DIESEL,CENTRO OESTE,3.1625151515151515
07-01-2016,OLEO DIESEL,NORDESTE,3.04468
07-01-2016,OLEO DIESEL,NORTE,3.309027027027027
07-01-2016,OLEO DIESEL,SUDESTE,2.987654708520179
07-01-2016,OLEO DIESEL,SUL,2.9239565217391306
07-01-2016,OLEO DIESEL S10,CENTRO OESTE,3.3233939393939393
07-01-2016,OLEO DIESEL S10,NORDESTE,3.1569107142857145
07-01-2016,OLEO DIESEL S10,NORTE,3.426225
07-01-2016,OLEO DIESEL S10,SUDESTE,3.116142857142857
07-01-2016,OLEO DIESEL S10,SUL,3.0667391304347826
07-01-2017,ETANOL HIDRATADO,CENTRO OESTE,2.6436363636363636
07-01-2017,ETANOL HIDRATADO,NORDESTE,3.1035357142857145
07-01-2017,ETANOL HIDRATADO,NORTE,3.5228529411764704
07-01-2017,ETANOL HIDRATADO,SUDESTE,2.5681026785714285
07-01-2017,ETANOL HIDRATADO,SUL,3.095141304347826
07-01-2017,GASOLINA COMUM,CENTRO OESTE,3.663212121212121
07-01-2017,GASOLINA COMUM,NORDESTE,3.674982142857143
07-01-2017,GASOLINA COMUM,NORTE,3.9088749999999997
07-01-2017,GASOLINA COMUM,SUDESTE,3.6088705357142854
07-01-2017,GASOLINA COMUM,SUL,3.627673913043478
07-01-2017,GLP,CENTRO OESTE,65.3129696969697
07-01-2017,GLP,NORDESTE,55.340709090909094
07-01-2017,GLP,NORTE,67.25353846153845
07-01-2017,GLP,SUDESTE,56.42372197309417
07-01-2017,GLP,SUL,59.61053260869565
07-01-2017,GNV,CENTRO OESTE,2.4433333333333334
07-01-2017,GNV,NORDESTE,2.49075
07-01-2017,GNV,NORTE,2.826
07-01-2017,GNV,SUDESTE,2.388955223880597
07-01-2017,GNV,SUL,2.4306451612903226
07-01-2017,OLEO DIESEL,CENTRO OESTE,3.1624242424242426
07-01-2017,OLEO DIESEL,NORDESTE,2.9858229166666668
07-01-2017,OLEO DIESEL,NORTE,3.218583333333333
07-01-2017,OLEO DIESEL,SUDESTE,2.984714285714286
07-01-2017,OLEO DIESEL,SUL,2.8377826086956524
07-01-2017,OLEO DIESEL S10,CENTRO OESTE,3.304909090909091
07-01-2017,OLEO DIESEL S10,NORDESTE,3.0695535714285715
07-01-2017,OLEO DIESEL S10,NORTE,3.33575
07-01-2017,OLEO DIESEL S10,SUDESTE,3.104125
07-01-2017,OLEO DIESEL S10,SUL,2.9577391304347826
07-01-2018,ETANOL HIDRATADO,CENTRO OESTE,2.97146875
07-01-2018,ETANOL HIDRATADO,NORDESTE,3.5682765957446807
07-01-2018,ETANOL HIDRATADO,NORTE,3.834966666666667
07-01-2018,ETANOL HIDRATADO,SUDESTE,2.9246778846153845
07-01-2018,ETANOL HIDRATADO,SUL,3.5342558139534885
07-01-2018,GASOLINA COMUM,CENTRO OESTE,4.63634375
07-01-2018,GASOLINA COMUM,NORDESTE,4.574614583333333
07-01-2018,GASOLINA COMUM,NORTE,4.663810810810811
07-01-2018,GASOLINA COMUM,SUDESTE,4.574447115384616
07-01-2018,GASOLINA COMUM,SUL,4.527918604651163
07-01-2018,GLP,CENTRO OESTE,78.7300625
07-01-2018,GLP,NORDESTE,66.73290625
07-01-2018,GLP,NORTE,79.31451351351352
07-01-2018,GLP,SUDESTE,66.99461057692308
07-01-2018,GLP,SUL,69.70382558139535
07-01-2018,GNV,CENTRO OESTE,2.6425
07-01-2018,GNV,NORDESTE,2.92772
07-01-2018,GNV,NORTE,3.09
07-01-2018,GNV,SUDESTE,2.66264
07-01-2018,GNV,SUL,2.704285714285714
07-01-2018,OLEO DIESEL,CENTRO OESTE,3.5815625
07-01-2018,OLEO DIESEL,NORDESTE,3.446025
07-01-2018,OLEO DIESEL,NORTE,3.6075757575757574
07-01-2018,OLEO DIESEL,SUDESTE,3.3674326923076925
07-01-2018,OLEO DIESEL,SUL,3.2653488372093022
07-01-2018,OLEO DIESEL S10,CENTRO OESTE,3.67609375
07-01-2018,OLEO DIESEL S10,NORDESTE,3.5049166666666665
07-01-2018,OLEO DIESEL S10,NORTE,3.704918918918919
07-01-2018,OLEO DIESEL S10,SUDESTE,3.4684423076923077
07-01-2018,OLEO DIESEL S10,SUL,3.3667441860465117
08-01-2016,ETANOL HIDRATADO,CENTRO OESTE,2.655787878787879
08-01-2016,ETANOL HIDRATADO,NORDESTE,3.1154774774774774
08-01-2016,ETANOL HIDRATADO,NORTE,3.4930882352941177
08-01-2016,ETANOL HIDRATADO,SUDESTE,2.569924107142857
08-01-2016,ETANOL HIDRATADO,SUL,3.051869565217391
08-01-2016,GASOLINA COMUM,CENTRO OESTE,3.7134242424242427
08-01-2016,GASOLINA COMUM,NORDESTE,3.7813928571428574
08-01-2016,GASOLINA COMUM,NORTE,4.020975
08-01-2016,GASOLINA COMUM,SUDESTE,3.666982142857143
08-01-2016,GASOLINA COMUM,SUL,3.7343804347826084
08-01-2016,GLP,CENTRO OESTE,60.83530303030303
08-01-2016,GLP,NORDESTE,51.29720909090909
08-01-2016,GLP,NORTE,61.16028205128206
08-01-2016,GLP,SUDESTE,51.412125
08-01-2016,GLP,SUL,55.22051086956522
08-01-2016,GNV,CENTRO OESTE,2.3946666666666667
08-01-2016,GNV,NORDESTE,2.330638888888889
08-01-2016,GNV,NORTE,2.55
08-01-2016,GNV,SUDESTE,2.2150416666666666
08-01-2016,GNV,SUL,2.5006206896551726
08-01-2016,OLEO DIESEL,CENTRO OESTE,3.1615757575757573
08-01-2016,OLEO DIESEL,NORDESTE,3.04427
08-01-2016,OLEO DIESEL,NORTE,3.301216216216216
08-01-2016,OLEO DIESEL,SUDESTE,2.986811659192825
08-01-2016,OLEO DIESEL,SUL,2.921163043478261
08-01-2016,OLEO DIESEL S10,CENTRO OESTE,3.3216060606060607
08-01-2016,OLEO DIESEL S10,NORDESTE,3.1526875
08-01-2016,OLEO DIESEL S10,NORTE,3.4225749999999997
08-01-2016,OLEO DIESEL S10,SUDESTE,3.1158839285714284
08-01-2016,OLEO DIESEL S10,SUL,3.0640760869565216
08-01-2017,ETANOL HIDRATADO,CENTRO OESTE,2.7635312499999998
08-01-2017,ETANOL HIDRATADO,NORDESTE,3.1772604166666665
08-01-2017,ETANOL HIDRATADO,NORTE,3.5654482758620687
08-01-2017,ETANOL HIDRATADO,SUDESTE,2.6944471153846155
08-01-2017,ETANOL HIDRATADO,SUL,3.2052558139534884
08-01-2017,GASOLINA COMUM,CENTRO OESTE,3.90428125
08-01-2017,GASOLINA COMUM,NORDESTE,3.8884375
08-01-2017,GASOLINA COMUM,NORTE,4.113162162162163
08-01-2017,GASOLINA COMUM,SUDESTE,3.8196923076923075
08-01-2017,GASOLINA COMUM,SUL,3.871186046511628
08-01-2017,GLP,CENTRO OESTE,65.74175
08-01-2017,GLP,NORDESTE,55.40483333333333
08-01-2017,GLP,NORTE,67.18475675675677
08-01-2017,GLP,SUDESTE,56.372386473429955
08-01-2017,GLP,SUL,59.55538372093023
08-01-2017,GNV,CENTRO OESTE,2.486666666666667
08-01-2017,GNV,NORDESTE,2.5614814814814815
08-01-2017,GNV,NORTE,2.83
08-01-2017,GNV,SUDESTE,2.407
08-01-2017,GNV,SUL,2.403541666666667
08-01-2017,OLEO DIESEL,CENTRO OESTE,3.30871875
08-01-2017,OLEO DIESEL,NORDESTE,3.1179642857142857
08-01-2017,OLEO DIESEL,NORTE,3.3368181818181815
08-01-2017,OLEO DIESEL,SUDESTE,3.114269230769231
08-01-2017,OLEO DIESEL,SUL,2.9758953488372093
08-01-2017,OLEO DIESEL S10,CENTRO OESTE,3.4371875
08-01-2017,OLEO DIESEL S10,NORDESTE,3.197416666666667
08-01-2017,OLEO DIESEL S10,NORTE,3.448054054054054
08-01-2017,OLEO DIESEL S10,SUDESTE,3.238504807692308
08-01-2017,OLEO DIESEL S10,SUL,3.0936279069767445
08-01-2018,ETANOL HIDRATADO,CENTRO OESTE,2.8880625
08-01-2018,ETANOL HIDRATADO,NORDESTE,3.528031914893617
08-01-2018,ETANOL HIDRATADO,NORTE,3.8049642857142856
08-01-2018,ETANOL HIDRATADO,SUDESTE,2.7912740384615384
08-01-2018,ETANOL HIDRATADO,SUL,3.4108837209302325
08-01-2018,GASOLINA COMUM,CENTRO OESTE,4.581625
08-01-2018,GASOLINA COMUM,NORDESTE,4.5488437500000005
08-01-2018,GASOLINA COMUM,NORTE,4.683567567567567
08-01-2018,GASOLINA COMUM,SUDESTE,4.5426730769230765
08-01-2018,GASOLINA COMUM,SUL,4.469197674418605
08-01-2018,GLP,CENTRO OESTE,77.76259375
08-01-2018,GLP,NORDESTE,66.80317708333332
08-01-2018,GLP,NORTE,79.73016216216216
08-01-2018,GLP,SUDESTE,66.84097596153846
08-01-2018,GLP,SUL,69.08162790697673
08-01-2018,GNV,CENTRO OESTE,2.6455
08-01-2018,GNV,NORDESTE,2.96275
08-01-2018,GNV,NORTE,3.3175
08-01-2018,GNV,SUDESTE,2.7280945945945945
08-01-2018,GNV,SUL,2.8495172413793104
08-01-2018,OLEO DIESEL,CENTRO OESTE,3.54625
08-01-2018,OLEO DIESEL,NORDESTE,3.440088607594937
08-01-2018,OLEO DIESEL,NORTE,3.6106969696969697
08-01-2018,OLEO DIESEL,SUDESTE,3.3613461538461538
08-01-2018,OLEO DIESEL,SUL,3.2600235294117645
08-01-2018,OLEO DIESEL S10,CENTRO OESTE,3.63803125
08-01-2018,OLEO DIESEL S10,NORDESTE,3.4971979166666665
08-01-2018,OLEO DIESEL S10,NORTE,3.705378378378378
08-01-2018,OLEO DIESEL S10,SUDESTE,3.4648173076923077
08-01-2018,OLEO DIESEL S10,SUL,3.358453488372093
09-01-2016,ETANOL HIDRATADO,CENTRO OESTE,2.666090909090909
09-01-2016,ETANOL HIDRATADO,NORDESTE,3.111171171171171
09-01-2016,ETANOL HIDRATADO,NORTE,3.498941176470588
09-01-2016,ETANOL HIDRATADO,SUDESTE,2.5940401785714284
09-01-2016,ETANOL HIDRATADO,SUL,3.055010869565217
09-01-2016,GASOLINA COMUM,CENTRO OESTE,3.7181212121212117
09-01-2016,GASOLINA COMUM,NORDESTE,3.761098214285714
09-01-2016,GASOLINA COMUM,NORTE,4.028375
09-01-2016,GASOLINA COMUM,SUDESTE,3.667017857142857
09-01-2016,GASOLINA COMUM,SUL,3.739902173913044
09-01-2016,GLP,CENTRO OESTE,61.815636363636365
09-01-2016,GLP,NORDESTE,53.9406
09-01-2016,GLP,NORTE,62.88971794871795
09-01-2016,GLP,SUDESTE,53.60028571428571
09-01-2016,GLP,SUL,56.16991304347825
09-01-2016,GNV,CENTRO OESTE,2.3913333333333333
09-01-2016,GNV,NORDESTE,2.351736842105263
09-01-2016,GNV,NORTE,2.7445
09-01-2016,GNV,SUDESTE,2.2342285714285715
09-01-2016,GNV,SUL,2.4982333333333333
09-01-2016,OLEO DIESEL,CENTRO OESTE,3.1631515151515153
09-01-2016,OLEO DIESEL,NORDESTE,3.0409405940594056
09-01-2016,OLEO DIESEL,NORTE,3.3037567567567567
09-01-2016,OLEO DIESEL,SUDESTE,2.9838699551569507
09-01-2016,OLEO DIESEL,SUL,2.9210000000000003
09-01-2016,OLEO DIESEL S10,CENTRO OESTE,3.318212121212121
09-01-2016,OLEO DIESEL S10,NORDESTE,3.148830357142857
09-01-2016,OLEO DIESEL S10,NORTE,3.4265
09-01-2016,OLEO DIESEL S10,SUDESTE,3.114
09-01-2016,OLEO DIESEL S10,SUL,3.0630652173913044
09-01-2017,ETANOL HIDRATADO,CENTRO OESTE,2.75115625
09-01-2017,ETANOL HIDRATADO,NORDESTE,3.1816631578947367
09-01-2017,ETANOL HIDRATADO,NORTE,3.5619655172413793
09-01-2017,ETANOL HIDRATADO,SUDESTE,2.7205432692307694
09-01-2017,ETANOL HIDRATADO,SUL,3.224883720930232
09-01-2017,GASOLINA COMUM,CENTRO OESTE,3.986625
09-01-2017,GASOLINA COMUM,NORDESTE,3.937791666666667
09-01-2017,GASOLINA COMUM,NORTE,4.186594594594594
09-01-2017,GASOLINA COMUM,SUDESTE,3.893355769230769
09-01-2017,GASOLINA COMUM,SUL,3.966162790697674
09-01-2017,GLP,CENTRO OESTE,66.78834375
09-01-2017,GLP,NORDESTE,57.369499999999995
09-01-2017,GLP,NORTE,68.68845945945945
09-01-2017,GLP,SUDESTE,57.98802898550724
09-01-2017,GLP,SUL,60.44108139534884
09-01-2017,GNV,CENTRO OESTE,2.4936666666666665
09-01-2017,GNV,NORDESTE,2.5581153846153843
09-01-2017,GNV,NORTE,2.85
09-01-2017,GNV,SUDESTE,2.4000000000000004
09-01-2017,GNV,SUL,2.440346153846154
09-01-2017,OLEO DIESEL,CENTRO OESTE,3.38196875
09-01-2017,OLEO DIESEL,NORDESTE,3.1623764705882356
09-01-2017,OLEO DIESEL,NORTE,3.389181818181818
09-01-2017,OLEO DIESEL,SUDESTE,3.187860576923077
09-01-2017,OLEO DIESEL,SUL,3.0675930232558137
09-01-2017,OLEO DIESEL S10,CENTRO OESTE,3.51271875
09-01-2017,OLEO DIESEL S10,NORDESTE,3.242354166666667
09-01-2017,OLEO DIESEL S10,NORTE,3.4924594594594596
09-01-2017,OLEO DIESEL S10,SUDESTE,3.3118173076923076
09-01-2017,OLEO DIESEL S10,SUL,3.181127906976744
09-01-2018,ETANOL HIDRATADO,CENTRO OESTE,3.000875
09-01-2018,ETANOL HIDRATADO,NORDESTE,3.5118936170212764
09-01-2018,ETANOL HIDRATADO,NORTE,3.855
09-01-2018,ETANOL HIDRATADO,SUDESTE,2.904235576923077
09-01-2018,ETANOL HIDRATADO,SUL,3.459755813953488
09-01-2018,GASOLINA COMUM,CENTRO OESTE,4.7590625
09-01-2018,GASOLINA COMUM,NORDESTE,4.687885416666666
09-01-2018,GASOLINA COMUM,NORTE,4.842837837837838
09-01-2018,GASOLINA COMUM,SUDESTE,4.692033653846154
09-01-2018,GASOLINA COMUM,SUL,4.6229767441860465
09-01-2018,GLP,CENTRO OESTE,77.51984375
09-01-2018,GLP,NORDESTE,66.88488541666666
09-01-2018,GLP,NORTE,80.44964864864865
09-01-2018,GLP,SUDESTE,66.81741826923077
09-01-2018,GLP,SUL,69.23140697674418
09-01-2018,GNV,CENTRO OESTE,2.776
09-01-2018,GNV,NORDESTE,3.063125
09-01-2018,GNV,NORTE,3.155
09-01-2018,GNV,SUDESTE,2.7569999999999997
09-01-2018,GNV,SUL,2.937193548387097
09-01-2018,OLEO DIESEL,CENTRO OESTE,3.76959375
09-01-2018,OLEO DIESEL,NORDESTE,3.6679871794871794
09-01-2018,OLEO DIESEL,NORTE,3.8573529411764707
09-01-2018,OLEO DIESEL,SUDESTE,3.578629807692308
09-01-2018,OLEO DIESEL,SUL,3.4939999999999998
09-01-2018,OLEO DIESEL S10,CENTRO OESTE,3.867625
09-01-2018,OLEO DIESEL S10,NORDESTE,3.73209375
09-01-2018,OLEO DIESEL S10,NORTE,3.9440810810810816
09-01-2018,OLEO DIESEL S10,SUDESTE,3.6771009615384616
09-01-2018,OLEO DIESEL S10,SUL,3.5959651162790696
10-01-2016,ETANOL HIDRATADO,CENTRO OESTE,2.7761818181818185
10-01-2016,ETANOL HIDRATADO,NORDESTE,3.123675675675676
10-01-2016,ETANOL HIDRATADO,NORTE,3.5034848484848484
10-01-2016,ETANOL HIDRATADO,SUDESTE,2.757758928571428
10-01-2016,ETANOL HIDRATADO,SUL,3.170714285714286
10-01-2016,GASOLINA COMUM,CENTRO OESTE,3.753393939393939
10-01-2016,GASOLINA COMUM,NORDESTE,3.7699017857142856
10-01-2016,GASOLINA COMUM,NORTE,4.02215
10-01-2016,GASOLINA COMUM,SUDESTE,3.6916116071428573
10-01-2016,GASOLINA COMUM,SUL,3.7523478260869565
10-01-2016,GLP,CENTRO OESTE,63.49503030303031
10-01-2016,GLP,NORDESTE,54.62191818181818
10-01-2016,GLP,NORTE,64.33935897435897
10-01-2016,GLP,SUDESTE,54.17641964285714
10-01-2016,GLP,SUL,57.16741304347826
10-01-2016,GNV,CENTRO OESTE,2.417
10-01-2016,GNV,NORDESTE,2.3345135135135133
10-01-2016,GNV,NORTE,2.7045
10-01-2016,GNV,SUDESTE,2.234216216216216
10-01-2016,GNV,SUL,2.479074074074074
10-01-2016,OLEO DIESEL,CENTRO OESTE,3.165212121212121
10-01-2016,OLEO DIESEL,NORDESTE,3.0361000000000002
10-01-2016,OLEO DIESEL,NORTE,3.303783783783784
10-01-2016,OLEO DIESEL,SUDESTE,2.9852959641255605
10-01-2016,OLEO DIESEL,SUL,2.9194021739130434
10-01-2016,OLEO DIESEL S10,CENTRO OESTE,3.3175151515151513
10-01-2016,OLEO DIESEL S10,NORDESTE,3.1441071428571425
10-01-2016,OLEO DIESEL S10,NORTE,3.42555
10-01-2016,OLEO DIESEL S10,SUDESTE,3.1140089285714287
10-01-2016,OLEO DIESEL S10,SUL,3.059989130434783
10-01-2017,ETANOL HIDRATADO,CENTRO OESTE,2.7899375
10-01-2017,ETANOL HIDRATADO,NORDESTE,3.18765625
10-01-2017,ETANOL HIDRATADO,NORTE,3.5629285714285714
10-01-2017,ETANOL HIDRATADO,SUDESTE,2.7435961538461537
10-01-2017,ETANOL HIDRATADO,SUL,3.2454069767441864
10-01-2017,GASOLINA COMUM,CENTRO OESTE,4.02903125
10-01-2017,GASOLINA COMUM,NORDESTE,3.942458333333333
10-01-2017,GASOLINA COMUM,NORTE,4.19881081081081
10-01-2017,GASOLINA COMUM,SUDESTE,3.937033653846154
10-01-2017,GASOLINA COMUM,SUL,3.9765581395348835
10-01-2017,GLP,CENTRO OESTE,71.64846875
10-01-2017,GLP,NORDESTE,61.46465625
10-01-2017,GLP,NORTE,72.82843243243244
10-01-2017,GLP,SUDESTE,62.00893236714976
10-01-2017,GLP,SUL,63.90973255813954
10-01-2017,GNV,CENTRO OESTE,2.4949999999999997
10-01-2017,GNV,NORDESTE,2.5595769230769227
10-01-2017,GNV,NORTE,2.826
10-01-2017,GNV,SUDESTE,2.444390625
10-01-2017,GNV,SUL,2.399653846153846
10-01-2017,OLEO DIESEL,CENTRO OESTE,3.4305
10-01-2017,OLEO DIESEL,NORDESTE,3.1985882352941175
10-01-2017,OLEO DIESEL,NORTE,3.436878787878788
10-01-2017,OLEO DIESEL,SUDESTE,3.2471153846153844
10-01-2017,OLEO DIESEL,SUL,3.115093023255814
10-01-2017,OLEO DIESEL S10,CENTRO OESTE,3.55834375
10-01-2017,OLEO DIESEL S10,NORDESTE,3.27540625
10-01-2017,OLEO DIESEL S10,NORTE,3.545135135135135
10-01-2017,OLEO DIESEL S10,SUDESTE,3.3647788461538464
10-01-2017,OLEO DIESEL S10,SUL,3.2299767441860467
10-01-2018,ETANOL HIDRATADO,CENTRO OESTE,3.13671875
10-01-2018,ETANOL HIDRATADO,NORDESTE,3.5245894736842107
10-01-2018,ETANOL HIDRATADO,NORTE,3.9423870967741936
10-01-2018,ETANOL HIDRATADO,SUDESTE,3.0405432692307692
10-01-2018,ETANOL HIDRATADO,SUL,3.575790697674419
10-01-2018,GASOLINA COMUM,CENTRO OESTE,4.863375
10-01-2018,GASOLINA COMUM,NORDESTE,4.784354166666667
10-01-2018,GASOLINA COMUM,NORTE,4.928567567567567
10-01-2018,GASOLINA COMUM,SUDESTE,4.791644230769231
10-01-2018,GASOLINA COMUM,SUL,4.730848837209303
10-01-2018,GLP,CENTRO OESTE,77.46815625
10-01-2018,GLP,NORDESTE,66.78048958333333
10-01-2018,GLP,NORTE,80.52470270270271
10-01-2018,GLP,SUDESTE,67.10632692307692
10-01-2018,GLP,SUL,69.7851046511628
10-01-2018,GNV,CENTRO OESTE,2.768
10-01-2018,GNV,NORDESTE,3.1124400000000003
10-01-2018,GNV,NORTE,3.142
10-01-2018,GNV,SUDESTE,2.782739726027397
10-01-2018,GNV,SUL,2.9848214285714287
10-01-2018,OLEO DIESEL,CENTRO OESTE,3.87484375
10-01-2018,OLEO DIESEL,NORDESTE,3.7798815789473688
10-01-2018,OLEO DIESEL,NORTE,3.970117647058824
10-01-2018,OLEO DIESEL,SUDESTE,3.6738125
10-01-2018,OLEO DIESEL,SUL,3.597674418604651
10-01-2018,OLEO DIESEL S10,CENTRO OESTE,3.972
10-01-2018,OLEO DIESEL S10,NORDESTE,3.8335104166666665
10-01-2018,OLEO DIESEL S10,NORTE,4.059621621621622
10-01-2018,OLEO DIESEL S10,SUDESTE,3.773942307692308
10-01-2018,OLEO DIESEL S10,SUL,3.7034302325581394
11-01-2016,ETANOL HIDRATADO,CENTRO OESTE,2.9061515151515147
11-01-2016,ETANOL HIDRATADO,NORDESTE,3.140405405405405
11-01-2016,ETANOL HIDRATADO,NORTE,3.5673636363636363
11-01-2016,ETANOL HIDRATADO,SUDESTE,2.913607142857143
11-01-2016,ETANOL HIDRATADO,SUL,3.3212637362637363
11-01-2016,GASOLINA COMUM,CENTRO OESTE,3.778454545454545
11-01-2016,GASOLINA COMUM,NORDESTE,3.760089285714286
11-01-2016,GASOLINA COMUM,NORTE,4.0078000000000005
11-01-2016,GASOLINA COMUM,SUDESTE,3.7106607142857144
11-01-2016,GASOLINA COMUM,SUL,3.75875
11-01-2016,GLP,CENTRO OESTE,63.80081818181819
11-01-2016,GLP,NORDESTE,54.357481818181824
11-01-2016,GLP,NORTE,64.61187179487179
11-01-2016,GLP,SUDESTE,54.22662053571429
11-01-2016,GLP,SUL,57.42228260869565
11-01-2016,GNV,CENTRO OESTE,2.4323333333333332
11-01-2016,GNV,NORDESTE,2.3880000000000003
11-01-2016,GNV,NORTE,2.739
11-01-2016,GNV,SUDESTE,2.2475479452054796
11-01-2016,GNV,SUL,2.469133333333333
11-01-2016,OLEO DIESEL,CENTRO OESTE,3.1545454545454543
11-01-2016,OLEO DIESEL,NORDESTE,3.0189800000000004
11-01-2016,OLEO DIESEL,NORTE,3.287864864864865
11-01-2016,OLEO DIESEL,SUDESTE,2.9745535714285714
11-01-2016,OLEO DIESEL,SUL,2.90225
11-01-2016,OLEO DIESEL S10,CENTRO OESTE,3.3115757575757576
11-01-2016,OLEO DIESEL S10,NORDESTE,3.1274732142857142
11-01-2016,OLEO DIESEL S10,NORTE,3.407925
11-01-2016,OLEO DIESEL S10,SUDESTE,3.1014241071428574
11-01-2016,OLEO DIESEL S10,SUL,3.0445760869565217
11-01-2017,ETANOL HIDRATADO,CENTRO OESTE,2.89825
11-01-2017,ETANOL HIDRATADO,NORDESTE,3.1932604166666665
11-01-2017,ETANOL HIDRATADO,NORTE,3.568275862068966
11-01-2017,ETANOL HIDRATADO,SUDESTE,2.855139423076923
11-01-2017,ETANOL HIDRATADO,SUL,3.326918604651163
11-01-2017,GASOLINA COMUM,CENTRO OESTE,4.17028125
11-01-2017,GASOLINA COMUM,NORDESTE,3.991229166666667
11-01-2017,GASOLINA COMUM,NORTE,4.2809459459459465
11-01-2017,GASOLINA COMUM,SUDESTE,4.045076923076923
11-01-2017,GASOLINA COMUM,SUL,4.082860465116279
11-01-2017,GLP,CENTRO OESTE,75.035625
11-01-2017,GLP,NORDESTE,63.76796875
11-01-2017,GLP,NORTE,76.3861081081081
11-01-2017,GLP,SUDESTE,64.04595652173913
11-01-2017,GLP,SUL,66.05682558139534
11-01-2017,GNV,CENTRO OESTE,2.499
11-01-2017,GNV,NORDESTE,2.631076923076923
11-01-2017,GNV,NORTE,2.75
11-01-2017,GNV,SUDESTE,2.470234375
11-01-2017,GNV,SUL,2.428888888888889
11-01-2017,OLEO DIESEL,CENTRO OESTE,3.521875
11-01-2017,OLEO DIESEL,NORDESTE,3.243872093023256
11-01-2017,OLEO DIESEL,NORTE,3.4895588235294115
11-01-2017,OLEO DIESEL,SUDESTE,3.3163623188405795
11-01-2017,OLEO DIESEL,SUL,3.1848953488372094
11-01-2017,OLEO DIESEL S10,CENTRO OESTE,3.64509375
11-01-2017,OLEO DIESEL S10,NORDESTE,3.3249791666666666
11-01-2017,OLEO DIESEL S10,NORTE,3.6093513513513513
11-01-2017,OLEO DIESEL S10,SUDESTE,3.436081730769231
11-01-2017,OLEO DIESEL S10,SUL,3.2956511627906977
11-01-2018,ETANOL HIDRATADO,CENTRO OESTE,3.15828125
11-01-2018,ETANOL HIDRATADO,NORDESTE,3.4751894736842104
11-01-2018,ETANOL HIDRATADO,NORTE,3.951225806451613
11-01-2018,ETANOL HIDRATADO,SUDESTE,3.0468124999999997
11-01-2018,ETANOL HIDRATADO,SUL,3.594588235294118
11-01-2018,GASOLINA COMUM,CENTRO OESTE,4.72384375
11-01-2018,GASOLINA COMUM,NORDESTE,4.6864895833333335
11-01-2018,GASOLINA COMUM,NORTE,4.825351351351352
11-01-2018,GASOLINA COMUM,SUDESTE,4.678100961538461
11-01-2018,GASOLINA COMUM,SUL,4.594953488372093
11-01-2018,GLP,CENTRO OESTE,77.9035
11-01-2018,GLP,NORDESTE,67.17529166666667
11-01-2018,GLP,NORTE,80.86024324324325
11-01-2018,GLP,SUDESTE,67.77797115384615
11-01-2018,GLP,SUL,70.38502325581395
11-01-2018,GNV,CENTRO OESTE,2.7664999999999997
11-01-2018,GNV,NORDESTE,3.221458333333333
11-01-2018,GNV,NORTE,3.142
11-01-2018,GNV,SUDESTE,2.9125205479452054
11-01-2018,GNV,SUL,3.042724137931035
11-01-2018,OLEO DIESEL,CENTRO OESTE,3.8216875
11-01-2018,OLEO DIESEL,NORDESTE,3.743525641025641
11-01-2018,OLEO DIESEL,NORTE,3.943485714285714
11-01-2018,OLEO DIESEL,SUDESTE,3.631666666666667
11-01-2018,OLEO DIESEL,SUL,3.5587674418604647
11-01-2018,OLEO DIESEL S10,CENTRO OESTE,3.9296875
11-01-2018,OLEO DIESEL S10,NORDESTE,3.8069895833333334
11-01-2018,OLEO DIESEL S10,NORTE,4.035054054054054
11-01-2018,OLEO DIESEL S10,SUDESTE,3.7360721153846153
11-01-2018,OLEO DIESEL S10,SUL,3.668511627906977
12-01-2016,ETANOL HIDRATADO,CENTRO OESTE,2.9552727272727273
12-01-2016,ETANOL HIDRATADO,NORDESTE,3.156810810810811
12-01-2016,ETANOL HIDRATADO,NORTE,3.6187272727272726
12-01-2016,ETANOL HIDRATADO,SUDESTE,2.9331071428571427
12-01-2016,ETANOL HIDRATADO,SUL,3.384577777777778
12-01-2016,GASOLINA COMUM,CENTRO OESTE,3.832060606060606
12-01-2016,GASOLINA COMUM,NORDESTE,3.7945357142857143
12-01-2016,GASOLINA COMUM,NORTE,4.06655
12-01-2016,GASOLINA COMUM,SUDESTE,3.7643928571428575
12-01-2016,GASOLINA COMUM,SUL,3.8286304347826086
12-01-2016,GLP,CENTRO OESTE,63.16006060606061
12-01-2016,GLP,NORDESTE,54.18342727272727
12-01-2016,GLP,NORTE,64.73648717948718
12-01-2016,GLP,SUDESTE,54.08803587443946
12-01-2016,GLP,SUL,57.55173913043478
12-01-2016,GNV,CENTRO OESTE,2.4316666666666666
12-01-2016,GNV,NORDESTE,2.3489166666666663
12-01-2016,GNV,NORTE,3.0025
12-01-2016,GNV,SUDESTE,2.230816901408451
12-01-2016,GNV,SUL,2.4748666666666663
12-01-2016,OLEO DIESEL,CENTRO OESTE,3.178939393939394
12-01-2016,OLEO DIESEL,NORDESTE,3.0483
12-01-2016,OLEO DIESEL,NORTE,3.340777777777778
12-01-2016,OLEO DIESEL,SUDESTE,3.003439461883408
12-01-2016,OLEO DIESEL,SUL,2.9354891304347825
12-01-2016,OLEO DIESEL S10,CENTRO OESTE,3.33769696969697
12-01-2016,OLEO DIESEL S10,NORDESTE,3.1525
12-01-2016,OLEO DIESEL S10,NORTE,3.45235
12-01-2016,OLEO DIESEL S10,SUDESTE,3.131901785714286
12-01-2016,OLEO DIESEL S10,SUL,3.0811521739130434
12-01-2017,ETANOL HIDRATADO,CENTRO OESTE,2.9573125
12-01-2017,ETANOL HIDRATADO,NORDESTE,3.1940210526315793
12-01-2017,ETANOL HIDRATADO,NORTE,3.5859285714285716
12-01-2017,ETANOL HIDRATADO,SUDESTE,2.967673076923077
12-01-2017,ETANOL HIDRATADO,SUL,3.423720930232558
12-01-2017,GASOLINA COMUM,CENTRO OESTE,4.26578125
12-01-2017,GASOLINA COMUM,NORDESTE,4.041885416666667
12-01-2017,GASOLINA COMUM,NORTE,4.337486486486486
12-01-2017,GASOLINA COMUM,SUDESTE,4.141447115384616
12-01-2017,GASOLINA COMUM,SUL,4.173581395348837
12-01-2017,GLP,CENTRO OESTE,75.95890625
12-01-2017,GLP,NORDESTE,65.23180208333333
12-01-2017,GLP,NORTE,77.97770270270271
12-01-2017,GLP,SUDESTE,64.90418357487923
12-01-2017,GLP,SUL,67.80920930232558
12-01-2017,GNV,CENTRO OESTE,2.529
12-01-2017,GNV,NORDESTE,2.6435185185185186
12-01-2017,GNV,NORTE,2.835
12-01-2017,GNV,SUDESTE,2.498276923076923
12-01-2017,GNV,SUL,2.4756538461538464
12-01-2017,OLEO DIESEL,CENTRO OESTE,3.5685625
12-01-2017,OLEO DIESEL,NORDESTE,3.2836588235294117
12-01-2017,OLEO DIESEL,NORTE,3.5318529411764708
12-01-2017,OLEO DIESEL,SUDESTE,3.3509710144927536
12-01-2017,OLEO DIESEL,SUL,3.220174418604651
12-01-2017,OLEO DIESEL S10,CENTRO OESTE,3.6844375
12-01-2017,OLEO DIESEL S10,NORDESTE,3.3624166666666664
12-01-2017,OLEO DIESEL S10,NORTE,3.649756756756757
12-01-2017,OLEO DIESEL S10,SUDESTE,3.4717932692307696
12-01-2017,OLEO DIESEL S10,SUL,3.3284418604651163
12-01-2018,ETANOL HIDRATADO,CENTRO OESTE,3.12675
12-01-2018,ETANOL HIDRATADO,NORDESTE,3.40031914893617
12-01-2018,ETANOL HIDRATADO,NORTE,3.9303000000000003
12-01-2018,ETANOL HIDRATADO,SUDESTE,2.945524038461538
12-01-2018,ETANOL HIDRATADO,SUL,3.518482352941176
12-01-2018,GASOLINA COMUM,CENTRO OESTE,4.4966875
12-01-2018,GASOLINA COMUM,NORDESTE,4.496322916666666
12-01-2018,GASOLINA COMUM,NORTE,4.611216216216216
12-01-2018,GASOLINA COMUM,SUDESTE,4.463009615384616
12-01-2018,GASOLINA COMUM,SUL,4.365441860465117
12-01-2018,GLP,CENTRO OESTE,78.417625
12-01-2018,GLP,NORDESTE,67.44148958333334
12-01-2018,GLP,NORTE,81.24864864864864
12-01-2018,GLP,SUDESTE,68.2025
12-01-2018,GLP,SUL,70.62755813953488
12-01-2018,GNV,CENTRO OESTE,2.855
12-01-2018,GNV,NORDESTE,3.2485
12-01-2018,GNV,NORTE,3.41
12-01-2018,GNV,SUDESTE,2.9749384615384615
12-01-2018,GNV,SUL,3.141103448275862
12-01-2018,OLEO DIESEL,CENTRO OESTE,3.65346875
12-01-2018,OLEO DIESEL,NORDESTE,3.6353947368421053
12-01-2018,OLEO DIESEL,NORTE,3.824176470588235
12-01-2018,OLEO DIESEL,SUDESTE,3.4590291262135926
12-01-2018,OLEO DIESEL,SUL,3.3866395348837206
12-01-2018,OLEO DIESEL S10,CENTRO OESTE,3.774375
12-01-2018,OLEO DIESEL S10,NORDESTE,3.6920520833333335
12-01-2018,OLEO DIESEL S10,NORTE,3.9260810810810813
12-01-2018,OLEO DIESEL S10,SUDESTE,3.573716346153846
12-01-2018,OLEO DIESEL S10,SUL,3.496860465116279
01-01-2016,ETANOL HIDRATADO,BRASIL,2.953922920892495
01-01-2016,GASOLINA COMUM,BRASIL,3.7496027944111776
01-01-2016,GLP,BRASIL,54.60088353413655
01-01-2016,GNV,BRASIL,2.3086621621621624
01-01-2016,OLEO DIESEL,BRASIL,3.0079794661190964
01-01-2016,OLEO DIESEL S10,BRASIL,3.139936127744511
01-01-2017,ETANOL HIDRATADO,BRASIL,3.180523326572008
01-01-2017,GASOLINA COMUM,BRASIL,3.850135728542914
01-01-2017,GLP,BRASIL,56.29770020120724
01-01-2017,GNV,BRASIL,2.330548611111111
01-01-2017,OLEO DIESEL,BRASIL,3.108879917184265
01-01-2017,OLEO DIESEL S10,BRASIL,3.234686626746507
01-01-2018,ETANOL HIDRATADO,BRASIL,3.245433333333333
01-01-2018,GASOLINA COMUM,BRASIL,4.255111111111111
01-01-2018,GLP,BRASIL,68.12151091703056
01-01-2018,GNV,BRASIL,2.5314393939393938
01-01-2018,OLEO DIESEL,BRASIL,3.390993227990971
01-01-2018,OLEO DIESEL S10,BRASIL,3.498812636165577
02-01-2016,ETANOL HIDRATADO,BRASIL,3.0570263691683572
02-01-2016,GASOLINA COMUM,BRASIL,3.7820399201596806
02-01-2016,GLP,BRASIL,54.50694979919679
02-01-2016,GNV,BRASIL,2.3136423841059606
02-01-2016,OLEO DIESEL,BRASIL,3.020679012345679
02-01-2016,OLEO DIESEL S10,BRASIL,3.152618
02-01-2017,ETANOL HIDRATADO,BRASIL,3.181337398373984
02-01-2017,GASOLINA COMUM,BRASIL,3.8379660678642713
02-01-2017,GLP,BRASIL,56.091700201207246
02-01-2017,GNV,BRASIL,2.3567872340425535
02-01-2017,OLEO DIESEL,BRASIL,3.1155619834710744
02-01-2017,OLEO DIESEL S10,BRASIL,3.2374590818363274
02-01-2018,ETANOL HIDRATADO,BRASIL,3.306182222222222
02-01-2018,GASOLINA COMUM,BRASIL,4.277492374727669
02-01-2018,GLP,BRASIL,67.85678820960699
02-01-2018,GNV,BRASIL,2.576412213740458
02-01-2018,OLEO DIESEL,BRASIL,3.4052889390519185
02-01-2018,OLEO DIESEL S10,BRASIL,3.512409586056645
03-01-2016,ETANOL HIDRATADO,BRASIL,3.124894523326572
03-01-2016,GASOLINA COMUM,BRASIL,3.8013393213572853
03-01-2016,GLP,BRASIL,54.401018072289155
03-01-2016,GNV,BRASIL,2.34525625
03-01-2016,OLEO DIESEL,BRASIL,3.0258453608247424
03-01-2016,OLEO DIESEL S10,BRASIL,3.1585189620758483
03-01-2017,ETANOL HIDRATADO,BRASIL,3.0959959349593498
03-01-2017,GASOLINA COMUM,BRASIL,3.7801816367265473
03-01-2017,GLP,BRASIL,56.206482897384305
03-01-2017,GNV,BRASIL,2.3783262411347517
03-01-2017,OLEO DIESEL,BRASIL,3.068473029045643
03-01-2017,OLEO DIESEL S10,BRASIL,3.188870259481038
03-01-2018,ETANOL HIDRATADO,BRASIL,3.3331662971175167
03-01-2018,GASOLINA COMUM,BRASIL,4.273069716775599
03-01-2018,GLP,BRASIL,67.76966375545852
03-01-2018,GNV,BRASIL,2.600140625
03-01-2018,OLEO DIESEL,BRASIL,3.400869662921348
03-01-2018,OLEO DIESEL S10,BRASIL,3.5077429193899783
04-01-2016,ETANOL HIDRATADO,BRASIL,3.0862008113590265
04-01-2016,GASOLINA COMUM,BRASIL,3.7987145708582832
04-01-2016,GLP,BRASIL,54.132036144578315
04-01-2016,GNV,BRASIL,2.322901315789474
04-01-2016,OLEO DIESEL,BRASIL,3.032537037037037
04-01-2016,OLEO DIESEL S10,BRASIL,3.1614990019960083
04-01-2017,ETANOL HIDRATADO,BRASIL,3.013872210953347
04-01-2017,GASOLINA COMUM,BRASIL,3.729808383233533
04-01-2017,GLP,BRASIL,57.717205231388334
04-01-2017,GNV,BRASIL,2.3750661764705883
04-01-2017,OLEO DIESEL,BRASIL,3.032151767151767
04-01-2017,OLEO DIESEL S10,BRASIL,3.1512754491017962
04-01-2018,ETANOL HIDRATADO,BRASIL,3.343097777777778
04-01-2018,GASOLINA COMUM,BRASIL,4.297769063180827
04-01-2018,GLP,BRASIL,67.78378384279476
04-01-2018,GNV,BRASIL,2.6136328125
04-01-2018,OLEO DIESEL,BRASIL,3.4450405405405404
04-01-2018,OLEO DIESEL S10,BRASIL,3.546461873638344
05-01-2016,ETANOL HIDRATADO,BRASIL,2.8951561866125757
05-01-2016,GASOLINA COMUM,BRASIL,3.765952095808383
05-01-2016,GLP,BRASIL,53.859580321285144
05-01-2016,GNV,BRASIL,2.3379934210526314
05-01-2016,OLEO DIESEL,BRASIL,3.0283395061728395
05-01-2016,OLEO DIESEL S10,BRASIL,3.158636726546906
05-01-2017,ETANOL HIDRATADO,BRASIL,2.969979716024341
05-01-2017,GASOLINA COMUM,BRASIL,3.713365269461078
05-01-2017,GLP,BRASIL,57.79207243460765
05-01-2017,GNV,BRASIL,2.394671641791045
05-01-2017,OLEO DIESEL,BRASIL,3.0374377593361
05-01-2017,OLEO DIESEL S10,BRASIL,3.153435129740519
05-01-2018,ETANOL HIDRATADO,BRASIL,3.2476080178173716
05-01-2018,GASOLINA COMUM,BRASIL,4.3901132897603485
05-01-2018,GLP,BRASIL,67.80819650655022
05-01-2018,GNV,BRASIL,2.6719774436090225
05-01-2018,OLEO DIESEL,BRASIL,3.640219954648526
05-01-2018,OLEO DIESEL S10,BRASIL,3.738904139433551
06-01-2016,ETANOL HIDRATADO,BRASIL,2.850614604462475
06-01-2016,GASOLINA COMUM,BRASIL,3.744369261477046
06-01-2016,GLP,BRASIL,53.73655421686747
06-01-2016,GNV,BRASIL,2.30525
06-01-2016,OLEO DIESEL,BRASIL,3.0253080082135524
06-01-2016,OLEO DIESEL S10,BRASIL,3.1568942115768466
06-01-2017,ETANOL HIDRATADO,BRASIL,2.898268686868687
06-01-2017,GASOLINA COMUM,BRASIL,3.655447105788423
06-01-2017,GLP,BRASIL,57.99932997987928
06-01-2017,GNV,BRASIL,2.4325891472868215
06-01-2017,OLEO DIESEL,BRASIL,3.005925155925156
06-01-2017,OLEO DIESEL S10,BRASIL,3.1217165668662674
06-01-2018,ETANOL HIDRATADO,BRASIL,3.3213763919821826
06-01-2018,GASOLINA COMUM,BRASIL,4.625209150326797
06-01-2018,GLP,BRASIL,69.4055480349345
06-01-2018,GNV,BRASIL,2.724734848484849
06-01-2018,OLEO DIESEL,BRASIL,3.446654462242563
06-01-2018,OLEO DIESEL S10,BRASIL,3.542714596949891
07-01-2016,ETANOL HIDRATADO,BRASIL,2.8382813765182187
07-01-2016,GASOLINA COMUM,BRASIL,3.73612375249501
07-01-2016,GLP,BRASIL,53.528933734939756
07-01-2016,GNV,BRASIL,2.318714285714286
07-01-2016,OLEO DIESEL,BRASIL,3.0237443298969073
07-01-2016,OLEO DIESEL S10,BRASIL,3.1545928143712576
07-01-2017,ETANOL HIDRATADO,BRASIL,2.857820202020202
07-01-2017,GASOLINA COMUM,BRASIL,3.654634730538922
07-01-2017,GLP,BRASIL,58.21398993963783
07-01-2017,GNV,BRASIL,2.4273880597014923
07-01-2017,OLEO DIESEL,BRASIL,2.9865280665280665
07-01-2017,OLEO DIESEL S10,BRASIL,3.101233532934132
07-01-2018,ETANOL HIDRATADO,BRASIL,3.239628888888889
07-01-2018,GASOLINA COMUM,BRASIL,4.577283224400872
07-01-2018,GLP,BRASIL,69.25874945533769
07-01-2018,GNV,BRASIL,2.725083969465649
07-01-2018,OLEO DIESEL,BRASIL,3.395416856492027
07-01-2018,OLEO DIESEL S10,BRASIL,3.4905555555555554
08-01-2016,ETANOL HIDRATADO,BRASIL,2.851536437246964
08-01-2016,GASOLINA COMUM,BRASIL,3.73625748502994
08-01-2016,GLP,BRASIL,53.47813654618474
08-01-2016,GNV,BRASIL,2.3094893617021275
08-01-2016,OLEO DIESEL,BRASIL,3.022082474226804
08-01-2016,OLEO DIESEL S10,BRASIL,3.152634730538922
08-01-2017,ETANOL HIDRATADO,BRASIL,2.9555321507760532
08-01-2017,GASOLINA COMUM,BRASIL,3.873272331154684
08-01-2017,GLP,BRASIL,58.29537772925764
08-01-2017,GNV,BRASIL,2.445934426229508
08-01-2017,OLEO DIESEL,BRASIL,3.1187313769751692
08-01-2017,OLEO DIESEL S10,BRASIL,3.2335098039215686
08-01-2018,ETANOL HIDRATADO,BRASIL,3.1350736607142857
08-01-2018,GASOLINA COMUM,BRASIL,4.544270152505447
08-01-2018,GLP,BRASIL,69.05330501089325
08-01-2018,GNV,BRASIL,2.805702290076336
08-01-2018,OLEO DIESEL,BRASIL,3.388242562929062
08-01-2018,OLEO DIESEL S10,BRASIL,3.483128540305011
09-01-2016,ETANOL HIDRATADO,BRASIL,2.86318016194332
09-01-2016,GASOLINA COMUM,BRASIL,3.733650698602794
09-01-2016,GLP,BRASIL,55.4220421686747
09-01-2016,GNV,BRASIL,2.331272727272727
09-01-2016,OLEO DIESEL,BRASIL,3.0203559670781894
09-01-2016,OLEO DIESEL S10,BRASIL,3.1508343313373253
09-01-2017,ETANOL HIDRATADO,BRASIL,2.970677777777778
09-01-2017,GASOLINA COMUM,BRASIL,3.9464313725490197
09-01-2017,GLP,BRASIL,59.798312227074234
09-01-2017,GNV,BRASIL,2.4499237288135594
09-01-2017,OLEO DIESEL,BRASIL,3.1886396396396397
09-01-2017,OLEO DIESEL S10,BRASIL,3.3013703703703703
09-01-2018,ETANOL HIDRATADO,BRASIL,3.2061492204899777
09-01-2018,GASOLINA COMUM,BRASIL,4.695056644880174
09-01-2018,GLP,BRASIL,69.12885620915033
09-01-2018,GNV,BRASIL,2.8560296296296297
09-01-2018,OLEO DIESEL,BRASIL,3.613513698630137
09-01-2018,OLEO DIESEL S10,BRASIL,3.7082047930283224
10-01-2016,ETANOL HIDRATADO,BRASIL,2.9679471544715446
10-01-2016,GASOLINA COMUM,BRASIL,3.7507265469061877
10-01-2016,GLP,BRASIL,56.24076706827309
10-01-2016,GNV,BRASIL,2.3168111888111884
10-01-2016,OLEO DIESEL,BRASIL,3.0198103092783506
10-01-2016,OLEO DIESEL S10,BRASIL,3.149095808383233
10-01-2017,ETANOL HIDRATADO,BRASIL,2.9885066666666664
10-01-2017,GASOLINA COMUM,BRASIL,3.973089324618736
10-01-2017,GLP,BRASIL,63.799336244541486
10-01-2017,GNV,BRASIL,2.4641
10-01-2017,OLEO DIESEL,BRASIL,3.2395743243243245
10-01-2017,OLEO DIESEL S10,BRASIL,3.3488627450980393
10-01-2018,ETANOL HIDRATADO,BRASIL,3.312778761061947
10-01-2018,GASOLINA COMUM,BRASIL,4.79476688453159
10-01-2018,GLP,BRASIL,69.34413289760349
10-01-2018,GNV,BRASIL,2.8930542635658916
10-01-2018,OLEO DIESEL,BRASIL,3.715144495412844
10-01-2018,OLEO DIESEL S10,BRASIL,3.8100261437908496
11-01-2016,ETANOL HIDRATADO,BRASIL,3.0835243902439027
11-01-2016,GASOLINA COMUM,BRASIL,3.7587305389221557
11-01-2016,GLP,BRASIL,56.2936265060241
11-01-2016,GNV,BRASIL,2.3377602739726027
11-01-2016,OLEO DIESEL,BRASIL,3.006082304526749
11-01-2016,OLEO DIESEL S10,BRASIL,3.1351217564870257
11-01-2017,ETANOL HIDRATADO,BRASIL,3.0659889135254987
11-01-2017,GASOLINA COMUM,BRASIL,4.068636165577342
11-01-2017,GLP,BRASIL,66.13002401746725
11-01-2017,GNV,BRASIL,2.498595041322314
11-01-2017,OLEO DIESEL,BRASIL,3.304957303370786
11-01-2017,OLEO DIESEL S10,BRASIL,3.4150718954248367
11-01-2018,ETANOL HIDRATADO,BRASIL,3.310361419068736
11-01-2018,GASOLINA COMUM,BRASIL,4.679335511982571
11-01-2018,GLP,BRASIL,69.90086928104576
11-01-2018,GNV,BRASIL,2.9987829457364343
11-01-2018,OLEO DIESEL,BRASIL,3.6760730593607303
11-01-2018,OLEO DIESEL S10,BRASIL,3.7758453159041396
12-01-2016,ETANOL HIDRATADO,BRASIL,3.114004073319756
12-01-2016,GASOLINA COMUM,BRASIL,3.811508982035928
12-01-2016,GLP,BRASIL,56.188277665995976
12-01-2016,GNV,BRASIL,2.327429577464789
12-01-2016,OLEO DIESEL,BRASIL,3.036849173553719
12-01-2016,OLEO DIESEL S10,BRASIL,3.166327345309381
12-01-2017,ETANOL HIDRATADO,BRASIL,3.1407305122494433
12-01-2017,GASOLINA COMUM,BRASIL,4.151115468409587
12-01-2017,GLP,BRASIL,67.34687991266375
12-01-2017,GNV,BRASIL,2.529114754098361
12-01-2017,OLEO DIESEL,BRASIL,3.3422837837837838
12-01-2017,OLEO DIESEL S10,BRASIL,3.451228758169935
12-01-2018,ETANOL HIDRATADO,BRASIL,3.2279175946547887
12-01-2018,GASOLINA COMUM,BRASIL,4.4659912854030495
12-01-2018,GLP,BRASIL,70.26151851851851
12-01-2018,GNV,BRASIL,3.071766129032258
12-01-2018,OLEO DIESEL,BRASIL,3.5185115207373276
12-01-2018,OLEO DIESEL S10,BRASIL,3.626459694989107
