Variacoes - ABRIL - JUNHO,RJ,POA,BH,REC,SP,DF,BEL,FOR,SAL,CUR,GOI,VIT,CG,RB,SL,AJU,NACIONAL
 ÍNDICE GERAL,1.78,2.5799999999999996,2.2600000000000002,2.55,1.4000000000000001,1.75,1.3199999999999998,1.77,2.31,2.08,1.6,2.12,2.62,1.17,2.19,1.6800000000000002,1.8800000000000001
 ALIMENTAÇÃO E BEBIDAS,2.3800000000000003,3.05,2.62,2.51,2.23,2.51,0.7500000000000001,2.02,2.8,3.58,1.69,3.0599999999999996,2.95,1.77,2.38,2.2199999999999998,2.4399999999999995
 ALIMENTAÇÃO NO DOMICÍLIO,3.8299999999999996,3.3,4.13,3.37,4.34,3.8099999999999996,1.21,2.45,3.16,5.609999999999999,2.5400000000000005,4.97,3.8599999999999994,2.67,3.0500000000000003,3.41,3.7199999999999998
" CEREAIS, LEGUMINOSAS E OLEAGINOSAS",-1.6300000000000003,-1.88,5.03,-0.19999999999999996,3.7200000000000006,1.9199999999999997,0.7799999999999998,-1.1900000000000002,0.4800000000000002,2.95,2.13,3.71,1.6800000000000002,0.64,-0.85,3.66,1.4700000000000002
 ARROZ,0.13999999999999968,-1.22,4.75,-4.130000000000001,1.87,-0.009999999999999787,1.36,0.13000000000000012,-2.92,2.2300000000000004,0.5399999999999999,4.38,-0.56,-1.0299999999999998,-1.27,1.06,0.8299999999999998
 FEIJÃO-MULATINHO,0.0,0.0,0.0,3.46,0.0,0.0,0.0,-1.88,-7.05,0.0,0.0,0.0,0.0,0.0,0.0,0.0,-0.82
 FEIJÃO-PRETO,-4.24,-3.7199999999999998,0.0,0.0,0.0,0.0,-2.9799999999999995,0.0,0.0,3.61,0.0,2.95,5.99,0.0,2.19,0.0,-2.5700000000000003
 FEIJÃO-MACASSAR (FRADINHO),0.0,0.0,0.0,3.08,0.0,0.0,0.0,-4.85,-5.95,0.0,0.0,0.0,0.0,0.0,-0.85,-2.37,-3.46
 FEIJÃO-CARIOCA (RAJADO),0.0,0.0,5.9799999999999995,3.16,8.969999999999999,6.01,0.9000000000000004,2.74,11.58,5.82,7.220000000000001,1.3599999999999999,9.54,5.26,-0.5800000000000001,9.04,7.140000000000001
 FEIJÃO-BRANCO,0.44,0.15,0.37,0.65,-1.31,-0.31,0.35,-0.43,0.48,-1.15,0.33,-0.05,0.98,0.0,5.65,0.0,5.58
" FARINHAS, FÉCULAS E MASSAS",2.19,6.27,1.03,1.54,2.69,0.5500000000000003,0.18999999999999995,-1.9700000000000002,6.86,5.22,5.68,5.27,2.5399999999999996,-3.14,3.0,-0.37,2.8800000000000003
 FARINHA DE ARROZ,0.93,-0.95,2.71,1.8,0.11,-2.49,-0.01,-2.87,0.039999999999999966,-2.14,0.58,0.59,1.11,0.0,1.57,1.52,-0.009999999999999981
 MACARRÃO,2.4699999999999998,4.38,0.09000000000000008,3.08,1.9,-0.9000000000000004,2.2,0.94,-0.6200000000000001,2.4299999999999997,5.15,6.53,-0.24,0.16000000000000003,2.38,-0.6,1.88
 FUBÁ DE MILHO,0.0,0.0,-1.71,4.739999999999999,0.0,0.0,0.0,0.48,2.9899999999999998,0.0,5.02,0.0,0.0,0.0,7.959999999999999,2.08,3.01
 AMIDO DE MILHO,0.0,0.0,0.0,0.05,0.0,-0.63,0.0,1.01,0.0,0.0,0.0,0.0,0.0,0.0,0.0,0.0,0.95
 FLOCOS DE MILHO,-1.82,1.56,-2.54,-1.1699999999999997,-2.27,1.67,-0.29,0.0,0.0,0.06,0.35,1.01,-0.76,0.0,0.0,1.13,-1.15
 FARINHA DE TRIGO,8.219999999999999,14.41,3.7800000000000002,1.33,5.6499999999999995,0.0,2.09,2.09,0.0,12.209999999999999,8.27,16.009999999999998,9.49,0.0,0.0,0.0,10.549999999999999
 FARINHA VITAMINADA,-1.42,0.0,0.0,-0.6,0.0,7.13,0.48,0.7899999999999999,0.76,0.0,0.0,-1.27,0.0,0.0,0.0,-0.8500000000000001,1.17
 FARINHA DE MANDIOCA,-4.159999999999999,0.54,-1.85,0.2300000000000001,-3.56,2.2800000000000002,-0.45999999999999996,-2.5500000000000003,8.79,-0.42,0.39,-0.4100000000000001,2.63,-4.5,2.66,-2.96,0.8500000000000001
 MASSA SEMIPREPARADA,8.329999999999998,1.45,7.02,-2.89,1.97,0.6499999999999999,1.15,6.0,4.5,2.7199999999999998,8.219999999999999,9.07,3.1,0.0,0.0,7.29,4.08
" TUBÉRCULOS, RAÍZES E LEGUMES",12.47,29.24,7.709999999999999,19.88,7.34,10.53,28.54,29.15,13.7,17.4,4.51,10.25,20.44,26.66,16.43,23.39,13.690000000000001
 BATATA-INGLESA,39.75,56.06,28.46,37.25,28.55,30.08,34.769999999999996,35.63,22.29,45.43,28.39,38.08,37.3,39.94,17.060000000000002,30.09,29.94
 INHAME,0.0,-9.85,0.0,0.25,0.0,0.0,0.0,0.0,0.0,0.0,0.0,-4.8,3.53,0.0,0.0,-4.67,-2.92
 MANDIOCA (AIPIM),0.46,-12.09,11.74,-6.56,0.0,6.84,0.0,0.0,0.0,0.0,8.99,1.46,8.870000000000001,0.0,0.0,-1.0599999999999996,2.13
 ABÓBORA,28.47,0.0,-3.03,0.0,0.0,-1.35,0.0,0.0,1.2,0.0,-9.0,0.0,0.0,0.0,0.0,0.0,7.64
 PIMENTÃO,0.0,0.0,5.59,0.0,0.0,0.0,0.0,0.0,-7.95,0.0,0.0,0.0,0.0,0.0,0.0,0.0,-2.3600000000000003
 QUIABO,6.57,-5.23,17.890000000000004,-11.84,-3.77,-8.33,-5.78,-2.86,-3.52,-1.2,7.0,5.79,-3.4,0.0,0.0,0.0,10.650000000000002
 TOMATE,9.709999999999997,61.07,-0.620000000000001,39.81,22.65,17.87,27.17,43.54,18.06,34.75,18.18,-16.990000000000002,24.29,5.84,10.02,36.839999999999996,23.240000000000002
 CEBOLA,53.510000000000005,51.36,37.919999999999995,35.89,26.22,43.67,32.29,21.68,20.359999999999996,47.76,24.479999999999997,14.99,43.39,47.230000000000004,32.04,31.93,35.18
 CENOURA,-9.610000000000001,0.0,-4.550000000000001,0.0,3.75,-7.370000000000001,0.0,11.379999999999999,10.11,17.42,-2.3999999999999995,2.6,0.0,0.0,0.0,13.739999999999998,3.0700000000000003
 MANDIOQUINHA (BATATA-BAROA),-2.55,0.91,-3.65,-0.7,7.630000000000001,1.62,-1.2,-2.02,-1.02,0.69,-1.57,0.18,-0.66,0.0,0.0,0.0,6.250000000000001
 AÇÚCARES E DERIVADOS,-1.63,-1.1199999999999999,0.5299999999999999,-1.45,-3.37,1.17,-1.83,-2.84,-3.0799999999999996,0.63,0.9899999999999998,5.260000000000001,1.33,-0.7400000000000002,0.9099999999999999,1.88,-2.5300000000000002
 AÇÚCAR REFINADO,0.08000000000000007,-2.71,-5.86,-2.67,-1.62,1.79,-8.09,-4.82,-2.55,-3.3500000000000005,-3.45,0.32,-2.6,1.0300000000000002,1.83,2.0300000000000002,-2.1499999999999995
 AÇÚCAR CRISTAL,3.3099999999999996,-2.77,-0.020000000000000018,-3.9000000000000004,-2.8199999999999994,3.9,0.3600000000000003,-1.6400000000000001,-5.04,-1.6099999999999997,2.69,9.16,2.84,-0.5900000000000001,-0.73,1.03,0.16000000000000036
 BALAS,0.64,1.71,-0.96,6.95,6.23,3.47,1.09,0.0,7.43,3.3200000000000003,0.61,1.7,1.46,0.0,0.0,0.0,3.3200000000000003
 CHOCOLATE EM BARRA E BOMBOM,0.6399999999999998,0.6499999999999997,0.5799999999999998,0.93,0.20999999999999996,-1.7999999999999998,1.1800000000000002,0.48,1.6300000000000001,5.12,3.51,-1.27,2.7800000000000002,1.6099999999999999,0.0,2.5599999999999996,0.8799999999999999
 SORVETE,-1.1099999999999997,1.6099999999999999,1.2600000000000002,1.6400000000000001,1.5,-1.6199999999999999,-0.33,-1.14,1.83,-0.01000000000000019,-1.69,-2.92,-1.6800000000000002,0.0,3.67,2.48,0.62
 CHOCOLATE E ACHOCOLATADO EM PÓ,-0.76,-0.9099999999999999,-1.7,2.0100000000000002,-1.69,1.4,-0.24,-0.65,1.74,-0.9899999999999999,-1.8699999999999999,0.32000000000000006,1.24,-4.02,2.29,4.07,0.07999999999999985
 DOCE DE FRUTAS EM PASTA,7.88,5.55,4.52,12.21,10.1,-0.08000000000000002,1.33,3.43,3.13,3.28,2.65,7.12,5.47,0.0,0.0,0.0,7.96
 HORTALIÇAS E VERDURAS,8.95,16.32,-0.3200000000000003,-4.899999999999999,17.29,2.49,9.51,0.29000000000000004,8.39,3.1300000000000003,0.85,1.5700000000000003,10.95,15.42,9.13,9.14,10.48
 ALFACE,8.43,6.369999999999999,-0.96,5.07,8.889999999999999,-1.2,7.07,3.79,-2.17,-8.9,-1.24,3.38,1.2799999999999998,25.189999999999998,-1.19,9.18,10.93
 COENTRO,6.32,0.0,6.12,-15.510000000000002,1.81,5.77,0.0,0.0,4.46,11.92,5.42,5.26,0.0,0.0,0.0,8.319999999999999,-0.9900000000000002
 COUVE,6.800000000000001,11.07,1.5099999999999998,0.0,9.55,-1.3900000000000001,0.0,0.0,0.0,3.3,-3.4399999999999995,22.349999999999998,0.0,0.0,0.0,0.0,13.89
 COUVE-FLOR,13.89,-4.6499999999999995,9.77,-2.21,5.49,1.38,-0.13,0.0,11.48,-6.41,4.81,11.88,5.1,0.0,0.0,0.0,3.03
 REPOLHO,16.25,23.060000000000002,-10.05,7.8100000000000005,26.54,10.18,34.02,4.11,27.869999999999997,8.450000000000001,9.28,-1.4499999999999993,27.76,23.93,0.0,12.23,18.95
 CHEIRO-VERDE,-0.20000000000000018,0.0,0.0,0.0,-1.4700000000000002,7.49,6.01,0.85,-4.0,0.0,0.0,13.42,-0.8400000000000001,6.37,15.21,0.0,3.0
 AGRIÃO,9.69,15.04,6.26,0.0,5.39,-1.17,0.0,0.0,0.0,-4.62,0.0,0.0,0.14,0.0,0.0,0.0,6.819999999999999
 BRÓCOLIS,1.9299999999999993,-3.84,-3.130000000000001,7.35,1.7899999999999994,4.67,2.02,3.48,5.73,8.96,0.05,2.16,-2.17,0.0,0.0,0.0,0.9200000000000004
 FRUTAS,4.3,-8.26,-0.07000000000000028,0.3799999999999999,-0.41000000000000014,3.08,1.9,3.65,3.12,-2.95,2.06,3.35,-1.790000000000001,-0.7599999999999998,6.779999999999999,-1.3199999999999998,0.25
 BANANA-DA-TERRA,-2.35,-2.61,-1.41,20.240000000000002,1.5,0.0,0.0,0.0,0.6600000000000001,1.58,-4.49,17.560000000000002,-1.99,-2.62,0.0,0.0,9.219999999999999
 ABACAXI,6.59,2.0300000000000002,-5.8,-6.5600000000000005,5.97,0.0,-4.01,0.0,0.0,-6.91,-0.9499999999999993,0.0,-4.039999999999999,0.0,0.0,2.35,-3.3999999999999995
 ABACATE,1.35,-2.89,0.0,0.0,-4.11,-8.05,18.25,0.0,0.0,-9.85,0.0,0.0,-14.66,0.0,0.0,0.0,13.5
 BANANA-D'ÁGUA,0.33999999999999986,-10.58,0.0,0.0,-4.9799999999999995,7.959999999999999,0.0,0.0,0.0,-6.42,-8.78,0.0,-22.34,0.0,0.0,0.0,-15.19
 BANANA-MAÇÃ,-6.53,-4.46,4.27,11.52,0.53,-3.05,1.02,5.13,2.39,3.75,6.1899999999999995,-4.78,-17.71,0.0,0.0,0.0,1.5599999999999998
 BANANA-PRATA,3.8599999999999994,3.6499999999999995,-4.09,-4.41,1.3900000000000001,4.5,0.5099999999999999,-4.3199999999999985,-4.71,-0.5299999999999998,-0.9399999999999995,5.9,0.0,0.08000000000000007,7.83,-7.92,-4.8999999999999995
 LARANJA-BAÍA,0.0,-16.28,0.0,0.0,0.0,0.0,-7.99,0.0,0.0,0.0,0.0,0.0,0.0,0.0,0.0,0.0,-24.270000000000003
 LIMÃO,2.16,1.09,2.89,11.63,0.97,4.33,20.409999999999997,0.87,10.54,-1.34,3.32,1.3,-1.25,0.0,15.93,0.0,22.509999999999998
 MAÇÃ,33.730000000000004,8.370000000000001,30.509999999999998,9.370000000000001,25.779999999999998,26.470000000000002,29.82,24.49,29.54,39.260000000000005,-0.21999999999999997,20.529999999999998,31.67,21.759999999999998,5.430000000000001,2.84,24.730000000000004
 MAMÃO,3.34,-20.05,-25.62,-0.95,-13.82,-9.99,-16.02,15.1,-14.49,-26.9,0.0,-13.379999999999999,-29.55,0.0,2.3600000000000003,-7.99,-8.790000000000003
 MANGA,7.04,0.0,0.0,2.84,0.0,10.39,0.0,-3.69,-0.26,0.0,0.0,0.96,0.0,0.0,0.0,5.8100000000000005,4.39
 MARACUJÁ,0.0,0.0,-5.04,10.43,-5.15,13.85,2.37,26.49,15.469999999999999,-12.73,-6.96,0.0,-2.54,0.0,0.0,2.6899999999999995,9.690000000000001
 MELANCIA,1.47,0.0,19.64,6.999999999999999,9.910000000000002,0.7099999999999995,8.35,15.74,6.32,35.44,10.68,1.6,10.47,-15.16,6.859999999999999,0.1499999999999999,10.43
 PÊRA,1.73,1.26,0.0,0.0,11.85,1.2700000000000005,0.0,0.0,0.0,0.0,-0.47,14.49,0.0,0.0,0.0,0.0,7.879999999999999
 TANGERINA,5.84,-8.26,3.65,0.51,-2.8200000000000003,0.1,2.4,-5.87,-6.73,12.4,4.47,15.52,2.06,0.0,0.0,0.0,-7.28
 UVA,8.440000000000001,0.0,11.46,8.95,0.7599999999999998,8.55,-3.1399999999999997,10.78,12.18,0.02000000000000135,-0.09999999999999876,4.87,-3.3900000000000006,-0.7599999999999998,6.64,2.5700000000000003,5.01
 LARANJA-PERA,11.76,9.96,24.580000000000002,-2.1400000000000006,0.42999999999999994,18.02,4.73,3.35,3.41,14.18,6.29,9.42,11.49,-8.84,6.33,2.3,18.72
 MORANGO,0.0,19.18,-8.95,0.0,0.0,0.0,0.0,-3.46,0.0,13.870000000000001,0.0,0.0,0.0,0.0,0.0,0.0,1.75
 GOIABA,-1.1,0.71,-1.31,0.12,-0.79,0.68,0.19,11.32,0.95,-0.99,-0.57,-1.42,0.86,0.0,0.0,0.0,10.35
 CARNES,9.33,2.45,2.39,2.8800000000000003,6.35,2.62,0.48999999999999977,0.3599999999999999,0.06999999999999984,5.2,1.43,2.92,3.79,2.02,1.48,3.42,2.5999999999999996
 FÍGADO,2.91,0.11,-3.79,4.0,-2.03,-1.4,-4.77,3.7499999999999996,8.94,-0.69,-1.84,-0.78,0.01,0.0,4.89,1.3800000000000001,0.45999999999999996
 CARNE DE PORCO,1.54,-1.53,2.6999999999999997,0.6699999999999999,7.329999999999999,-3.11,-3.29,4.82,0.48999999999999977,2.02,2.2100000000000004,1.4600000000000004,1.63,3.73,3.8499999999999996,2.75,3.39
 CARNE DE CARNEIRO,-3.47,0.33,-0.04,-2.53,-2.2,0.06,-1.5,2.4400000000000004,4.32,1.63,-0.6,2.16,2.54,0.0,0.0,0.0,0.36
 CONTRAFILÉ,3.83,2.46,3.75,0.35999999999999943,5.86,2.7699999999999996,5.68,1.5000000000000002,9.22,1.0,-0.44000000000000006,-0.1200000000000001,1.15,8.5,-4.819999999999999,1.97,2.96
 FILÉ-MIGNON,3.5,-3.66,-0.95,4.529999999999999,0.84,-2.41,0.31000000000000005,1.03,3.43,3.12,-1.7,-3.81,6.51,0.0,0.0,0.0,2.75
 CHÃ DE DENTRO,10.58,4.17,5.68,4.92,6.24,8.120000000000001,0.81,2.63,3.09,10.469999999999999,0.1200000000000001,5.8100000000000005,6.119999999999999,-2.12,2.72,4.98,5.220000000000001
 ALCATRA,10.649999999999999,-0.1200000000000001,0.6099999999999998,-3.68,3.47,5.51,0.2200000000000002,3.5,4.48,-5.4399999999999995,0.19000000000000017,-0.9500000000000002,-1.71,1.77,0.78,3.0300000000000002,2.1700000000000004
 PATINHO,8.98,4.720000000000001,0.18999999999999995,4.21,7.08,4.65,3.46,4.37,1.2299999999999998,11.74,1.2999999999999998,5.87,10.46,1.86,4.12,3.08,5.2299999999999995
 LAGARTO REDONDO,0.0,0.0,0.0,0.0,-1.62,2.02,1.26,-2.15,7.989999999999999,0.0,-2.36,0.0,1.87,0.0,0.0,0.0,2.23
 LAGARTO COMUM,-0.5,2.41,-2.65,-4.07,6.199999999999999,6.390000000000001,-0.89,0.38,3.9199999999999995,-3.25,1.5300000000000002,1.65,5.15,0.019999999999999907,0.0,2.63,4.48
 MÚSCULO,9.27,-1.65,3.71,11.51,3.39,0.33,2.49,0.0,6.52,-0.6800000000000006,1.92,0.6600000000000001,7.909999999999999,2.64,3.0700000000000003,-1.7700000000000005,4.12
 PÁ,-1.68,2.6500000000000004,-4.91,3.6399999999999997,5.11,4.37,0.6299999999999998,-0.15,6.26,10.43,0.72,-1.45,4.44,0.43,3.29,2.73,3.6199999999999997
 ACÉM,13.059999999999999,0.5799999999999996,3.8099999999999996,3.5600000000000005,8.1,0.8500000000000001,1.08,4.129999999999999,6.250000000000001,6.25,0.7700000000000005,4.27,4.63,2.02,2.5,5.57,6.34
 PEITO,0.0,0.0,0.0,0.0,0.0,0.0,3.1500000000000004,6.44,2.2,0.0,1.31,0.0,0.2599999999999998,-3.0,1.8800000000000003,-0.9400000000000001,-0.3799999999999999
 CAPA DE FILÉ,1.18,2.17,-0.47,1.81,0.3,0.77,2.62,0.01,3.09,-5.81,-0.06,-2.64,13.169999999999998,2.02,0.0,0.0,12.13
 COSTELA,2.8899999999999997,5.1,3.65,4.33,5.38,2.7600000000000002,-0.3400000000000001,3.01,3.5900000000000007,11.729999999999999,3.59,0.43999999999999995,7.67,0.25,2.3899999999999997,3.7299999999999995,3.5399999999999996
 PESCADOS,-1.8199999999999994,-7.49,-0.029999999999999805,2.27,3.29,4.62,-6.56,-0.05999999999999983,-7.51,1.8199999999999998,1.08,-4.37,-4.79,7.199999999999999,-2.4299999999999997,1.27,-7.38
 PEIXE-ANCHOVA,6.86,0.0,0.0,0.0,0.0,0.0,0.0,0.0,0.0,0.0,0.0,-1.0,0.0,0.0,0.0,0.0,5.85
 PEIXE-BADEJO,1.29,0.0,0.0,-5.68,0.0,0.0,0.0,0.0,0.92,0.0,0.0,-1.97,0.0,0.0,0.0,0.0,-2.46
 PEIXE-CORVINA,-9.25,0.0,0.0,3.1800000000000006,0.0,0.0,0.0,0.0,-3.9699999999999998,0.0,0.0,0.0,0.0,0.0,0.0,4.99,-7.510000000000001
 PEIXE-CAVALINHA,0.0,1.41,3.14,5.2,0.0,4.7,0.0,0.0,0.0,0.28,0.61,0.0,0.0,0.0,0.0,0.0,7.16
 PEIXE,0.0,-7.49,-0.029999999999999805,0.56,-5.18,4.62,0.0,0.0,1.8,1.8199999999999998,1.08,0.0,1.92,0.0,0.0,0.0,-3.54
 PEIXE-PESCADINHA,-9.09,0.0,0.0,0.87,0.0,0.0,6.35,0.0,-1.33,0.0,0.0,-4.14,5.42,0.0,-5.9399999999999995,0.0,-8.6
 PEIXE-TAINHA,0.0,0.0,0.0,0.0,0.0,0.0,0.0,0.0,-5.15,0.0,0.0,0.0,0.0,0.0,0.0,-4.12,-9.27
 PEIXE-SARDINHA,0.0,0.0,0.0,1.57,3.8299999999999996,0.0,0.0,-3.52,-16.52,0.0,0.0,0.0,-1.3699999999999999,0.0,0.0,0.7199999999999998,-6.700000000000001
 CAMARÃO,4.609999999999999,0.0,0.0,-4.5200000000000005,0.0,0.0,2.2800000000000002,0.0,-19.27,0.0,0.0,-8.06,9.79,0.0,-11.68,1.48,10.47
 PEIXE-VERMELHO,0.0,0.0,0.0,0.0,0.0,0.0,0.0,0.0,-3.68,0.0,0.0,-1.43,0.0,0.0,0.0,0.0,-5.11
 PEIXE-CAVALA,0.18,0.0,0.0,0.0,0.16,0.0,0.0,-1.26,1.46,0.0,0.0,-2.49,0.0,0.0,0.0,0.0,0.31000000000000005
 PEIXE-PACU,-3.39,0.0,0.0,-0.14,-0.45,0.0,0.0,0.0,-8.24,0.0,0.0,0.0,-8.8,0.0,0.0,0.0,-9.96
 PEIXE-DOURADO,0.0,0.0,0.0,0.0,0.0,0.0,-9.43,0.11,0.0,0.0,0.0,-3.46,0.0,0.0,0.0,0.0,-9.280000000000001
 PEIXE-CAÇÃO,3.7199999999999998,0.0,0.0,2.4,1.29,0.0,0.62,0.0,-2.67,0.0,0.0,1.1699999999999995,0.0,0.0,0.0,0.0,2.3600000000000003
 PEIXE-MERLUZA,11.649999999999999,0.0,0.0,3.96,3.29,0.0,-2.07,0.0,3.29,0.0,0.0,0.0,-2.8099999999999996,0.0,0.0,0.0,4.529999999999999
 PEIXE-SERRA,0.0,0.0,0.0,9.12,0.0,0.0,-1.01,-4.08,0.0,0.0,0.0,0.0,0.0,0.0,-3.22,0.0,6.68
 PEIXE-PESCADA,6.3100000000000005,0.0,0.0,0.47,7.87,0.0,-6.49,-0.26,-0.06000000000000005,0.0,0.0,-4.359999999999999,5.42,0.0,-3.55,1.27,2.02
 CARANGUEJO,0.0,0.0,0.0,0.0,0.0,0.0,3.35,0.18,0.0,0.0,0.0,0.0,0.0,0.0,0.0,0.0,3.5300000000000002
 PEIXE-CASTANHA,0.0,0.0,0.0,-3.56,0.0,0.0,-0.27,0.0,0.0,0.0,0.0,0.0,0.0,0.0,0.0,0.0,-3.83
 PEIXE-PIAU,0.0,0.0,0.0,0.0,0.0,0.0,-2.17,0.0,0.0,0.0,0.0,0.0,0.0,10.84,0.0,0.0,8.67
 PEIXE-SURUBIM,0.0,0.0,0.0,0.0,0.0,0.0,0.0,0.0,0.0,0.0,0.0,-2.82,0.0,7.199999999999999,0.0,0.0,4.379999999999999
 SURURU,0.0,0.0,0.0,0.0,0.0,0.0,0.0,0.0,0.0,0.0,0.0,0.0,1.99,0.0,0.0,1.27,3.26
 PEIXE-CURIMATÃ,-0.77,-0.78,-0.71,0.72,-1.15,-0.84,-0.44,-1.52,0.55,-1.43,-2.69,-0.57,-1.03,7.199999999999999,11.57,0.0,9.97
 PEIXE-SALMÃO,-4.03,3.78,2.27,0.0,4.48,-2.3,1.43,0.9500000000000002,3.97,0.19,-2.87,-4.71,-3.92,0.0,0.0,0.0,3.7099999999999995
 PEIXE-TILÁPIA,2.71,-1.41,-6.0,2.55,-1.87,-1.25,-2.98,0.6699999999999997,0.0,-1.28,-0.78,1.72,1.22,0.0,0.0,1.27,-0.55
 PEIXE-TUCUNARÉ,-1.67,-4.46,-0.65,-2.02,0.42,0.44,-5.39,-1.62,0.48,-1.74,-2.99,-0.72,-1.44,0.0,0.0,0.0,-7.199999999999999
 PEIXE-TAMBAQUI,-0.81,0.7,-0.46,2.36,-4.88,0.0,0.19,-0.84,0.0,-2.46,0.0,1.34,-4.25,5.210000000000001,2.37,0.0,0.7300000000000002
 PEIXE-DOURADA,0.0,2.29,0.0,0.0,0.0,0.0,-14.66,0.0,0.0,0.0,0.0,0.0,0.0,0.0,0.0,0.0,-12.370000000000001
 PEIXE-PEROÁ,1.6,0.0,0.0,0.79,0.0,0.0,-1.02,-2.99,0.82,0.0,0.0,3.7399999999999998,0.0,0.0,0.0,0.0,1.5699999999999996
 PEIXE-PINTADO,0.0,0.0,-2.47,0.0,0.0,0.0,0.0,0.0,-3.7,0.0,0.0,0.0,-5.33,0.0,0.0,0.0,-8.47
 PEIXE-MANDI,0.0,0.0,0.0,0.0,0.0,-2.04,0.0,0.0,0.0,0.0,0.0,0.0,0.0,7.199999999999999,0.0,0.0,5.159999999999999
 CARNES E PEIXES INDUSTRIALIZADOS,-1.9900000000000002,-0.6099999999999999,1.1899999999999995,2.48,-2.9699999999999998,-2.55,-2.44,-0.99,-2.1300000000000003,0.2699999999999996,-4.199999999999999,2.36,-0.59,2.2600000000000002,1.46,1.4200000000000002,-1.08
 PRESUNTO,1.5900000000000003,-4.05,0.9800000000000002,3.48,-6.720000000000001,0.23999999999999977,-4.18,2.8099999999999996,-3.46,-1.87,-3.7799999999999994,8.36,1.7799999999999998,0.3800000000000001,0.0,3.64,-1.4600000000000002
 SALSICHA,-6.11,-0.18000000000000005,2.35,7.72,-1.29,0.95,1.43,-0.03,-3.72,1.6100000000000003,1.79,1.2800000000000002,-8.07,3.82,2.54,7.79,-0.34999999999999987
 LINGUIÇA,-1.9300000000000002,3.04,2.09,1.5499999999999998,-0.2500000000000002,-6.609999999999999,0.049999999999999996,-1.94,0.56,-0.54,-5.1499999999999995,-0.06000000000000005,2.3000000000000003,2.09,2.04,-3.35,-0.3399999999999999
 MORTADELA,-0.16999999999999993,3.08,10.05,-5.12,6.4799999999999995,2.28,2.17,2.9,0.81,10.18,0.95,7.96,2.75,4.1,0.0,4.18,4.48
 SALAME,2.68,-1.97,9.82,0.39,6.89,3.36,-0.17,-0.81,0.65,5.76,3.09,8.59,5.47,0.0,0.0,0.0,0.9800000000000004
 CARNE-SECA E DE SOL,-1.61,0.63,0.0,-0.18999999999999995,0.0,0.0,-5.21,0.009999999999999953,3.4400000000000004,0.0,0.0,-0.6800000000000002,-0.33,0.81,0.16000000000000003,1.5,0.21000000000000002
 CARNE DE PORCO SALGADA E DEFUMADA,-1.13,-1.94,1.58,-2.0,-1.29,0.0,-1.77,1.55,-1.81,4.69,-0.68,-1.54,-0.08,0.0,0.0,0.0,-0.4800000000000001
 HAMBÚRGUER,0.56,4.68,1.12,-2.37,-0.52,6.5600000000000005,-2.7,0.16,3.9,3.05,-3.96,0.97,-1.92,0.0,0.0,0.0,5.82
 AVES E OVOS,3.3200000000000003,4.88,1.6600000000000001,3.7699999999999996,5.8,1.8800000000000001,0.7100000000000001,-0.2699999999999998,14.459999999999999,7.1899999999999995,8.53,4.96,1.41,2.26,5.26,4.3,3.0200000000000005
 FRANGO INTEIRO,4.41,7.83,7.33,4.44,12.43,8.99,-1.5599999999999998,0.8500000000000001,17.73,19.29,10.52,13.44,4.11,2.64,7.54,6.51,7.989999999999999
 FRANGO EM PEDAÇOS,2.0899999999999994,3.4899999999999998,-1.5499999999999998,5.27,4.34,-2.66,-5.84,1.3500000000000003,13.58,5.220000000000001,2.29,-0.23999999999999977,0.66,1.1900000000000002,-0.63,2.2800000000000002,3.2500000000000004
 OVO DE GALINHA,5.489999999999999,6.82,2.7300000000000004,2.48,1.7200000000000004,-1.7900000000000003,1.4300000000000002,0.8,5.06,-1.17,3.0,-0.35999999999999976,1.4500000000000002,2.09,1.8399999999999999,3.7800000000000002,2.4299999999999997
 LEITE E DERIVADOS,6.66,6.73,15.059999999999999,1.8900000000000001,10.33,9.5,3.9500000000000006,2.8400000000000003,1.2199999999999998,16.03,11.290000000000001,13.690000000000001,8.75,4.75,7.88,5.0200000000000005,8.82
 LEITE LONGA VIDA,11.79,14.32,25.82,14.82,20.570000000000004,19.42,8.559999999999999,6.510000000000001,3.3699999999999997,27.720000000000002,14.030000000000001,22.77,15.309999999999999,8.22,12.389999999999999,11.04,18.27
 LEITE CONDENSADO,0.68,-1.71,1.42,0.0,-1.45,-2.47,9.45,-1.0899999999999999,-3.48,-0.66,0.0,-1.59,-0.20999999999999996,3.15,0.0,0.0,1.2000000000000002
 LEITE EM PÓ,0.17000000000000037,0.8599999999999999,0.17,3.28,-3.8099999999999996,0.04,6.27,-0.51,2.8200000000000003,-2.3,0.09000000000000008,4.51,-0.36999999999999966,3.1500000000000004,6.960000000000001,2.35,1.2899999999999998
 QUEIJO,3.7800000000000002,-2.35,1.32,-2.06,3.33,-0.019999999999999907,0.7599999999999999,-2.27,-2.3899999999999997,-0.5499999999999998,7.969999999999999,3.79,3.1599999999999997,-2.44,1.71,3.8000000000000007,1.3699999999999999
 CREME DE LEITE,0.0,0.0,0.6,0.0,0.0,3.1,0.0,3.7800000000000002,0.0,0.0,0.75,0.0,0.0,0.0,0.0,0.0,4.83
 IOGURTE E BEBIDAS LÁCTEAS,0.050000000000000155,5.67,0.010000000000000009,0.9899999999999999,2.96,-3.76,-2.8200000000000003,-1.0,1.79,0.9600000000000003,-1.86,1.62,3.1599999999999993,0.22999999999999998,5.42,6.119999999999999,1.48
 MANTEIGA,-0.68,2.59,-1.81,-0.7000000000000004,-0.73,-2.37,-3.9000000000000004,-0.4999999999999998,1.59,-1.07,-2.65,-1.83,-2.52,3.84,0.0,-1.53,-1.27
 PANIFICADOS,3.49,2.4,1.01,1.5,2.02,1.63,0.08999999999999986,3.9799999999999995,2.67,2.6,2.08,1.91,0.35,1.6600000000000001,1.1600000000000001,1.3900000000000001,2.4299999999999997
 BISCOITO,0.9299999999999999,3.2699999999999996,-0.3,2.56,2.8899999999999997,-4.79,-1.64,-0.58,2.08,0.8099999999999999,0.61,-0.1399999999999999,0.15999999999999992,-1.79,4.08,0.8799999999999999,1.21
 PÃO FRANCÊS,0.020000000000000018,3.1399999999999997,0.78,0.85,3.0900000000000003,4.11,2.75,4.72,2.03,2.08,1.4599999999999997,2.53,-0.13999999999999996,2.77,0.04999999999999993,1.7500000000000002,2.1300000000000003
 PÃO DOCE,2.16,1.9599999999999997,4.21,-0.43,-0.20999999999999996,-0.41999999999999993,2.35,3.38,2.2300000000000004,-2.21,-2.02,-0.52,1.75,0.0,0.0,-2.74,0.8800000000000001
 PÃO DE FORMA,1.51,5.12,0.28,0.0,1.4600000000000002,-0.25,8.69,0.0,0.0,5.48,3.62,-1.07,3.23,0.0,0.0,0.0,10.86
 BOLO,-2.69,-7.02,-0.33000000000000007,4.359999999999999,-0.44000000000000006,0.36000000000000004,1.0499999999999998,6.05,4.1,4.7299999999999995,1.88,-0.51,-1.84,2.41,2.15,2.91,0.44000000000000006
 PÃO DE QUEIJO,0.0,-0.08,0.93,-1.06,0.0,0.6799999999999997,0.0,0.0,0.0,0.0,-0.67,0.0,0.0,0.0,0.0,0.0,0.12000000000000005
 ÓLEOS E GORDURAS,0.9900000000000001,-0.41000000000000003,2.55,1.6600000000000001,-0.25,-0.1499999999999999,3.04,2.0,0.09,3.76,0.21,3.44,1.8199999999999996,1.4000000000000001,2.2,3.09,1.1600000000000001
 ÓLEO DE SOJA,2.250000000000001,1.25,0.8999999999999997,2.56,0.40000000000000024,-0.25,4.949999999999999,2.29,-1.6700000000000002,2.7,0.22000000000000003,3.53,2.4,1.9400000000000002,0.9199999999999999,2.13,1.29
 AZEITE DE OLIVA,-3.9400000000000004,-2.46,-0.87,-1.8,0.9799999999999999,-1.03,0.69,-1.86,-2.91,-0.76,-3.85,5.2,0.42,0.0,0.0,0.0,-0.8200000000000001
 MARGARINA,-0.27,-0.58,3.74,0.21999999999999997,-3.3200000000000003,0.36,0.63,2.01,-1.1,-0.8199999999999998,-1.7000000000000002,4.05,4.23,-0.13,4.74,4.41,-0.21
 BEBIDAS E INFUSÕES,-2.08,0.5800000000000001,1.77,1.07,-1.5500000000000003,-0.019999999999999907,-1.36,0.22,-2.01,0.05000000000000013,-2.5,-0.8900000000000001,1.2,-0.23000000000000004,2.19,-1.48,-0.6
 SUCO DE FRUTAS,-5.19,-0.58,1.0899999999999999,0.8300000000000001,-0.86,2.1,-3.37,-1.51,0.78,1.5599999999999998,-0.2,1.07,1.08,0.5900000000000001,1.17,-0.32999999999999996,-0.8600000000000001
 AÇAÍ (EMULSÃO),-1.3,0.29,0.0,0.0,0.0,4.1,-2.08,0.0,-2.75,0.0,0.0,0.0,-0.04,-2.11,0.0,0.0,-2.4899999999999998
 CAFÉ MOÍDO,1.1300000000000001,-2.63,0.8699999999999997,-2.22,-1.6000000000000003,-0.9300000000000002,-3.55,0.28,-2.7199999999999998,-1.0499999999999998,-0.17999999999999994,-2.02,-2.49,0.3900000000000001,3.15,-0.6099999999999999,-1.0099999999999998
 CAFÉ SOLÚVEL,0.0,0.3899999999999999,0.0,0.95,0.0,0.0,0.0,0.0,0.0,2.92,0.0,0.0,0.95,0.0,0.0,0.6,1.5099999999999998
 CHÁ,-0.79,1.7899999999999998,2.57,1.19,-0.22,0.0,0.37,1.45,0.96,2.56,-0.53,-0.53,1.75,0.0,0.0,0.0,1.1199999999999997
 REFRIGERANTE E ÁGUA MINERAL,-2.15,-0.76,-0.8200000000000001,2.86,-0.63,1.22,0.5300000000000001,0.89,-0.74,-0.19999999999999996,-1.88,-1.39,1.21,-1.9100000000000001,2.67,-1.31,0.79
 CERVEJA,-1.35,1.0099999999999998,-0.8999999999999999,1.29,-2.47,-0.89,-0.35,-5.0,0.9800000000000001,-1.07,0.17000000000000004,-3.03,1.3699999999999999,2.21,0.5,-3.21,-1.28
 OUTRAS BEBIDAS ALCOÓLICAS,-7.09,1.01,-1.03,-0.7000000000000001,1.47,4.59,0.7899999999999999,-0.8,-1.63,1.45,1.4900000000000002,-0.020000000000000018,0.0,0.0,0.0,0.45,-1.48
 ENLATADOS E CONSERVAS,0.17,2.71,2.26,-0.45999999999999985,2.11,0.10999999999999988,-0.04999999999999999,0.78,1.07,0.97,0.09000000000000008,2.34,-0.8899999999999999,-0.07,3.42,1.41,2.09
 COCO RALADO,-0.76,0.0,3.41,-0.93,-4.84,-7.04,1.26,0.0,-0.88,0.1100000000000001,-3.28,2.35,-0.49,0.0,0.0,0.0,-2.5900000000000003
 ERVILHA EM CONSERVA,4.24,-2.95,4.1,0.63,-0.5,2.62,-1.34,1.15,-5.34,0.06,-3.27,-0.81,-1.6999999999999997,0.0,0.0,0.71,0.31999999999999995
 PALMITO EM CONSERVA,3.1100000000000003,2.34,-3.17,0.0,-0.8499999999999999,-0.77,0.0,-1.13,1.44,2.97,-1.14,4.65,0.0,0.0,0.0,0.0,0.45
 PEPINO EM CONSERVA,-2.34,0.7200000000000001,0.05,-0.4,-2.61,1.42,0.39,-1.59,3.44,-2.84,-1.01,0.79,0.1200000000000001,0.0,0.0,0.0,-0.9500000000000001
 SARDINHA EM CONSERVA,-1.79,-0.17,2.9800000000000004,-0.8,3.95,0.0,0.34,0.74,-0.9199999999999999,0.9299999999999999,1.1099999999999999,3.66,1.28,-0.46,4.1499999999999995,1.26,-0.98
 SALSICHA EM CONSERVA,-2.84,-1.36,-0.31,-0.67,-0.53,2.74,1.2499999999999998,-1.86,3.96,-0.41,-1.73,-0.07,2.7,0.5399999999999999,0.0,1.2899999999999998,0.7699999999999999
 CARNE EM CONSERVA,-2.83,0.0,1.38,3.86,-8.24,0.45,-0.9600000000000001,-2.63,9.9,-3.55,-1.66,2.57,-0.09,0.67,2.61,1.0599999999999998,-2.9
 PATÊ,5.92,0.010000000000000009,0.0,0.0,0.0,1.46,1.64,0.46,0.0,0.0,-1.28,0.0,-2.09,0.0,0.0,0.0,2.75
 SOPA DESIDRATADA,0.0,2.45,2.2800000000000002,0.0,0.89,-0.77,0.0,0.0,0.0,1.46,3.2,0.71,0.0,-0.32000000000000006,0.0,0.0,2.67
 AZEITONA,-1.0699999999999998,0.22,-3.06,-1.3099999999999998,-0.9,-2.4699999999999998,0.5,1.03,1.43,2.18,-0.1200000000000001,-3.86,-0.94,0.0,0.0,0.0,-0.71
 MILHO-VERDE EM CONSERVA,0.06000000000000005,-1.0599999999999998,-0.5099999999999998,-1.59,-4.43,-3.41,3.3599999999999994,-3.58,2.63,-3.0700000000000003,-2.09,0.20000000000000018,-4.41,0.06000000000000005,-1.88,3.37,-0.6599999999999999
 ATUM EM CONSERVA,-1.74,1.89,2.58,1.58,4.23,0.24,0.0,4.97,0.26000000000000023,3.41,0.0,-1.63,0.0,0.0,0.0,0.0,2.62
 SAL E CONDIMENTOS,5.73,3.88,0.20000000000000012,-0.98,-1.25,2.54,0.5,-0.54,5.47,-0.8399999999999999,2.26,6.09,2.68,2.01,2.06,2.33,0.98
 LEITE DE COCO,-0.24,0.8,-0.41,-0.13,-1.04,0.25,0.1,0.54,4.27,-0.19,0.18,-0.64,0.98,0.0,0.0,0.0,2.5399999999999996
 ATOMATADO,-0.24,3.9000000000000004,-0.9199999999999999,-2.08,-1.87,1.8599999999999999,1.87,-0.6500000000000001,2.27,-0.26000000000000006,-0.8700000000000001,-2.73,0.030000000000000027,0.5999999999999999,3.61,0.96,-0.29000000000000004
 ALHO,14.39,0.98,-0.78,3.63,3.4899999999999993,-0.62,0.5199999999999997,-1.3499999999999996,13.549999999999999,1.07,1.3900000000000003,11.64,14.75,4.59,6.67,6.39,4.98
 SAL,0.34,1.57,0.74,-0.5,0.43,3.23,-0.16000000000000003,4.08,-0.15,-0.19,2.55,-1.04,-1.72,1.3599999999999999,-2.51,0.0,1.07
 FERMENTO,-1.2,1.02,2.33,-4.51,-0.38,-2.43,1.55,0.0,-0.17,1.9200000000000002,0.0,3.14,0.0,0.0,0.0,0.0,1.58
 MAIONESE,-0.8600000000000001,3.0,-1.79,4.83,2.2199999999999998,-3.1399999999999997,-1.2199999999999998,0.88,0.8,3.1599999999999997,4.53,-0.04999999999999999,1.11,0.54,0.0,0.0,1.46
 VINAGRE,0.21,1.46,0.0,-2.2700000000000005,1.84,0.0,10.120000000000001,0.0,0.0,0.0,1.18,0.0,0.0,0.0,4.220000000000001,-0.7,5.32
 CALDO CONCENTRADO,-0.45000000000000007,-2.9899999999999998,3.05,0.16000000000000003,-1.0000000000000002,1.3000000000000003,0.12,5.4799999999999995,1.56,0.24,0.14,0.44999999999999996,1.67,0.0,0.0,3.3499999999999996,0.35
 TEMPERO MISTO,-0.38,2.9499999999999997,3.89,8.32,7.140000000000001,1.0699999999999998,1.27,3.4,4.639999999999999,5.74,0.5,-1.8200000000000003,-2.33,0.9500000000000001,-3.14,1.77,4.15
 ALIMENTAÇÃO FORA DO DOMICÍLIO,1.5699999999999998,0.9599999999999997,-1.2,0.9400000000000001,0.26000000000000006,1.51,2.13,-0.5800000000000001,2.12,2.8800000000000003,-1.1,-1.03,2.19,0.15000000000000002,0.45999999999999996,-0.7100000000000001,0.8300000000000001
 ALIMENTAÇÃO FORA DO DOMICÍLIO,1.6,2.6199999999999997,-0.27,0.7100000000000001,0.06000000000000005,0.5599999999999999,-0.019999999999999907,0.87,1.23,0.3400000000000001,-1.3,0.15,2.57,0.15000000000000002,0.45999999999999996,-0.7100000000000001,0.6000000000000001
 REFEIÇÃO,0.9700000000000001,2.54,-0.20999999999999994,0.53,0.76,1.53,-1.5899999999999999,-0.13999999999999999,0.53,0.2299999999999998,-0.7200000000000001,0.47,-0.030000000000000027,-0.25,-0.27999999999999997,-2.3200000000000003,0.6799999999999999
 LANCHE,-0.8699999999999999,0.0,-0.38999999999999996,2.3899999999999997,-2.77,-0.9300000000000002,-0.24000000000000005,1.84,1.79,-0.16999999999999998,0.3899999999999999,-0.32000000000000006,1.35,0.21,1.99,1.76,-0.6900000000000001
 CAFÉ DA MANHÃ,1.6999999999999997,-3.9399999999999995,1.1099999999999999,1.42,-2.58,1.76,0.18000000000000008,0.15,0.8200000000000001,-0.4,-0.56,-3.31,0.95,0.85,0.0,2.64,-1.02
 REFRIGERANTE E ÁGUA MINERAL,1.68,0.1299999999999999,0.5,2.87,2.08,3.8,-0.43999999999999995,0.45999999999999996,-0.66,-1.25,-0.53,-1.08,0.69,1.0899999999999999,2.2,0.4899999999999999,1.01
 CAFEZINHO,0.42000000000000004,-3.0500000000000003,0.0,0.0,0.49,0.0,0.0,0.0,0.0,0.0,3.77,0.0,0.0,0.0,0.0,0.0,0.16
 CERVEJA,-0.29999999999999993,1.85,-0.4,-0.49,2.73,-2.69,-0.26,-1.6400000000000001,-1.08,6.6499999999999995,-0.4800000000000001,-0.48000000000000004,4.59,0.9799999999999998,-0.3500000000000001,-2.2199999999999998,2.7600000000000002
 OUTRAS BEBIDAS ALCOÓLICAS,0.44000000000000006,0.53,0.26,2.11,-0.01,-3.3200000000000003,-0.17000000000000004,-1.22,-0.09999999999999999,0.32,-0.11,0.18,-0.23,0.0,0.0,1.77,0.27999999999999997
 DOCES,0.85,2.88,3.4400000000000004,-0.32999999999999996,-0.040000000000000036,3.9899999999999998,0.03999999999999998,1.6900000000000002,1.81,-0.33000000000000007,-0.009999999999999981,-1.35,-2.54,-0.06000000000000001,-2.05,1.1099999999999999,1.03
 HABITAÇÃO,2.42,3.0300000000000002,4.76,5.17,2.21,3.0500000000000003,4.64,2.67,5.62,4.23,3.16,3.8200000000000003,5.8100000000000005,4.21,3.55,4.26,3.73
 ENCARGOS E MANUTENÇÃO,0.08000000000000002,0.39,0.84,0.55,0.39999999999999997,0.47000000000000003,0.06,0.73,-0.8700000000000001,1.4,0.49,2.02,-1.2999999999999998,1.18,0.45,0.54,0.33999999999999997
 ALUGUEL E TAXAS,1.83,-0.010000000000000009,-1.26,0.71,0.62,0.38,-0.11,0.71,0.71,1.8,0.28,0.39,1.25,0.28,0.39,0.53,0.91
 ALUGUEL RESIDENCIAL,-0.19000000000000006,0.77,0.95,0.5399999999999999,0.71,0.75,0.92,-1.1400000000000001,0.72,0.5,0.44,1.4100000000000001,4.18,0.29,0.54,0.32,0.72
 CONDOMÍNIO,2.26,-0.78,0.14000000000000012,1.24,-1.1099999999999999,-0.27000000000000024,-0.78,-0.33000000000000007,1.23,1.9000000000000001,-0.6100000000000001,-1.23,-0.9299999999999999,1.53,1.32,1.67,0.15000000000000002
 TAXA DE ÁGUA E ESGOTO,1.83,3.61,0.24,1.83,0.34999999999999987,-1.66,-0.59,-1.9,2.2,5.949999999999999,0.61,0.05,-1.13,0.0,0.0,0.0,1.4000000000000001
 MUDANÇA,0.0,2.17,0.66,-0.46,-0.48,-2.81,0.56,-0.56,-0.79,4.949999999999999,0.8899999999999999,0.14,-1.11,0.0,-4.6000000000000005,0.0,2.02
 REPAROS,0.06,0.3,0.18000000000000005,0.22999999999999998,1.48,0.53,-0.88,0.71,-2.48,1.08,0.7799999999999999,0.35,0.6,1.5699999999999998,0.21000000000000002,0.15,0.69
 FERRAGENS,0.15,0.15,3.02,0.15,0.43000000000000005,0.15,0.15,4.6,0.15,1.41,1.5799999999999998,0.8600000000000001,0.15,3.84,0.0,0.0,1.5799999999999998
 MATERIAL DE ELETRICIDADE,0.4,3.37,0.68,0.0,0.0,0.0,-3.63,1.19,-0.52,1.2799999999999998,-0.62,1.34,0.0,0.0,0.0,0.0,1.04
 MATERIAL DE PINTURA,0.69,0.0,-0.06000000000000005,0.0,0.0,0.0,-0.46,-0.07,-1.6099999999999999,0.6,-1.6,-0.16999999999999993,3.2300000000000004,5.1000000000000005,0.0,0.0,0.9199999999999999
 VIDRO,0.77,0.48,1.8900000000000001,0.46,0.16,-0.49,-0.18,-0.37,0.26,0.84,-0.62,-0.01,-0.78,0.0,0.0,0.0,2.1500000000000004
 TINTA,1.47,2.0500000000000003,3.9800000000000004,4.26,-3.27,2.97,0.6399999999999999,1.0,-0.76,1.71,1.19,2.06,0.050000000000000044,-0.020000000000000018,2.95,1.1400000000000001,0.11999999999999988
 REVESTIMENTO DE PISO E PAREDE,-3.07,2.46,-4.94,-4.73,-1.8599999999999999,3.84,-0.6100000000000001,1.74,-1.7999999999999998,2.34,6.5,-0.7599999999999999,1.9900000000000002,0.0,0.16999999999999993,0.54,-0.9199999999999999
 CIMENTO,0.0,1.59,-1.48,2.3499999999999996,2.1900000000000004,5.609999999999999,-1.7600000000000005,3.26,0.78,3.38,-0.7600000000000002,0.26,0.48999999999999977,2.5300000000000002,1.5199999999999998,-3.07,1.1099999999999999
 TIJOLO,-3.95,-3.8200000000000003,-0.3400000000000001,0.040000000000000036,1.12,5.9799999999999995,5.24,4.2700000000000005,1.89,-0.9500000000000001,4.51,1.8,-1.55,0.0,0.49,0.0,0.5200000000000001
 MATERIAL HIDRÁULICO,-0.28,0.0,-0.48,0.0,-0.59,0.0,0.30999999999999994,0.0,2.27,-0.88,0.0,0.27,0.0,0.0,-4.0,0.0,-0.68
 MÃO DE OBRA,-3.25,0.47,-1.92,0.43999999999999995,0.1,-6.38,0.35,-2.96,0.27,1.51,0.9599999999999999,-0.03,-1.08,-0.17,-0.17,-0.17,-0.45999999999999996
 AREIA,1.4899999999999998,0.23,1.0,-2.53,0.88,0.0,-1.67,-4.07,-0.1200000000000001,3.38,0.38,-1.32,0.34,0.0,0.0,0.0,1.04
 TELHA,-0.0899999999999998,-0.19,1.73,0.0,2.92,-1.34,2.4799999999999995,-1.8,5.359999999999999,1.81,-0.37,-1.25,0.01,0.0,0.0,2.8800000000000003,2.0300000000000002
 ARTIGOS DE LIMPEZA,3.1999999999999997,6.07,1.31,-1.22,-1.07,0.79,2.1500000000000004,2.52,4.27,1.41,-1.54,1.43,8.79,2.68,1.4300000000000002,1.3199999999999998,1.53
 ÁGUA SANITÁRIA,0.41000000000000014,-0.22,-3.17,0.44999999999999996,-0.07000000000000006,1.0899999999999999,-1.5899999999999999,2.26,3.03,2.1899999999999995,-1.64,0.3,-0.64,0.48,0.5599999999999998,1.81,0.00999999999999999
 DETERGENTE,2.01,6.369999999999999,1.13,4.06,-1.7799999999999998,-3.33,-3.9000000000000004,1.53,5.68,2.99,-0.04999999999999982,1.78,2.4699999999999998,0.0,0.0,1.06,0.8400000000000001
 SABÃO EM PÓ,0.0,3.66,-1.29,-1.27,-0.6200000000000001,1.4,1.27,-1.2,3.71,0.020000000000000018,1.9200000000000002,2.57,5.2700000000000005,4.92,1.6099999999999999,0.7599999999999998,0.52
 DESINFETANTE,-2.8200000000000003,4.14,1.0899999999999999,5.630000000000001,0.0,-0.1,-1.29,-0.30999999999999994,1.79,1.09,0.64,-1.71,0.2899999999999999,-1.15,-5.71,0.0,0.73
 INSETICIDA,5.2,3.47,0.24,-1.97,-0.69,-0.73,2.17,3.34,3.09,0.0,-3.83,0.0,9.69,0.0,0.0,0.0,2.25
 SABÃO EM BARRA,7.15,5.73,3.58,-2.71,1.7199999999999998,6.459999999999999,2.69,6.199999999999999,1.3399999999999999,1.98,-4.720000000000001,-0.01999999999999999,8.32,0.5299999999999999,4.53,2.16,2.59
 ESPONJA DE LIMPEZA,-0.44,-1.6900000000000002,2.6199999999999997,-1.9100000000000001,-0.32,0.77,5.1899999999999995,-3.09,1.06,-2.5,1.4700000000000002,0.8299999999999998,-1.22,1.19,-2.88,0.0,0.22
 AMACIANTE,-0.03999999999999998,3.52,4.880000000000001,0.29,0.29000000000000004,2.8,3.9,3.14,3.21,2.3600000000000003,2.21,2.18,-0.7500000000000001,3.0500000000000003,0.0,1.83,1.89
 COMBUSTÍVEIS E ENERGIA,6.14,11.059999999999999,15.54,14.149999999999999,7.03,11.45,7.9799999999999995,6.04,20.68,7.95,8.17,10.11,12.72,6.14,7.39,10.22,9.6
 COMBUSTÍVEIS (DOMÉSTICOS),1.85,5.279999999999999,5.949999999999999,9.35,1.4700000000000002,9.89,0.48999999999999977,-0.64,12.3,0.0900000000000003,7.11,0.5,14.28,0.86,-1.9200000000000002,0.5,3.7700000000000005
 CARVÃO VEGETAL,0.48,2.25,0.48,-1.64,0.33,-0.41,1.72,0.18,0.66,-0.43,1.9,-0.01,-1.78,0.0,0.0,0.0,0.66
 GÁS DE BOTIJÃO,4.7700000000000005,5.48,6.369999999999999,10.040000000000001,2.21,9.4,3.1899999999999995,-0.42000000000000004,10.8,2.0100000000000002,6.800000000000001,-1.31,12.84,0.86,-1.9200000000000002,0.5,4.59
 GÁS ENCANADO,1.8699999999999999,0.0,0.0,-2.76,6.13,0.0,-0.88,-0.49,0.0,0.0,0.7,0.0,0.0,0.0,0.0,0.0,2.3600000000000003
 ENERGIA ELÉTRICA RESIDENCIAL,8.15,12.610000000000001,18.490000000000002,22.27,8.709999999999999,13.959999999999999,10.28,10.42,37.269999999999996,8.559999999999999,5.879999999999999,12.31,12.69,8.34,12.260000000000002,15.82,12.77
 ENERGIA ELÉTRICA RESIDENCIAL,8.700000000000001,10.9,19.500000000000004,18.8,8.069999999999999,11.219999999999999,11.11,10.67,23.31,13.12,7.989999999999998,14.57,12.12,8.34,12.260000000000002,15.82,11.51
 ARTIGOS DE RESIDÊNCIA,0.7899999999999999,1.8,0.05999999999999994,3.26,-5.32,1.63,-2.7755575615628914e-17,-0.34,2.2,2.0100000000000002,-1.51,3.04,-3.8000000000000003,-0.39999999999999997,0.09999999999999998,-1.1400000000000001,-0.79
 MÓVEIS E UTENSÍLIOS,6.239999999999999,1.3200000000000003,2.58,3.3099999999999996,-6.4399999999999995,2.65,0.02,-2.3099999999999996,2.87,1.0699999999999998,0.45,4.300000000000001,1.71,0.09999999999999998,-0.02999999999999997,-1.3099999999999998,-0.31000000000000005
 MOBILIÁRIO,1.19,4.83,2.24,4.78,0.4299999999999997,-0.4900000000000002,2.38,-0.4,5.1,3.0,-0.42,2.8000000000000003,-1.31,-1.25,1.58,-2.7199999999999998,2.2600000000000002
 MÓVEL PARA SALA,-2.11,2.62,-0.24,3.38,-1.37,7.359999999999999,0.47000000000000003,-1.15,-0.6499999999999999,2.95,-1.95,2.87,3.96,-0.5900000000000003,1.84,-4.699999999999999,0.53
 MÓVEL PARA QUARTO,-1.39,5.47,3.24,3.0900000000000003,-5.35,2.96,0.8499999999999999,2.94,2.18,-2.94,-4.2299999999999995,-0.5899999999999999,-0.27,-1.56,2.17,-3.02,-0.72
 MÓVEL PARA COPA E COZINHA,0.13000000000000012,2.09,-0.91,1.1800000000000002,2.1999999999999997,0.36,-0.69,-0.49,2.24,1.45,3.17,3.29,0.2099999999999999,1.6400000000000001,0.1299999999999999,0.32999999999999996,1.59
 MÓVEL INFANTIL,0.67,-2.73,-0.83,-1.83,2.14,-2.89,1.19,-1.53,-2.97,2.36,-0.6399999999999999,-0.33,0.65,-1.31,0.0,1.57,-0.39999999999999997
 COLCHÃO,0.4900000000000001,0.9500000000000002,-0.8500000000000001,0.2100000000000002,2.0399999999999996,2.3,2.81,-1.92,2.68,1.2000000000000002,11.899999999999999,6.6899999999999995,-0.5900000000000001,-4.14,1.24,1.09,1.53
 UTENSÍLIOS E ENFEITES,4.4,0.63,4.88,-1.03,3.03,2.29,0.32000000000000006,-1.31,0.52,-1.98,3.19,4.8100000000000005,-3.9,0.62,-1.6,1.47,2.18
 TAPETE,-5.97,-0.75,6.13,-2.27,-1.87,-1.95,-2.55,0.5,-2.38,0.17999999999999994,1.67,3.31,4.359999999999999,4.3,1.29,0.0,0.9700000000000002
 CORTINA,0.14000000000000024,1.7999999999999998,-0.009999999999999898,-1.9700000000000002,7.12,4.130000000000001,-0.75,-1.1800000000000002,-3.04,-3.96,-0.5599999999999998,0.6100000000000001,-2.26,0.0,0.019999999999999962,0.10999999999999999,1.66
 UTENSÍLIOS DE METAL,-0.51,-0.3699999999999999,3.4099999999999997,-2.71,6.78,1.1400000000000001,-5.1000000000000005,2.9899999999999993,-0.8300000000000001,0.11999999999999997,-0.8400000000000001,1.1199999999999999,-1.8299999999999998,2.6100000000000003,-4.74,4.73,1.8599999999999999
 UTENSÍLIOS DE VIDRO E LOUÇA,0.4900000000000001,0.46999999999999975,3.17,-5.02,-1.3600000000000003,-2.4500000000000006,-6.02,-1.4900000000000002,-1.15,-3.21,3.43,2.5,-4.19,1.73,1.4800000000000002,-4.1,-0.9
 UTENSÍLIOS DE PLÁSTICO,3.6099999999999994,0.10999999999999988,0.0,-0.5300000000000001,-3.7,1.12,0.3699999999999999,-3.56,2.71,0.6499999999999999,-1.5,-3.81,-5.47,1.01,-1.42,-2.7800000000000002,-1.1199999999999999
 FLORES NATURAIS,1.26,6.209999999999999,-0.31,0.33,4.109999999999999,0.85,1.85,0.18,8.86,2.58,0.01,2.13,1.63,0.0,0.0,0.0,3.87
 UTENSÍLIOS DIVERSOS,2.3800000000000003,1.78,2.95,0.56,2.75,2.62,1.9100000000000001,-0.83,0.77,0.99,0.8600000000000001,1.6400000000000001,-3.91,-0.96,-1.95,2.29,3.0
" CAMA, MESA E BANHO",3.26,3.3899999999999997,1.9,-2.46,-2.55,-2.16,1.48,-2.85,1.6,-2.13,-0.37,2.16,1.46,3.34,-2.7800000000000002,2.12,2.7755575615628914e-17
 ROUPA DE CAMA,0.6200000000000001,6.09,3.4699999999999998,-2.3,-5.24,-3.35,2.52,-2.39,2.67,-2.37,1.02,2.54,4.08,3.08,-3.26,0.3899999999999999,0.05
 ROUPA DE BANHO,3.21,1.7399999999999998,1.79,0.8999999999999999,-1.09,0.0,-0.27,-0.10999999999999999,1.5500000000000003,-3.39,0.0,-0.89,2.87,4.07,-1.4700000000000002,5.8100000000000005,0.15000000000000008
 APARELHOS ELETROELETRÔNICOS,0.3400000000000001,0.3699999999999999,-5.75,1.35,-0.5100000000000001,-1.08,0.29000000000000004,-0.71,-0.020000000000000018,-0.030000000000000027,-2.04,0.78,-0.61,-1.08,0.3599999999999999,-0.8400000000000001,-0.63
 ELETRODOMÉSTICOS E EQUIPAMENTOS,-1.04,0.010000000000000009,0.49999999999999994,0.98,-1.13,-0.65,1.1500000000000001,-2.0100000000000002,0.61,-1.7000000000000002,1.3399999999999999,-0.9499999999999997,-0.81,-1.6,1.2000000000000002,-0.76,-0.39999999999999997
 REFRIGERADOR,-4.41,1.4999999999999998,-0.16000000000000003,0.45999999999999974,-5.36,-2.2399999999999998,2.2100000000000004,-4.550000000000001,-0.98,-3.75,-0.17999999999999994,-2.7700000000000005,0.69,-0.48000000000000004,0.95,-0.5699999999999998,-2.42
 AR-CONDICIONADO,3.06,0.11000000000000004,1.15,-1.4300000000000002,1.84,2.87,-2.04,-1.72,-1.24,2.0300000000000002,1.11,-1.8499999999999999,-4.5,-0.45000000000000007,2.21,-3.94,0.9199999999999999
 MÁQUINA DE LAVAR ROUPA,-1.27,0.6800000000000002,1.9500000000000002,1.8399999999999999,-0.00999999999999962,2.5300000000000002,-0.12000000000000022,1.2,0.51,-1.5899999999999999,-1.1400000000000001,2.4099999999999997,-2.16,-4.88,2.32,-0.24,0.3200000000000002
 LIQUIDIFICADOR,0.0,0.0,0.0,-1.0,0.0,0.0,-2.11,-0.77,0.0,0.0,-3.17,0.0,0.0,-2.87,0.0,0.0,-3.55
 VENTILADOR,0.25,-0.98,0.46,0.26,1.13,1.19,1.4300000000000002,-0.30000000000000004,1.81,0.12,1.82,-1.43,2.3699999999999997,-3.94,2.79,-0.97,1.1300000000000001
 FOGÃO,0.18,-0.010000000000000009,0.3599999999999999,3.08,1.49,-2.4899999999999998,-0.74,-1.0299999999999998,-0.44999999999999996,-2.05,1.8800000000000001,5.970000000000001,-5.56,-2.1,-0.6299999999999999,-0.6599999999999999,0.41999999999999993
 CHUVEIRO ELÉTRICO,0.19,2.5300000000000002,0.97,0.14,1.63,0.75,0.05,0.35,0.53,0.64,0.06,2.19,0.82,0.0,0.0,0.0,1.4100000000000001
 FORNO DE MICRO-ONDAS,1.23,3.17,1.6300000000000001,1.99,-1.1500000000000001,-1.47,1.24,0.0,-3.12,2.12,8.9,1.32,1.53,0.0,0.0,0.0,0.7
" TV, SOM E INFORMÁTICA",1.23,5.17,-1.9899999999999998,-0.53,-2.64,-0.43999999999999995,-2.69,1.25,0.15999999999999998,-0.8000000000000003,-0.29000000000000004,1.91,-3.73,-0.13,-1.15,-0.9800000000000001,-0.47
 TELEVISOR,-2.1799999999999997,-1.72,-5.88,-1.56,-4.28,-2.0300000000000002,-2.47,-1.8,-4.49,-0.33000000000000007,-2.2,-3.27,-3.3099999999999996,-2.29,-2.07,-1.7599999999999998,-3.5700000000000003
 APARELHO DE SOM,6.9,-1.52,-1.09,-0.5300000000000001,-5.66,-4.82,0.7000000000000001,-0.8400000000000001,-0.8600000000000001,-3.3200000000000003,-0.19999999999999996,2.5,0.81,1.8499999999999999,-0.9700000000000001,-2.4299999999999997,-1.19
 APARELHO DE DVD,-1.9100000000000001,-0.040000000000000036,-1.84,-1.2600000000000002,3.17,3.08,1.5499999999999998,1.3199999999999998,-1.63,1.79,-1.5000000000000002,5.53,0.9199999999999999,1.02,0.5,-1.9499999999999997,0.65
 ANTENA,0.0,0.0,0.0,0.4,0.0,0.0,-0.8999999999999999,0.06000000000000005,0.0,0.0,1.3599999999999999,-0.19,3.59,-0.28,0.0,-0.3799999999999999,1.98
 MICROCOMPUTADOR,0.7100000000000001,3.33,-0.71,2.42,-0.6100000000000001,1.6200000000000003,-0.6699999999999999,1.26,1.9999999999999998,-0.9199999999999997,-1.8599999999999999,2.52,-0.5499999999999999,0.4900000000000002,-0.98,0.57,0.22999999999999998
 CONSERTOS E MANUTENÇÃO,3.2,2.4699999999999998,2.92,0.41,3.8599999999999994,-0.030000000000000027,1.72,0.0399999999999999,1.12,3.8000000000000003,2.9699999999999998,4.04,-0.27,0.42,-0.06,-1.26,2.67
 CONSERTOS E MANUTENÇÃO,2.46,2.57,2.33,-1.4100000000000001,3.0599999999999996,0.019999999999999907,2.1,-0.9900000000000001,0.91,2.33,2.9299999999999997,3.8299999999999996,0.15000000000000002,0.42,-0.06,-1.26,2.01
 CONSERTO DE REFRIGERADOR,6.24,2.81,2.47,-3.2,7.21,1.53,2.7199999999999998,-2.86,1.59,1.9899999999999998,0.8,4.550000000000001,-0.52,0.0,-3.58,0.0,3.5
 CONSERTO DE TELEVISOR,-0.74,0.009999999999999787,4.66,1.0,1.18,0.0,0.0,-1.94,4.85,-1.77,2.8100000000000005,2.04,2.9,-2.52,0.59,-1.85,1.0100000000000002
 CONSERTO DE APARELHO DE SOM,0.0,0.31,4.78,0.0,3.57,0.04,0.0,0.0,1.71,1.23,0.0,0.9,1.59,-6.58,12.57,0.0,5.26
 CONSERTO DE MÁQUINA DE LAVAR ROUPA,2.4699999999999998,-3.79,3.53,-0.029999999999999805,5.22,-3.42,2.32,-1.8,-0.64,1.5500000000000003,0.22,1.72,-0.6399999999999999,0.0,0.0,0.0,2.7800000000000002
 REFORMA DE ESTOFADO,0.0,5.119999999999999,-0.77,1.2,-0.79,0.0,1.37,1.52,-2.5199999999999996,5.17,1.7,5.34,-0.3699999999999999,3.97,-1.14,-2.1799999999999997,1.1600000000000001
 MANUTENÇÃO DE MICROCOMPUTADOR,0.3,3.92,0.37,-2.78,0.03,0.6,1.48,0.71,-0.08,-2.81,2.33,1.3599999999999999,0.57,0.0,0.0,0.45999999999999996,0.8400000000000001
 VESTUÁRIO,1.85,3.14,2.46,2.05,3.0599999999999996,2.2199999999999998,0.65,0.7,1.0499999999999998,0.88,1.22,0.98,-2.09,-0.06000000000000005,3.3200000000000003,0.62,2.08
 ROUPAS,2.5799999999999996,4.75,2.9,1.56,2.25,0.8800000000000001,0.8300000000000001,1.8599999999999999,3.79,-0.010000000000000037,0.9800000000000001,1.6900000000000002,-4.4,-0.14000000000000012,3.67,1.21,2.19
 ROUPA MASCULINA,-0.6400000000000001,0.77,0.7999999999999999,1.52,0.6600000000000004,2.05,-1.79,-1.01,1.4000000000000001,-0.23000000000000004,-2.12,-0.21999999999999997,-0.9800000000000001,0.48,3.13,2.76,0.43000000000000005
 CALÇA COMPRIDA MASCULINA,0.3699999999999999,-0.52,1.8699999999999999,6.55,2.08,-2.38,-0.54,5.02,1.1199999999999997,-0.4900000000000002,-1.0999999999999999,3.03,0.7999999999999998,2.87,3.01,3.2199999999999998,1.43
 TERNO,3.81,4.630000000000001,3.7300000000000004,1.46,3.14,1.08,-1.91,-1.52,1.37,-1.3699999999999997,0.98,3.5200000000000005,2.76,0.0,0.0,0.0,2.25
 AGASALHO MASCULINO,3.03,7.71,6.47,2.9,8.27,5.83,2.41,2.48,-1.6,2.15,1.04,1.3299999999999998,-2.31,0.0,0.0,0.0,6.17
 SHORT E BERMUDA MASCULINA,-2.68,-0.42000000000000015,1.4100000000000001,1.1102230246251565e-16,4.1,4.5,-2.9399999999999995,-2.4,2.99,-1.9499999999999997,1.19,-4.99,-3.84,-0.6400000000000001,2.46,5.029999999999999,1.0499999999999998
 CUECA,-0.56,2.35,1.58,-3.9600000000000004,0.0,-2.12,1.66,-0.6600000000000001,3.8600000000000003,-2.23,1.58,0.17,1.44,0.53,-3.1399999999999997,0.0,0.6499999999999999
 CAMISA / CAMISETA MASCULINA,0.23999999999999932,0.8800000000000001,-0.6599999999999999,0.9099999999999999,2.8800000000000003,5.72,-4.22,-4.41,0.08000000000000007,1.88,-0.7499999999999998,0.4099999999999999,-5.1,-0.9100000000000001,4.18,1.4600000000000002,1.04
 ROUPA FEMININA,2.36,0.57,0.6499999999999999,0.06999999999999995,-0.8699999999999999,1.2699999999999998,-3.54,-1.08,0.7999999999999999,0.8599999999999999,0.45,3.09,-1.15,-0.27,3.8899999999999997,0.75,0.33
 CALÇA COMPRIDA FEMININA,2.1,1.92,2.9699999999999998,0.42000000000000004,0.69,3.17,1.2600000000000002,0.9900000000000001,-4.27,-0.75,-1.3900000000000001,3.19,0.6399999999999999,-2.11,5.6899999999999995,-2.6399999999999997,0.99
 AGASALHO FEMININO,0.0,3.97,5.5600000000000005,0.0,2.56,3.36,0.0,0.0,0.0,2.5599999999999996,0.0,4.42,2.42,0.0,0.0,0.0,3.6799999999999997
 SAIA,0.17,0.0,3.86,-1.0600000000000003,2.03,3.15,-1.11,-2.48,2.3999999999999995,-2.5,-1.0,5.16,1.99,-2.7199999999999998,4.3100000000000005,-4.93,0.5700000000000001
 VESTIDO,5.98,3.39,1.46,0.26,-4.29,2.71,4.13,-2.66,1.0,-2.5999999999999996,4.069999999999999,5.79,-3.8900000000000006,0.6499999999999999,4.12,1.17,0.55
 BLUSA,5.91,-0.05999999999999983,0.8899999999999999,-0.34,-4.640000000000001,2.59,-4.96,-6.15,-0.02000000000000024,3.91,3.87,4.06,-5.8100000000000005,0.6099999999999999,3.6799999999999997,4.19,-0.53
 LINGERIE,-1.68,1.7,4.73,2.75,-0.22999999999999998,3.96,-0.8500000000000001,-2.3199999999999994,0.5,3.93,-0.7800000000000001,3.7800000000000002,3.41,0.07999999999999999,-0.3500000000000001,0.7799999999999999,0.9100000000000001
 BERMUDA E SHORT FEMININO,-3.4,-3.15,0.67,0.4,0.26,1.5,2.09,0.77,-0.9400000000000002,-2.21,-3.58,-0.10000000000000009,-3.0500000000000003,-0.1200000000000001,2.2300000000000004,-2.04,-0.5800000000000001
 ROUPA INFANTIL,0.23999999999999982,1.3599999999999999,3.04,-0.30000000000000004,1.26,2.91,0.78,-2.43,0.56,0.13000000000000012,-0.73,1.3399999999999999,-2.93,-1.06,4.28,-0.32999999999999985,0.9499999999999998
 UNIFORME ESCOLAR,-0.26,0.46,1.72,-2.99,-1.8799999999999997,-0.75,5.23,-0.87,1.74,3.43,-2.88,-1.17,0.36,-0.3400000000000001,6.98,0.0,0.73
 CALÇA COMPRIDA INFANTIL,5.459999999999999,3.8700000000000006,2.83,0.5799999999999998,2.26,3.6300000000000003,0.6900000000000002,-2.9400000000000004,3.02,0.4500000000000002,-0.8699999999999999,5.4399999999999995,2.58,-0.71,5.28,-2.84,2.29
 AGASALHO INFANTIL,0.0,5.24,-0.5700000000000001,-2.4,7.24,7.380000000000001,-0.13,0.0,-1.29,6.51,0.0,2.37,-1.6400000000000001,0.0,0.0,0.0,3.8
 VESTIDO INFANTIL,1.0799999999999998,0.0,0.7599999999999998,-1.19,2.75,0.6099999999999999,-0.78,1.7000000000000002,1.8399999999999999,4.49,-1.82,1.7799999999999998,-4.38,-1.36,4.73,-1.46,1.76
 BERMUDA E SHORT INFANTIL,-2.5100000000000002,-1.52,3.0700000000000003,-0.9899999999999999,-0.08000000000000007,4.65,-1.73,-0.69,-5.98,0.92,1.1099999999999999,1.5400000000000003,-0.5400000000000003,-5.73,6.46,-2.19,-0.45000000000000007
 CAMISA / CAMISETA INFANTIL,-0.5299999999999998,1.4400000000000002,4.12,0.02999999999999997,-0.6400000000000001,-0.06000000000000005,-0.6800000000000002,-4.77,5.0600000000000005,-0.5800000000000001,1.08,-1.3699999999999999,-8.19,-1.0199999999999998,1.1099999999999999,1.73,0.030000000000000082
 CONJUNTO INFANTIL,-2.44,-2.91,-1.81,1.0299999999999998,3.56,1.4200000000000002,5.25,-5.050000000000001,2.11,-1.28,0.09999999999999998,1.7399999999999998,-2.72,3.89,5.9399999999999995,0.5599999999999996,1.3
 CALÇADOS E ACESSÓRIOS,1.13,-0.33999999999999986,0.73,2.1399999999999997,0.59,2.39,1.2900000000000003,0.6,-0.5900000000000001,-1.9000000000000004,-0.8799999999999998,2.78,-1.3399999999999999,0.74,2.79,-0.75,0.36000000000000004
 CALÇADOS E ACESSÓRIOS,0.6399999999999999,2.6,-1.0,1.7799999999999998,0.8099999999999999,1.8700000000000003,2.7,0.05999999999999994,-0.43,1.9300000000000002,1.1700000000000002,0.09999999999999992,0.7500000000000001,0.74,2.79,-0.75,0.93
 SAPATO MASCULINO,-1.01,0.7100000000000002,1.67,1.71,4.12,4.12,0.6799999999999997,0.86,1.0699999999999998,-1.7499999999999998,1.43,0.1499999999999999,1.37,0.07000000000000006,-1.24,-0.13000000000000034,1.35
 SAPATO FEMININO,-0.1299999999999999,2.37,-1.19,3.29,-0.08999999999999997,2.92,3.3800000000000003,-0.2699999999999999,-2.5200000000000005,4.63,-2.19,1.5799999999999998,-1.22,2.32,-1.7599999999999998,0.59,0.5
 SAPATO INFANTIL,1.46,1.39,-0.39,2.62,1.04,-0.99,1.58,0.0,4.329999999999999,0.21,1.9,-0.7,1.35,1.2400000000000002,0.0,-0.21999999999999997,3.08
 SANDÁLIA / CHINELO MASCULINO,0.0,0.0,0.0,2.04,0.0,0.0,2.84,-0.63,1.54,0.0,0.0,0.0,0.0,-0.23999999999999977,4.23,-5.21,1.86
 SANDÁLIA / CHINELO FEMININO,1.4099999999999997,-1.5999999999999999,0.22000000000000008,2.08,2.1799999999999997,0.74,2.06,1.8099999999999998,1.3900000000000001,4.3999999999999995,0.8499999999999999,-0.32000000000000006,-0.30999999999999983,1.15,3.8899999999999997,-2.7399999999999998,1.5999999999999999
 SANDÁLIA / CHINELO INFANTIL,-1.19,0.06,0.84,1.6099999999999999,-0.49,0.67,-0.25000000000000006,0.31000000000000005,1.9100000000000001,1.18,1.08,0.75,-3.1599999999999997,-1.75,5.22,2.3,0.79
 BOLSA,-0.2300000000000001,0.6599999999999997,1.12,3.1100000000000003,-0.9500000000000001,2.92,4.21,3.8899999999999997,-1.4000000000000001,4.18,4.53,1.3000000000000003,0.7999999999999997,0.12,0.73,-2.5700000000000003,1.5799999999999998
 TÊNIS,-1.6,3.08,-0.6199999999999999,0.95,-2.96,3.6100000000000003,-0.18000000000000016,-0.6900000000000001,-0.64,1.29,-1.56,-0.7200000000000002,3.12,1.16,5.02,2.08,-0.61
 JOIAS E BIJUTERIAS,-2.3699999999999997,0.06000000000000005,0.6699999999999999,0.21999999999999997,1.6,-1.5699999999999998,-0.81,-1.72,-1.68,0.98,-0.8999999999999999,2.62,3.03,-1.52,2.14,-0.31999999999999984,0.030000000000000054
 JOIAS E BIJUTERIAS,0.5,-0.6699999999999999,0.4799999999999999,0.83,0.56,-0.9199999999999998,-0.47000000000000003,0.22000000000000008,-1.12,0.59,-1.17,2.8600000000000003,3.51,-1.52,2.14,-0.31999999999999984,0.19000000000000006
 BIJUTERIA,-3.29,-3.1599999999999997,0.69,-1.19,4.22,0.30000000000000004,0.8400000000000001,-0.13,-2.68,-2.99,-1.13,0.8799999999999999,1.8800000000000001,-3.6999999999999997,1.3,-2.18,0.13000000000000006
 JOIA,2.42,2.6,0.30000000000000027,1.08,-3.06,-4.4,-0.5499999999999999,0.84,1.08,3.1199999999999997,-1.9100000000000001,3.51,4.48,-0.87,1.9,0.0,0.17000000000000004
 RELÓGIO DE PULSO,0.0,2.14,0.0,3.39,0.0,0.0,-5.28,0.0,0.0,0.0,0.0,0.0,0.0,-1.4500000000000002,3.61,5.48,-0.2
 TECIDOS E ARMARINHO,0.14,0.73,0.30000000000000004,2.78,1.1800000000000002,1.45,2.55,-0.84,0.33999999999999997,-1.16,3.0100000000000002,2.36,-0.7699999999999998,1.8599999999999999,1.3599999999999999,-1.1199999999999999,0.75
 TECIDOS E ARMARINHO,0.14,0.73,0.30000000000000004,2.78,1.1800000000000002,1.45,2.55,-0.84,0.33999999999999997,-1.16,3.0100000000000002,2.36,-0.7699999999999998,1.8599999999999999,1.3599999999999999,-1.1199999999999999,0.75
 TECIDO,0.84,1.07,0.59,2.78,2.4099999999999997,1.43,0.9699999999999999,4.93,0.51,-0.5599999999999999,0.8900000000000001,5.75,2.01,2.4099999999999997,1.3599999999999999,-0.11999999999999988,1.3
 ARTIGOS DE ARMARINHO,-4.25,0.47,1.4200000000000002,0.84,3.15,0.6499999999999998,5.15,-11.85,-0.27,-4.7,5.36,0.040000000000000036,1.7699999999999998,0.0,0.0,0.0,1.09
 ACORTINADO (MOSQUITEIRO),-1.7399999999999998,8.19,-6.38,0.69,-4.71,-6.56,-3.23,-1.0,-5.6,2.72,-10.76,-3.8,-12.27,-1.08,0.0,-4.12,-3.83
 TRANSPORTES,1.5899999999999999,3.8,2.5700000000000003,3.6399999999999997,1.16,0.8599999999999999,1.24,2.8600000000000003,1.99,1.97,3.4,2.26,1.7000000000000002,0.53,2.92,2.41,1.98
 TRANSPORTES,1.5899999999999999,3.8,2.5700000000000003,3.6399999999999997,1.16,0.8599999999999999,1.24,2.8600000000000003,1.99,1.97,3.4,2.26,1.7000000000000002,0.53,2.92,2.41,1.98
 TRANSPORTE PÚBLICO,0.05000000000000002,1.26,-0.020000000000000018,-0.25,-3.62,-4.8,-0.92,-0.09000000000000001,-0.44,-3.0,-0.3500000000000001,1.1199999999999997,-0.17000000000000004,-1.2999999999999998,0.13999999999999999,1.4,-1.5099999999999998
 ÔNIBUS URBANO,2.58,-0.67,-0.71,-0.13,0.93,0.28,-0.02,-0.19,0.6,-0.47,0.51,-0.36,0.89,0.0,0.0,0.0,0.6599999999999999
 TÁXI,-0.75,0.46,-0.6,-0.19,-0.18,0.43,-1.15,0.76,0.42,-1.83,0.91,-0.53,1.41,0.0,0.0,0.0,-0.2
 TREM,0.39,0.63,0.39,0.38,0.42,0.49,0.31,0.45,0.41,0.33,0.44,0.41,0.43,0.0,0.0,0.0,0.42
 ÔNIBUS INTERMUNICIPAL,-1.85,-0.1900000000000004,-6.88,-1.79,4.97,-3.94,0.0,-0.78,-2.53,-0.6,0.39,0.0,-6.43,0.0,0.9,0.0,0.36000000000000004
 ÔNIBUS INTERESTADUAL,0.0,0.01,0.01,0.54,-0.09000000000000002,-0.5300000000000001,0.0,-1.8,0.1,0.020000000000000018,-4.76,0.49,1.03,-0.29,0.61,-0.13,-0.25
 PASSAGEM AÉREA,-19.9,-6.829999999999999,0.63,-7.16,-26.35,-16.08,-17.119999999999997,-2.49,-8.340000000000002,-15.96,4.040000000000001,-17.29,-7.590000000000001,-7.15,-2.06,15.96,-17.19
 METRÔ,-0.84,0.27,0.49,-0.07,-2.05,0.68,0.15,-1.32,1.13,-0.66,-0.32,-0.47,0.14,0.0,0.0,0.0,-0.63
 TRANSPORTE HIDROVIÁRIO,2.64,0.62,-2.01,-0.86,2.75,1.27,0.73,1.28,-2.02,0.24,0.83,-2.22,-1.18,0.0,0.0,0.0,0.58
 TRANSPORTE ESCOLAR,2.81,-3.57,0.41,0.7,3.58,0.38,-0.11,-1.56,0.14,0.6,0.53,0.48,1.39,0.0,0.0,4.01,1.3900000000000001
 VEÍCULO PRÓPRIO,-0.67,1.6400000000000001,-0.32000000000000006,1.42,0.57,0.9200000000000002,1.02,2.94,0.79,-0.29000000000000004,0.9299999999999999,1.27,-0.08000000000000007,-0.10000000000000003,-0.6799999999999999,-0.19,0.47
 AUTOMÓVEL NOVO,-0.26999999999999996,0.6000000000000001,-0.23000000000000004,-0.41999999999999993,0.21000000000000002,0.21999999999999975,1.32,2.21,0.72,-0.52,1.29,0.7,-1.7599999999999998,0.98,-2.58,-0.3799999999999999,0.13999999999999999
 EMPLACAMENTO E LICENÇA,0.79,1.26,0.8,0.06000000000000005,0.43,0.98,0.62,0.91,0.81,0.020000000000000018,0.88,0.81,-2.5300000000000002,0.68,0.76,0.82,0.26
 SEGURO VOLUNTÁRIO DE VEÍCULO,-4.989999999999999,-1.54,-6.1499999999999995,1.5,2.58,2.67,-2.3,-0.07000000000000002,-0.3900000000000001,-8.879999999999999,9.43,-5.58,-3.9699999999999998,0.0,-0.6799999999999999,6.01,-0.84
 MULTA,0.0,0.0,0.0,-2.47,1.54,0.86,0.0,0.0,-0.52,0.53,0.0,1.75,0.0,0.0,0.0,0.0,0.91
 ÓLEO LUBRIFICANTE,8.6,2.25,0.8,-0.020000000000000018,1.37,0.88,-1.49,1.43,0.6799999999999999,1.3699999999999999,2.0,0.0,1.86,-1.01,-2.34,0.020000000000000018,5.83
 ACESSÓRIOS E PEÇAS,-0.1499999999999999,0.5299999999999999,0.34,5.710000000000001,1.5799999999999998,-2.63,2.08,2.27,-1.03,2.05,-2.0900000000000003,-1.4300000000000002,0.73,-1.0,1.41,1.84,1.19
 PNEU,-1.03,0.3700000000000001,-0.48,0.8399999999999999,0.73,6.25,1.1,5.77,-1.42,1.3900000000000001,-4.430000000000001,2.5300000000000002,1.0199999999999998,0.55,1.06,1.08,0.44000000000000006
 CONSERTO DE AUTOMÓVEL,-0.31,0.5599999999999998,0.72,7.08,0.9599999999999997,5.86,2.1,1.0000000000000002,-2.19,-2.84,0.8,5.7,2.3,0.03,1.53,-0.72,0.69
 ESTACIONAMENTO,-0.62,-1.58,-2.91,1.51,-3.47,-0.29,0.0,5.85,-1.3,-3.04,-4.59,-0.1,0.75,0.0,0.0,0.0,-2.8
 PEDÁGIO,0.48,1.42,2.55,0.0,0.8200000000000001,0.0,0.74,1.41,0.82,4.95,2.19,2.22,-0.4,0.0,0.0,0.0,1.3
 LUBRIFICAÇÃO E LAVAGEM,0.41,0.0,0.0,2.38,2.39,0.0,0.0,0.0,0.0,0.3599999999999999,0.0,0.14,-2.2600000000000002,0.99,4.12,0.0,1.6099999999999999
 AUTOMÓVEL USADO,-3.52,1.27,-0.8200000000000002,0.88,-1.3800000000000001,3.41,2.98,-0.9999999999999998,2.61,3.5300000000000002,3.41,2.43,0.4500000000000002,-0.10000000000000003,0.0,0.45,0.56
 PINTURA DE VEÍCULO,2.05,0.85,-0.17,1.69,2.4,-3.96,1.0,0.41,-0.06000000000000005,0.7199999999999998,0.8,-2.3,2.07,0.0,0.0,1.13,0.95
 ALUGUEL DE VEÍCULO,4.2,0.96,-0.2,1.73,2.35,0.7,1.08,0.46,1.29,2.22,0.86,-0.61,2.31,0.0,0.0,0.0,3.54
 MOTOCICLETA,3.9899999999999998,3.6,-3.9000000000000004,3.92,0.4900000000000003,0.15999999999999992,2.9,2.32,-1.8699999999999999,3.45,-1.3399999999999999,-0.9099999999999998,2.62,-1.29,-0.5800000000000001,-2.34,0.5800000000000001
 COMBUSTÍVEIS (VEÍCULOS),9.51,10.18,8.229999999999999,14.149999999999999,7.640000000000001,7.24,6.540000000000001,9.67,8.55,10.62,8.92,7.73,7.67,3.87,9.3,7.58,8.64
 GASOLINA,10.43,10.27,11.11,14.15,9.030000000000001,6.17,6.82,11.91,10.95,11.549999999999999,10.34,9.389999999999999,9.44,4.03,9.74,7.710000000000001,10.12
 ETANOL,-1.1199999999999999,-0.73,0.47,8.559999999999999,2.9299999999999997,-2.3500000000000005,0.17,4.800000000000001,5.58,5.039999999999999,5.960000000000001,-3.23,-3.1000000000000005,0.48000000000000004,6.73,4.2,2.3
 ÓLEO DIESEL,1.98,2.9000000000000004,1.13,0.36,0.5100000000000016,0.0,4.34,2.5099999999999993,1.7699999999999996,-0.15000000000000013,1.4200000000000002,-2.289999999999999,3.9799999999999995,3.0299999999999994,8.23,0.0,1.72
 GÁS VEICULAR,10.940000000000001,0.87,0.11,7.18,3.75,0.78,1.62,-0.17,6.879999999999999,2.89,1.01,5.260000000000001,2.49,0.0,0.0,6.33,6.59
 SAÚDE E CUIDADOS PESSOAIS,4.0600000000000005,3.76,-0.2799999999999998,3.3,2.02,2.19,1.45,1.6,1.67,2.04,0.64,0.9,2.48,1.13,1.53,0.5700000000000001,2.08
 PRODUTOS FARMACÊUTICOS E ÓTICOS,0.79,1.6099999999999999,3.42,2.49,1.63,0.96,1.3900000000000001,-0.48,2.33,4.68,1.0,-1.13,0.11000000000000011,1.52,2.6199999999999997,0.35,1.88
 PRODUTOS FARMACÊUTICOS,4.23,2.08,4.359999999999999,2.03,3.38,0.6,1.73,1.72,3.43,4.65,0.53,-0.74,3.7199999999999998,1.52,2.73,0.32999999999999996,3.3099999999999996
 ANTI-INFECCIOSO E ANTIBIÓTICO,2.68,2.84,2.74,1.44,3.96,0.79,2.31,-0.8200000000000001,2.04,2.14,-0.32,0.2599999999999999,3.4,2.6399999999999997,1.76,-1.03,2.79
 ANALGÉSICO E ANTITÉRMICO,3.8499999999999996,0.17,-0.3699999999999999,3.7199999999999998,2.7199999999999998,1.0999999999999999,2.37,2.5,1.88,2.44,1.55,-3.83,1.49,4.5,1.89,0.43999999999999995,1.92
 ANTI-INFLAMATÓRIO E ANTIRREUMÁTICO,4.83,2.69,3.57,1.92,-0.16999999999999993,0.6700000000000002,2.85,0.35000000000000003,2.85,-0.5100000000000002,-1.77,0.020000000000000018,3.46,2.27,3.0,-0.20999999999999996,1.4400000000000002
 ANTIGRIPAL E ANTITUSSÍGENO,-0.76,0.8799999999999999,1.89,-2.86,1.17,-2.08,1.51,0.3399999999999999,-1.03,1.96,-1.24,-0.3,-0.65,-0.52,1.41,0.55,0.36000000000000004
 DERMATOLÓGICO,1.75,-1.44,2.7199999999999998,-0.5,1.68,0.0,0.32,-0.30000000000000004,-1.4299999999999997,4.09,1.97,0.8700000000000001,-0.81,2.68,0.55,-0.26,1.0899999999999999
 ANTIALÉRGICO E BRONCODILATADOR,-1.2199999999999998,0.49,1.5599999999999998,-2.44,2.4899999999999998,0.6499999999999999,3.8600000000000003,1.85,-0.33999999999999997,4.98,1.1199999999999997,1.3599999999999999,-1.4200000000000002,-0.8399999999999999,1.49,0.15999999999999998,1.12
 GASTROPROTETOR,0.86,-0.5900000000000001,2.74,-1.5699999999999998,1.8199999999999998,-2.63,-2.4699999999999998,0.8500000000000001,0.6500000000000001,1.51,1.9799999999999998,0.7200000000000001,0.14999999999999994,1.18,-1.24,0.5599999999999999,0.55
 VITAMINA E FORTIFICANTE,0.14,0.92,2.3600000000000003,2.56,2.99,0.58,2.16,1.34,2.1,1.53,0.17000000000000004,2.75,2.3200000000000003,-3.54,-0.75,0.97,1.75
 HORMÔNIO,-0.9299999999999999,-0.020000000000000018,2.0,0.26,-0.4099999999999999,0.82,0.33999999999999997,0.14,1.57,9.73,0.83,3.2199999999999998,-0.5800000000000001,1.52,4.1499999999999995,1.42,0.99
 PSICOTRÓPICO E ANOREXÍGENO,-0.019999999999999907,0.62,3.16,0.15,-0.84,1.75,0.29000000000000004,1.56,2.26,3.22,0.8999999999999999,2.78,3.4,1.52,8.450000000000001,-0.04999999999999993,1.01
 HIPOTENSOR E HIPOCOLESTEROLÊMICO,-0.5800000000000001,0.2,3.1299999999999994,2.6799999999999997,-1.6600000000000001,1.1,0.9,-1.89,2.0,2.8600000000000003,0.71,-4.62,0.42000000000000004,1.52,5.84,0.4600000000000001,0.3500000000000001
 OFTALMOLÓGICO,-1.62,0.03,0.9,1.13,1.5799999999999998,0.0,0.87,2.41,1.6800000000000002,3.52,0.89,1.03,1.9400000000000002,1.52,7.01,0.0,1.36
 PRODUTOS ÓTICOS,0.8899999999999997,0.85,1.16,3.16,-1.81,1.86,-3.32,0.82,0.03,0.6599999999999997,-2.29,-0.36,-2.32,1.46,1.42,0.74,-0.18999999999999997
 ARMAÇÃO DE ÓCULOS,1.81,0.33000000000000007,0.0,0.0,-0.07999999999999985,0.0,0.0,-1.7,-1.79,0.09,0.0,0.0,0.0,0.0,0.0,2.35,0.3400000000000001
 ÓCULOS SEM GRAU,1.09,4.44,1.06,-0.2400000000000002,-2.74,0.0,-4.45,1.3,0.0,-1.56,-2.57,3.36,-0.040000000000000036,3.0300000000000002,-0.71,0.0,-0.20000000000000012
 LENTES DE ÓCULOS E DE CONTATO,0.78,0.43999999999999995,4.1899999999999995,4.63,-0.6000000000000001,1.79,-2.3600000000000003,2.3899999999999997,0.7499999999999999,1.7299999999999998,-1.7900000000000003,-1.2700000000000005,-2.98,0.7,1.93,0.25,0.95
 SERVIÇOS DE SAÚDE,2.4499999999999997,1.9000000000000001,2.93,3.28,1.56,1.6199999999999999,1.57,2.1799999999999997,0.9400000000000001,1.6600000000000001,0.91,0.3700000000000001,2.61,1.4400000000000002,1.47,1.35,1.9600000000000002
 SERVIÇOS MÉDICOS E DENTÁRIOS,0.61,1.06,4.4399999999999995,2.09,-0.31,0.5099999999999999,1.25,1.37,0.45,-0.22999999999999998,0.08000000000000002,1.58,1.02,0.010000000000000009,0.26,-0.07999999999999996,0.6699999999999999
 MÉDICO,-0.27,1.25,4.18,2.55,-1.33,-1.15,-1.26,1.6,0.86,1.58,-0.63,2.08,0.41000000000000003,0.92,0.0,-1.03,0.8300000000000001
 DENTISTA,2.68,1.2,1.77,3.4400000000000004,1.29,4.37,1.07,2.5700000000000003,0.98,1.5,1.4500000000000002,3.55,3.36,-0.43000000000000016,1.33,2.27,1.71
 APARELHO ORTODÔNTICO,1.07,1.4,1.05,1.07,1.09,1.07,1.07,1.07,1.05,-0.47,1.07,1.05,1.8,0.0,0.0,0.0,0.6900000000000001
 ARTIGOS ORTOPÉDICOS,0.15,0.59,0.72,0.38,0.01,0.69,0.24,0.49,0.56,0.21,-0.29000000000000004,0.19,0.25,0.0,0.0,0.0,-0.040000000000000036
 FISIOTERAPEUTA,0.7899999999999999,0.59,0.72,0.38,-2.16,0.69,0.24,0.49,0.56,0.21,0.05,0.19,0.25,0.0,0.0,0.0,-1.36
 PSICÓLOGO,1.81,1.06,0.33999999999999997,-1.04,0.1399999999999999,-0.76,1.28,5.51,2.76,1.08,-0.46,-0.4,-0.95,0.0,0.0,0.0,0.9199999999999999
 SERVIÇOS LABORATORIAIS E HOSPITALARES,1.25,6.32,2.74,-0.5899999999999999,0.56,4.57,-0.22999999999999998,1.24,1.46,-2.95,-3.7399999999999998,-0.02999999999999997,0.28,-0.04,-0.22,-0.79,1.49
 EXAME DE LABORATÓRIO,-0.89,1.76,0.53,0.27,0.0,0.27999999999999997,1.38,1.32,-2.6500000000000004,3.56,0.0,-1.8900000000000001,-0.11000000000000001,-0.07,-0.050000000000000044,-2.2199999999999998,1.4500000000000002
 HOSPITALIZAÇÃO E CIRURGIA,2.96,3.6100000000000003,1.13,1.2200000000000002,0.18000000000000002,5.76,1.25,2.33,-1.51,0.26,-0.24,0.66,-0.17,0.0,0.0,-0.21,0.9600000000000001
 EXAME DE IMAGEM,-1.21,-0.5499999999999999,3.3200000000000003,3.3,4.03,0.87,-0.14,1.06,3.75,2.54,0.67,2.18,-0.030000000000000027,0.0,-0.63,-0.41000000000000003,1.8199999999999998
 PLANO DE SAÚDE,3.62,3.7600000000000002,2.3000000000000003,0.53,1.09,2.14,0.7300000000000002,0.6100000000000001,-0.7599999999999998,2.14,2.95,2.1,4.83,2.12,2.14,2.14,1.7600000000000002
 PLANO DE SAÚDE,2.5100000000000002,1.5100000000000002,2.0700000000000003,3.21,2.5,2.44,2.0100000000000002,2.67,2.27,2.14,2.93,2.04,2.7399999999999998,2.12,2.14,2.14,2.38
 CUIDADOS PESSOAIS,-1.7,-2.27,0.5,-0.9300000000000002,0.58,1.13,0.07,-0.20999999999999996,-1.38,0.72,-0.9,-0.93,1.7200000000000002,0.47,0.39,-0.20000000000000007,-0.25
 HIGIENE PESSOAL,0.26,0.64,-0.31000000000000005,-1.27,0.11,-0.62,3.21,-3.8,0.14,0.39999999999999997,-0.22999999999999998,-0.17000000000000004,-0.8399999999999999,0.47,0.39,-0.20000000000000007,-0.32
 PRODUTO PARA CABELO,-1.29,3.9200000000000004,1.81,-0.04999999999999982,-0.5399999999999999,-0.7800000000000001,2.4,4.09,3.8099999999999996,1.0399999999999998,-1.13,3.46,-1.65,1.1,0.92,2.3000000000000003,0.87
 FRALDA DESCARTÁVEL,-1.03,-2.0800000000000005,-0.020000000000000018,1.33,0.52,1.37,-0.10000000000000009,-0.69,-0.36,0.6799999999999999,1.32,-0.92,-3.76,-1.1500000000000001,0.75,-0.85,-0.41
 PRODUTO PARA BARBA,0.49,9.82,5.25,3.56,-1.04,-0.73,-1.32,2.39,1.39,0.05,-0.3,-3.21,2.05,0.0,0.0,0.0,2.63
 PRODUTO PARA PELE,0.6599999999999999,1.22,2.01,1.17,1.03,-2.23,1.3,-7.632783294297951e-17,1.8699999999999999,2.12,0.8200000000000001,0.98,0.07000000000000012,1.66,2.45,1.59,1.1600000000000001
 PRODUTO PARA HIGIENE BUCAL,0.49000000000000005,3.1599999999999997,-5.551115123125783e-17,2.17,-0.51,0.51,0.51,2.0300000000000002,0.38,-0.44999999999999996,0.31000000000000005,2.66,1.73,1.6600000000000001,2.4,-0.24,0.51
 PRODUTO PARA UNHA,0.94,4.6000000000000005,-0.8400000000000001,-0.98,-2.1199999999999997,0.16,-3.79,0.31999999999999973,0.9800000000000002,0.36,1.28,0.46,-0.3000000000000001,2.13,-0.3400000000000001,0.0,-0.4900000000000001
 PERFUME,0.29,-0.040000000000000036,0.27,-0.76,0.0,-0.24,-0.2,-0.37,0.54,-0.3,-1.47,-0.8900000000000001,-1.81,0.0,0.23,-1.08,0.33999999999999997
 DESODORANTE,1.8900000000000001,-3.13,-0.9199999999999999,-1.2,-0.6600000000000001,-1.54,1.1600000000000001,1.69,2.14,2.14,1.2699999999999998,1.68,1.2399999999999998,1.33,-5.2299999999999995,1.17,0.010000000000000009
 ABSORVENTE HIGIÊNICO,-0.22,1.24,0.82,6.35,-0.98,0.74,0.95,1.2599999999999998,-0.02,1.02,0.09,0.95,0.31,-0.19999999999999996,0.0,-0.21999999999999997,1.9600000000000002
 SABONETE,-0.66,0.67,1.3699999999999999,2.6199999999999997,1.3499999999999999,0.58,2.67,0.64,5.17,0.8100000000000002,2.84,1.46,-1.02,-1.1800000000000002,-0.8899999999999999,-0.58,1.27
 PAPEL HIGIÊNICO,0.18000000000000016,0.44000000000000006,0.9,2.7399999999999998,1.55,-0.72,4.73,1.95,-2.43,0.8599999999999999,-0.4999999999999999,-0.73,-0.5099999999999998,0.79,4.57,2.0999999999999996,1.4500000000000002
 ARTIGOS DE MAQUIAGEM,1.7999999999999998,-5.37,-4.489999999999999,-0.44999999999999996,-0.15999999999999992,-1.4300000000000002,-0.34,-2.1,-5.1,-2.34,-0.07,-1.63,-2.04,0.0,-1.8699999999999999,0.08000000000000002,-0.9599999999999997
 DESPESAS PESSOAIS,-0.07000000000000006,1.31,1.42,1.1400000000000001,0.94,1.03,0.97,0.91,0.9199999999999999,0.81,1.22,0.9299999999999999,1.44,0.19,1.0,0.43,0.9299999999999999
 SERVIÇOS PESSOAIS,0.25,1.37,1.57,0.9,0.53,0.6599999999999999,0.63,0.73,0.62,0.9199999999999999,1.08,1.02,1.3800000000000001,0.9,1.38,0.4600000000000001,0.9
 SERVIÇOS PESSOAIS,0.41000000000000003,0.9100000000000001,1.9100000000000001,0.54,0.41000000000000003,0.8699999999999999,0.64,0.42,0.83,0.8999999999999999,1.4000000000000001,0.62,1.07,0.9,1.38,0.4600000000000001,0.79
 COSTUREIRA,0.22,-0.66,2.6399999999999997,1.83,-0.17,0.26,-1.73,3.5100000000000002,-1.77,0.07999999999999999,0.13,-0.52,-0.33,0.8900000000000001,4.22,3.33,0.83
 MANICURE,0.1100000000000001,-1.0099999999999998,6.840000000000001,0.66,-1.34,1.59,-1.9,1.45,0.63,1.3599999999999999,0.020000000000000018,1.79,1.46,0.6400000000000001,5.52,-1.1099999999999999,1.0
 CABELEIREIRO,-1.76,3.91,4.97,0.9999999999999999,-0.69,-0.73,1.83,-1.71,2.41,1.44,2.11,1.91,4.609999999999999,1.17,1.91,-0.1499999999999999,1.15
 EMPREGADO DOMÉSTICO,0.79,0.79,0.79,0.30000000000000004,0.79,0.79,1.27,0.79,1.81,0.79,0.79,0.79,0.79,0.79,0.79,0.79,1.29
 DEPILAÇÃO,-0.78,0.0,-0.10999999999999982,0.0,1.54,0.0,0.0,0.0,0.0,1.09,-0.06,0.0,-2.2,0.0,0.0,0.0,-0.17000000000000004
 DESPACHANTE,-0.63,2.0500000000000003,-2.06,0.0,-0.3700000000000001,0.0,0.0,0.0,0.0,0.0,0.0,1.05,-0.2,0.0,0.0,0.0,0.02000000000000013
 SERVIÇO BANCÁRIO,1.21,1.5899999999999999,2.2800000000000002,0.74,0.5599999999999999,-0.6400000000000001,2.9299999999999997,2.7199999999999998,1.39,2.4,1.65,2.13,-0.3600000000000001,1.18,1.18,1.18,1.16
 CONSELHO DE CLASSE,0.57,0.0,-0.48,-1.8499999999999999,-2.98,2.36,-0.26,-2.11,-0.07,1.8399999999999999,-1.8,0.49,1.62,0.0,0.0,0.0,-0.75
" RECREAÇÃO, FUMO E FOTOGRAFIA",-0.029999999999999805,-0.12999999999999998,1.44,3.1199999999999997,0.65,2.41,2.22,1.51,0.36,-1.05,1.24,-0.8200000000000001,1.4300000000000002,-0.91,0.05000000000000002,0.39,0.58
 RECREAÇÃO,-3.96,-1.39,1.15,0.87,-1.6300000000000001,-0.3799999999999999,-0.6699999999999999,-2.93,0.21000000000000002,-2.11,1.19,-1.53,-2.07,-1.2,0.039999999999999994,0.49,-1.36
 CINEMA,5.890000000000001,-2.31,1.64,1.71,-0.16000000000000003,0.9100000000000001,0.26,-0.44,4.66,3.2399999999999998,2.7199999999999998,0.010000000000000009,0.0,0.0,0.9400000000000001,1.23,1.6
 CD E DVD,2.03,-1.72,1.38,-3.34,-1.7,0.7599999999999999,-0.5900000000000001,0.3500000000000001,-1.2599999999999998,-2.33,0.0,0.0,-0.5700000000000001,-1.82,2.87,-0.94,-1.19
 INGRESSO PARA JOGO,0.0,0.0,0.0,0.5,0.0,0.0,6.6899999999999995,0.0,1.7599999999999998,0.0,0.0,0.0,0.0,0.0,0.0,0.0,3.24
 CLUBE,2.92,-0.01,-2.5,0.0,0.47,0.0,0.55,0.0,0.0,0.55,0.0,0.0,0.0,1.56,0.0,0.0,0.67
 INSTRUMENTO MUSICAL,-3.58,4.34,1.41,-1.47,1.45,2.47,-0.04,1.78,-0.22,-0.21,0.48,-3.8899999999999997,-2.44,0.0,0.0,0.0,0.4900000000000001
 TRATAMENTO DE ANIMAIS,-0.2900000000000002,-1.19,0.18999999999999995,-3.1900000000000004,0.8199999999999998,1.31,0.67,-4.87,0.9400000000000001,1.8099999999999998,-1.0699999999999998,-3.14,5.32,0.0,0.0,-0.16999999999999993,0.49000000000000005
 BICICLETA,2.61,0.0,-0.47,0.36,2.2800000000000002,-2.99,-0.23,2.45,1.49,-1.63,1.0899999999999999,1.47,-4.140000000000001,-2.7199999999999998,-1.28,-1.04,0.62
 ALIMENTO PARA ANIMAIS,0.5,-0.16999999999999993,1.69,3.67,-1.54,-1.5499999999999998,2.55,1.53,1.92,-0.53,1.22,-1.01,2.17,-1.69,1.72,2.31,0.07999999999999997
 BRINQUEDO,-0.95,-1.9900000000000002,-0.71,5.03,2.64,1.5300000000000002,-0.22999999999999998,1.0700000000000003,-0.6599999999999999,1.0899999999999999,-0.8500000000000001,0.51,1.39,0.26,-2.45,1.73,1.0799999999999998
 LOCAÇÃO DE DVD,-0.76,-0.8999999999999999,0.35999999999999993,0.4,1.05,0.0,0.31000000000000005,-0.2,0.96,-0.41,-0.25,-1.01,0.0,0.0,0.039999999999999994,0.49,0.24000000000000002
 BOATE E DANCETERIA,0.4300000000000001,1.0299999999999998,-0.72,3.46,-0.96,0.47000000000000003,0.87,-1.76,0.0,0.5099999999999999,10.34,1.4500000000000002,-1.2599999999999998,0.9,0.92,2.8,0.67
 JOGOS DE AZAR,0.3,-0.07,-0.01,0.04,0.08,-0.04,-0.12,-0.06,0.23,0.12,-0.07,0.09,0.06,0.0,0.0,0.0,0.08
 MOTEL,0.3,-0.07,-0.01,0.04,0.08,-0.04,2.92,-0.06,0.23,0.12,-0.07,0.09,0.06,0.0,1.46,0.0,2.52
 HOTEL,-3.8099999999999996,0.18000000000000005,-0.8000000000000002,-0.5800000000000001,-0.79,1.0799999999999998,-2.9499999999999997,-4.91,-1.62,0.8999999999999999,-2.83,-2.46,-2.26,-3.21,1.25,-4.2,-0.86
 EXCURSÃO,-8.59,0.13000000000000012,-0.43999999999999995,-7.19,-0.19000000000000006,-3.15,-4.12,-6.0600000000000005,0.0,-4.88,-5.96,-3.33,-5.24,0.0,0.0,0.0,-4.4399999999999995
 FUMO,0.0,0.0,0.0,0.0,0.0,0.0,0.0,0.0,0.0,0.0,0.0,0.0,0.0,0.0,0.0,0.0,0.0
 CIGARRO,0.0,0.0,0.0,0.0,0.0,0.0,0.0,0.0,0.0,0.0,0.0,0.0,0.0,0.0,0.0,0.0,0.0
 FOTOGRAFIA E FILMAGEM,1.94,2.25,-1.0799999999999998,1.02,1.78,2.2,-1.04,1.19,0.48000000000000004,1.51,1.71,1.6300000000000001,0.82,-0.29000000000000004,0.38,2.45,1.1099999999999999
 MÁQUINA FOTOGRÁFICA,1.58,1.37,-2.63,2.46,1.78,2.14,-1.04,1.46,0.64,2.25,2.92,2.25,1.31,-0.29000000000000004,2.62,2.45,1.2
 REVELAÇÃO E CÓPIA,2.2800000000000002,3.32,0.040000000000000036,0.0,0.0,2.21,0.0,0.78,0.4,0.8900000000000001,1.18,0.8600000000000001,0.42,0.0,-1.14,0.0,0.96
 EDUCAÇÃO,0.78,0.45,0.53,0.16999999999999998,0.31,0.13,-0.020000000000000004,0.52,0.58,0.43,0.18,0.03,0.9600000000000001,0.13,0.41000000000000003,-0.06,0.45
" CURSOS, LEITURA E PAPELARIA",2.48,0.06,0.29000000000000004,-0.010000000000000009,0.04,0.11,-0.1,0.11,-0.14,0.32,0.15,-0.09,-0.13,0.13,0.41000000000000003,-0.06,0.72
 CURSOS REGULARES,0.12,0.99,0.33,0.44,0.0,0.0,0.0,0.0,0.0,0.0,0.0,0.25,0.0,0.0,0.0,0.0,0.44
 CRECHE,0.0,0.0,0.0,0.0,0.0,0.0,0.0,0.0,0.0,0.0,0.0,0.0,0.0,0.0,0.0,0.0,0.0
 EDUCAÇÃO INFANTIL,-0.51,0.96,0.78,0.21,1.25,0.06,0.28,0.87,1.44,0.88,0.12,0.57,2.81,0.0,0.0,0.0,0.7
 ENSINO FUNDAMENTAL,3.26,-1.36,-0.38,0.29,1.09,-0.52,-1.28,-1.22,1.76,1.13,-0.78,0.89,-0.27,0.0,0.0,0.0,0.48
 ENSINO MÉDIO,3.94,-0.29,2.16,-0.07,0.17,0.38,-0.58,-2.76,1.78,1.47,-2.34,1.98,-0.87,0.0,0.0,0.0,0.76
 ENSINO SUPERIOR,0.0,0.0,0.13,0.97,0.0,0.0,-0.33,-1.51,-0.94,0.0,0.0,0.0,0.0,0.0,0.0,0.0,-0.36
 PÓS-GRADUAÇÃO,2.71,-2.2,-1.88,0.1,1.7,-0.89,-2.75,0.24,3.07,0.93,-0.12,-0.03,0.47,0.0,0.0,0.0,0.39
 LEITURA,0.94,0.36,0.41,0.59,-0.52,-0.06,-0.18000000000000002,-0.009999999999999981,-0.84,2.02,0.17,0.009999999999999998,-1.33,0.6600000000000001,0.45999999999999996,-0.52,0.2
 JORNAL DIÁRIO,2.2,0.0,0.0,0.0,0.0,0.0,0.0,0.0,0.0,14.6,0.0,0.0,0.0,0.0,0.0,0.0,1.05
 ASSINATURA DE JORNAL,0.24,1.98,2.05,0.88,0.0,0.0,0.0,0.0,0.0,0.0,0.0,1.35,0.0,0.0,0.0,0.0,1.21
 REVISTA,0.0,0.0,0.0,0.39,0.0,0.0,0.39,0.39,0.39,0.0,0.0,0.0,0.0,0.39,0.39,0.39,0.07
 LIVRO,0.8799999999999999,-1.17,0.4,0.63,-2.41,-0.23000000000000004,-1.1400000000000001,-0.44,-2.04,-1.6800000000000002,0.59,-0.6799999999999999,-3.38,1.0100000000000002,0.79,-1.01,-0.78
 PAPELARIA,-1.65,0.3500000000000001,2.71,-0.88,1.5699999999999998,1.5499999999999998,-0.93,1.3499999999999999,-0.65,1.15,1.3900000000000001,-1.1700000000000002,-0.1499999999999999,0.6,3.6999999999999997,-0.5499999999999999,0.79
 CADERNO,-0.77,4.050000000000001,0.5099999999999999,-0.36999999999999994,2.6,2.11,0.7200000000000002,2.04,-0.8199999999999998,2.7199999999999998,-1.13,-3.11,-2.35,-0.3600000000000001,5.22,0.8399999999999999,1.28
 FOTOCÓPIA,0.0,-0.09,4.35,0.9199999999999999,-0.06,0.06,0.8,1.78,1.12,-0.12,-0.17,-0.03,-0.04,0.0,1.73,-0.9999999999999999,1.8499999999999999
 ARTIGOS DE PAPELARIA,-2.36,-2.8,3.3699999999999997,-2.0700000000000003,0.8,1.39,-4.069999999999999,0.26999999999999996,-1.7299999999999998,0.05999999999999994,2.19,0.43000000000000005,2.44,2.3,3.22,-1.5599999999999998,0.19
 CURSOS DIVERSOS,1.85,0.0,0.0,0.0,0.0,0.0,0.0,0.0,0.0,0.0,0.0,0.0,0.0,0.14,0.0,0.0,1.54
 CURSO PREPARATÓRIO,0.0,0.0,0.0,0.0,0.0,0.0,0.0,0.0,0.0,0.0,0.0,0.0,0.0,0.0,0.0,0.0,0.0
 CURSO TÉCNICO,0.0,0.0,0.0,0.0,0.0,0.0,0.0,0.0,0.0,0.0,0.0,0.0,0.0,0.0,0.0,0.0,0.0
 CURSO DE IDIOMA,0.0,0.0,0.0,0.0,0.0,0.0,0.0,0.0,0.0,0.0,0.0,0.0,0.0,0.0,0.0,0.0,0.0
 CURSO DE INFORMÁTICA,0.0,0.0,0.0,0.0,0.0,0.0,0.0,0.0,0.0,0.0,0.0,0.0,0.0,0.0,0.0,0.0,0.0
 AUTOESCOLA,-1.73,-2.84,-2.51,0.64,-2.58,2.74,1.63,-0.9,-3.34,-4.59,-4.42,-1.11,-1.17,0.88,0.0,0.0,-1.1600000000000001
 ATIVIDADES FÍSICAS,0.0,0.0,0.0,0.0,0.0,0.0,0.0,0.0,0.0,0.0,0.0,0.0,0.0,0.0,0.0,0.0,0.0
 COMUNICAÇÃO,0.5900000000000001,0.15,-0.019999999999999997,-0.009999999999999995,0.0,0.12000000000000001,0.64,-0.03,0.0,0.51,0.009999999999999995,0.06,0.16,-0.15,0.049999999999999996,-0.08,0.16
 COMUNICAÇÃO,0.5900000000000001,0.15,-0.019999999999999997,-0.009999999999999995,0.0,0.12000000000000001,0.64,-0.03,0.0,0.51,0.009999999999999995,0.06,0.16,-0.15,0.049999999999999996,-0.08,0.16
 COMUNICAÇÃO,0.5900000000000001,0.15,-0.019999999999999997,-0.009999999999999995,0.0,0.12000000000000001,0.64,-0.03,0.0,0.51,0.009999999999999995,0.06,0.16,-0.15,0.049999999999999996,-0.08,0.16
 CORREIO,1.49,0.0,0.0,0.0,0.0,0.0,0.0,0.0,0.0,0.0,0.0,0.0,0.0,0.0,0.0,0.0,1.24
 TELEFONE FIXO,0.15,0.09,0.15,0.09,0.1,0.05,0.05,0.06,0.11,0.11,0.11,0.09,0.1,0.08,0.09,0.09,0.11
 TELEFONE PÚBLICO,0.0,0.0,0.0,0.0,0.87,0.0,0.0,0.0,0.0,0.0,-0.33,0.0,0.0,0.0,0.0,0.0,0.31
 TELEFONE CELULAR,0.96,0.0,0.0,0.0,0.0,0.0,1.06,0.0,0.0,1.06,0.0,0.0,0.0,0.0,0.0,0.0,0.24
 ACESSO À INTERNET,0.0,0.0,0.0,0.0,0.0,0.0,0.0,0.0,0.0,0.0,0.0,0.0,0.0,0.0,0.0,0.0,0.0
 APARELHO TELEFÔNICO,2.38,-0.8,-2.99,-1.6600000000000001,-2.34,-4.49,0.0,-1.8399999999999999,-2.76,-1.94,-3.5199999999999996,-3.76,-0.6499999999999999,-3.3,-0.95,-2.84,-1.9
 TELEFONE COM INTERNET - PACOTE,0.83,0.83,0.83,0.83,0.0,0.83,0.83,0.83,0.83,0.83,0.83,0.83,0.83,0.83,0.83,0.83,0.54
 TV POR ASSINATURA COM INTERNET,0.0,0.0,0.0,0.0,0.0,0.0,0.0,0.0,0.0,0.0,0.0,0.0,0.0,0.0,0.0,0.0,0.0
