Variacoes - JULHO - SETEMBRO,RJ,POA,BH,REC,SP,DF,BEL,FOR,SAL,CUR,GOI,VIT,CG,RB,SL,AJU,NACIONAL
 ÍNDICE GERAL,0.73,1.38,1.3599999999999999,1.6400000000000001,0.99,1.29,1.63,1.55,0.98,1.2999999999999998,1.94,1.01,3.03,2.48,1.9499999999999997,0.74,1.24
 ALIMENTAÇÃO E BEBIDAS,1.9600000000000002,2.21,4.12,2.17,2.77,2.14,3.0599999999999996,3.5500000000000003,3.12,3.58,5.53,4.34,6.04,5.93,2.9699999999999998,2.66,3.0699999999999994
 ALIMENTAÇÃO NO DOMICÍLIO,2.56,2.64,5.4,2.2600000000000002,4.51,3.01,3.9400000000000004,4.08,4.12,4.78,6.88,4.97,7.470000000000001,7.6499999999999995,3.26,2.9600000000000004,4.18
" CEREAIS, LEGUMINOSAS E OLEAGINOSAS",17.130000000000003,12.47,13.089999999999998,5.33,12.44,12.010000000000002,7.65,26.309999999999995,8.07,19.93,30.79,14.37,16.38,15.32,7.919999999999999,13.3,14.24
 ARROZ,21.509999999999998,18.87,24.14,19.82,23.57,26.099999999999998,16.8,26.309999999999995,20.73,25.740000000000002,44.61,19.82,24.85,22.52,10.23,30.190000000000005,23.26
 FEIJÃO-MULATINHO,0.0,0.0,0.0,-5.03,0.0,0.0,0.0,0.0,-3.5,0.0,0.0,0.0,0.0,0.0,-2.33,0.0,-3.87
 FEIJÃO-PRETO,9.54,0.6800000000000004,0.0,0.0,0.0,0.5199999999999996,1.0999999999999994,0.0,0.0,1.19,0.0,-0.39999999999999997,0.0,0.0,0.0,0.0,5.109999999999999
 FEIJÃO-MACÁÇAR (FRADINHO),0.0,0.0,0.0,6.17,0.0,0.0,0.0,26.309999999999995,0.0,0.0,0.0,0.0,0.0,0.0,0.0,0.0,21.74
 FEIJÃO-CARIOCA (RAJADO),0.0,0.0,-14.64,-10.88,-10.84,-16.39,-16.61,0.0,-13.98,0.0,-7.02,0.0,-21.07,-12.57,-9.74,-7.090000000000001,-12.21
 MILHO (EM GRÃO),0.0,-1.1800000000000002,0.0,0.0,0.0,1.8900000000000003,0.0,0.0,0.0,8.66,0.0,0.0,0.0,0.0,0.0,0.0,4.03
" FARINHAS, FÉCULAS E MASSAS",-1.8699999999999999,1.12,1.69,0.18000000000000005,-0.3899999999999999,-0.65,0.6399999999999999,0.97,-0.15000000000000013,1.32,0.06,0.6299999999999999,2.88,-0.42999999999999994,1.67,0.030000000000000027,0.27
 FARINHA DE ARROZ,0.0,0.0,0.0,0.18000000000000005,0.0,0.0,0.0,0.0,0.0,0.0,0.0,0.0,0.0,0.0,0.0,0.0,0.18000000000000005
 MACARRÃO,0.020000000000000018,-0.06999999999999995,-0.06000000000000005,-3.8200000000000003,-2.8100000000000005,-6.200000000000001,5.390000000000001,-1.49,0.6000000000000001,-0.22999999999999987,-2.3299999999999996,-2.2399999999999998,2.92,0.6900000000000001,3.9799999999999995,-3.72,-0.95
 FUBÁ DE MILHO,0.0,0.0,0.0,1.7600000000000002,0.0,0.0,0.0,4.02,0.0,0.0,0.0,0.0,0.0,0.0,0.29999999999999993,3.36,2.25
 FLOCOS DE MILHO,0.0,0.0,0.0,7.87,0.0,2.63,0.0,0.0,0.0,0.0,0.0,0.0,0.0,0.0,2.7800000000000002,2.3000000000000007,5.4799999999999995
 FARINHA DE TRIGO,0.0,2.7800000000000002,1.35,0.0,2.7,0.0,0.0,0.0,3.93,4.24,7.88,5.94,2.76,0.0,0.0,0.0,3.2299999999999995
 FARINHA DE MANDIOCA,-3.9299999999999997,0.0,-3.0599999999999996,-1.3499999999999999,-0.22999999999999954,-2.5,-0.6000000000000001,2.41,-1.5799999999999996,0.0,-2.23,-2.79,0.0,-0.9099999999999999,1.1900000000000002,0.04999999999999982,-0.9399999999999998
 MASSA SEMIPREPARADA,-3.08,1.0,7.390000000000001,0.0,0.4700000000000002,0.9700000000000004,3.3,2.3000000000000003,-0.14999999999999947,-0.010000000000000231,0.020000000000000018,0.5800000000000001,1.5599999999999998,0.0,0.0,0.0,0.74
 MACARRÃO INSTANTÂNEO,-1.32,0.0,0.0,0.0,0.41000000000000014,4.33,0.0,0.0,0.0,4.279999999999999,0.0,3.6500000000000004,5.279999999999999,-0.26,0.0,0.0,1.1800000000000002
" TUBÉRCULOS, RAÍZES E LEGUMES",-31.119999999999997,-14.52,-19.56,-24.919999999999998,-13.57,-22.189999999999998,-15.5,-33.14,-29.39,-21.439999999999998,-23.09,-12.47,-10.210000000000003,-3.0,-27.57,-25.72,-20.5
 BATATA-DOCE,-4.35,0.0,0.0,-8.06,-7.99,0.0,0.0,0.0,-17.700000000000003,0.0,-5.03,0.0,0.0,0.0499999999999996,0.0,0.0,-9.459999999999999
 BATATA-INGLESA,-58.67,-29.04,-46.15,-47.83,-37.33,-47.31,-44.94,-43.46,-48.349999999999994,-41.629999999999995,-53.620000000000005,-59.19,-43.11,-18.41,-28.830000000000002,-40.22,-43.489999999999995
 INHAME,0.0,0.0,0.0,0.0,0.0,0.0,0.0,0.0,0.0,0.0,0.0,20.189999999999998,0.0,0.0,0.0,0.5999999999999996,5.62
 MANDIOCA (AIPIM),0.0,0.0,5.029999999999998,15.84,0.0,6.58,0.0,0.0,0.5200000000000005,0.0,0.0,0.0,6.180000000000001,-1.4000000000000001,0.0,0.0,6.579999999999999
 ABOBRINHA,0.0,0.0,0.0,0.0,-5.06,0.0,0.0,0.0,0.0,0.0,0.0,0.0,0.0,0.0,0.0,0.0,-5.05
 PEPINO,0.0,0.0,0.0,0.0,0.0,0.0,0.0,0.0,0.0,-3.7100000000000004,0.0,0.0,0.0,0.0,0.0,0.0,-3.7100000000000004
 PIMENTÃO,0.0,0.0,0.0,0.0,0.1200000000000001,11.559999999999999,0.0,0.0,0.0,0.0,0.0,0.0,0.0,0.0,0.0,0.0,1.199999999999999
 TOMATE,12.229999999999993,4.300000000000001,23.150000000000002,-2.950000000000003,13.11,-4.93,17.140000000000004,-15.120000000000001,-4.469999999999999,13.179999999999996,6.609999999999999,39.870000000000005,42.33,11.1,-22.29,-12.56,7.920000000000002
 CEBOLA,-41.800000000000004,-13.39,-47.09,-45.74,-27.96,-45.67,-35.72,-43.86,-43.61,-30.990000000000002,-43.730000000000004,-40.07,-34.08,-7.459999999999999,-31.93,-38.61,-35.730000000000004
 CENOURA,-12.690000000000001,-10.98,14.79,-12.620000000000001,-18.63,-6.079999999999998,-10.510000000000002,-17.04,-25.0,3.389999999999999,-2.9999999999999964,15.64,0.0,0.0,0.0,-11.62,-10.520000000000003
 AÇÚCARES E DERIVADOS,2.95,0.3400000000000003,5.710000000000001,0.22999999999999998,3.73,4.49,1.4499999999999997,4.8500000000000005,2.2099999999999995,4.15,2.03,3.56,-0.08000000000000007,-2.71,2.33,2.42,3.1300000000000003
 AÇÚCAR REFINADO,1.1,-1.3599999999999997,0.0,1.4200000000000004,-1.68,0.56,-0.5100000000000007,2.21,0.20000000000000018,-0.8300000000000001,0.0,0.0,0.0,-5.53,-4.380000000000001,0.0,-0.75
 AÇÚCAR CRISTAL,0.0,-0.1900000000000004,4.12,1.6799999999999997,0.0,6.16,0.41999999999999993,7.07,-0.74,3.3,4.34,4.91,-3.17,-3.7800000000000002,9.74,2.7300000000000004,2.5400000000000005
 BALAS,0.0,-2.12,0.0,0.0,0.0,1.29,0.0,0.0,0.0,0.28,-3.2800000000000002,0.0,-6.97,0.0,0.0,0.0,-1.23
 CHOCOLATE EM BARRA E BOMBOM,1.5,-1.27,7.609999999999999,-1.83,7.46,4.890000000000001,8.62,4.85,4.76,5.119999999999999,1.8599999999999999,4.0,2.5800000000000005,-1.19,9.0,1.2,5.210000000000001
 SORVETE,4.09,4.4,7.77,-2.59,3.3600000000000003,6.26,-0.30000000000000004,7.220000000000001,11.96,7.12,1.73,7.26,5.24,0.0,0.0,6.130000000000001,4.4799999999999995
 CHOCOLATE E ACHOCOLATADO EM PÓ,6.42,1.7000000000000004,4.57,1.1099999999999999,1.2899999999999998,2.59,4.370000000000001,0.2999999999999998,1.2599999999999998,4.61,0.33000000000000007,-2.01,-1.0100000000000002,2.0599999999999996,-0.76,0.28,2.4899999999999998
 DOCE DE FRUTAS EM PASTA,0.0,0.0,0.0,-1.9200000000000008,0.0,0.0,0.0,0.0,0.0,0.0,0.0,0.0,0.0,0.0,0.0,0.0,-1.9200000000000008
 AÇÚCAR DEMERARA,0.0,0.0,0.0,0.0,0.0,0.0,0.0,0.0,0.0,0.0,0.0,0.0,0.0,0.0,0.0,-0.27,-0.27
 HORTALIÇAS E VERDURAS,-7.41,0.0900000000000003,-8.27,-12.829999999999998,4.619999999999999,-6.36,-5.79,-6.48,-14.2,-3.68,-4.2,-2.74,3.8299999999999996,0.5800000000000001,-4.7,-22.54,-2.1799999999999997
 ALFACE,-2.59,2.59,-9.66,-13.29,18.84,-8.89,5.61,3.28,-10.530000000000001,-0.6500000000000004,-6.58,-3.1100000000000003,6.05,-3.1799999999999997,4.98,-26.62,5.61
 COENTRO,0.0,0.0,0.0,-8.63,0.0,0.0,0.0,0.0,-11.57,0.0,0.0,0.0,0.0,0.0,0.0,-24.67,-11.89
 COUVE,-12.129999999999999,0.0,-7.68,0.0,-8.010000000000002,0.0,0.0,0.0,0.0,0.0,0.0,-2.01,0.0,0.27,0.0,-9.05,-8.370000000000001
 COUVE-FLOR,-17.52,0.0,0.0,0.0,0.0,-1.9800000000000004,0.0,0.0,0.0,0.0,0.0,0.0,0.0,0.0,0.0,0.0,-14.379999999999999
 REPOLHO,0.0,-7.68,0.0,0.0,-11.43,0.0,0.0,0.0,-21.89,-9.77,-1.87,0.0,4.67,0.0,-13.26,0.0,-10.71
 CHEIRO-VERDE,-9.65,-0.56,-8.49,-23.3,-9.600000000000001,-4.68,-8.6,-9.25,-18.009999999999998,-4.75,6.140000000000001,-4.09,-3.7300000000000004,3.6300000000000003,-5.25,0.0,-8.59
 BRÓCOLIS,-1.2400000000000007,0.9600000000000002,-0.3999999999999997,0.0,-8.26,-3.6699999999999995,-4.25,0.0,0.0,-2.8499999999999988,0.0,1.01,0.0,0.0,0.0,0.0,-4.24
 FRUTAS,-0.4500000000000002,-0.25999999999999995,7.05,-2.24,5.05,3.47,-1.27,-2.37,-4.28,8.67,4.8,8.19,10.559999999999999,5.6,-3.75,0.2200000000000002,2.87
 BANANA-DA-TERRA,0.0,0.0,0.0,-2.24,0.0,0.0,0.0,0.0,-0.9800000000000004,0.0,0.0,2.53,0.0,-7.84,0.0,0.0,-1.0199999999999996
 ABACAXI,-10.780000000000001,-15.25,0.0,-9.59,0.0,0.0,-10.47,0.0,0.0,0.0,-6.7,-1.9099999999999997,-4.9399999999999995,0.0,0.0,-9.85,-10.49
 ABACATE,0.0,0.0,0.0,0.0,0.0,0.0,-1.27,0.0,0.0,0.0,0.0,0.0,0.0,16.29,0.0,0.0,0.78
 BANANA-D'ÁGUA,8.649999999999999,5.77,28.319999999999997,0.0,10.92,0.06000000000000005,0.0,0.0,0.0,36.949999999999996,0.0,0.0,14.27,0.0,12.68,0.0,14.48
 BANANA-MAÇÃ,0.0,0.0,0.0,0.0,0.0,0.0,0.0,0.0,0.0,0.0,8.0,0.0,10.61,0.0,0.0,0.0,8.530000000000001
 BANANA-PRATA,-9.26,-7.910000000000001,8.009999999999998,-8.510000000000002,-11.570000000000002,-7.800000000000001,-6.73,-2.7700000000000014,-12.559999999999999,-13.33,-5.430000000000001,9.950000000000001,0.0,-0.16999999999999993,-7.92,2.83,-6.720000000000001
 LARANJA-BAÍA,0.0,-7.069999999999999,0.0,0.0,0.0,0.0,0.0,0.0,0.0,0.0,0.0,0.0,0.0,0.0,0.0,0.0,-7.069999999999999
 LARANJA-LIMA,0.0,0.0,16.840000000000003,0.0,0.0,0.0,0.0,0.0,0.0,0.0,0.0,0.0,0.0,0.0,0.0,0.0,16.840000000000003
 LIMÃO,49.83,0.0,0.0,0.0,82.52,81.7,0.0,0.0,0.0,0.0,55.43000000000001,70.0,0.0,68.75,0.0,0.0,75.99000000000001
 MAÇÃ,7.74,8.870000000000001,15.489999999999998,10.25,5.25,10.32,7.9799999999999995,7.449999999999999,2.51,7.51,9.49,15.74,15.66,10.96,-6.520000000000001,4.8,7.9799999999999995
 MAMÃO,5.420000000000001,3.1900000000000004,1.4000000000000012,-2.31,2.549999999999998,14.559999999999999,0.0,-0.6199999999999996,1.13,18.11,-2.960000000000001,6.800000000000001,9.139999999999997,-11.18,0.0,7.760000000000001,2.8800000000000003
 MANGA,-18.29,-4.68,-26.95,0.0,-13.48,-24.87,0.0,-12.07,-4.53,-11.149999999999999,0.0,-24.630000000000003,0.0,0.0,0.0,-2.02,-14.35
 MARACUJÁ,0.0,0.0,0.0,0.0,0.0,0.0,0.0,2.07,9.34,0.0,0.0,0.0,0.0,0.0,0.0,4.74,6.18
 MELANCIA,0.0,0.0,11.690000000000001,-1.4499999999999997,0.0,4.26,4.239999999999998,0.0,0.8200000000000001,7.989999999999999,1.5900000000000005,0.0,14.35,5.41,-6.18,0.0,4.239999999999998
 MELÃO,0.10999999999999988,0.0,0.0,3.3499999999999996,0.0,3.1499999999999995,3.1000000000000005,0.0,0.0,5.7,0.0,0.0,0.0,0.0,2.66,0.0,3.12
 PERA,0.0,0.0,0.0,0.0,9.709999999999999,0.0,0.0,0.0,0.0,0.0,0.14000000000000012,16.64,0.0,0.0,0.0,0.0,8.89
 TANGERINA,0.0,0.0,0.0,0.0,5.05,0.0,0.0,0.0,0.0,8.67,0.0,0.0,0.0,0.0,0.0,0.0,5.88
 UVA,4.43,6.9399999999999995,2.5999999999999996,8.21,1.0699999999999998,1.1199999999999999,1.0199999999999998,-3.749999999999999,-9.129999999999999,-1.96,-0.41999999999999993,17.919999999999998,-4.56,-4.8100000000000005,-2.68,-0.14000000000000012,1.0499999999999998
 LARANJA-PERA,-5.45,0.0,10.450000000000001,-15.36,-4.31,0.9799999999999998,-1.2000000000000004,-12.04,-9.910000000000002,9.819999999999999,11.19,6.010000000000001,15.049999999999999,3.9300000000000006,5.369999999999999,-13.100000000000001,-1.2000000000000004
 MORANGO,0.0,-0.8799999999999999,0.0,0.0,0.0,0.0,0.0,0.0,0.0,0.0,0.0,0.0,0.0,0.0,0.0,0.0,-0.8799999999999999
 GOIABA,0.0,0.0,0.0,0.0,0.0,0.0,-1.27,-8.23,0.0,0.0,0.0,0.0,0.0,0.0,0.0,-4.4399999999999995,-5.5200000000000005
 CARNES,7.869999999999999,6.77,15.84,10.23,10.12,8.2,14.68,6.26,18.7,9.7,14.530000000000001,10.78,16.62,14.82,12.77,14.620000000000001,11.540000000000001
 FÍGADO,0.0,0.0,0.0,10.129999999999999,0.0,0.0,10.06,11.879999999999999,11.24,0.0,0.0,0.0,0.0,0.0,6.7,0.0,10.280000000000001
 CARNE DE PORCO,10.780000000000001,13.030000000000001,25.99,20.17,16.1,19.15,19.14,8.79,5.959999999999999,26.07,21.98,20.84,21.75,12.479999999999999,19.68,15.24,18.42
 CARNE DE CARNEIRO,0.0,0.0,0.0,0.0,0.0,0.0,0.0,6.26,0.0,0.0,0.0,0.0,0.0,0.0,0.0,0.0,6.26
 CUPIM,0.0,0.0,0.0,6.119999999999999,0.0,0.0,0.0,0.0,0.0,0.0,3.2600000000000007,0.0,0.0,0.0,0.0,0.0,4.71
 CONTRAFILÉ,5.359999999999999,6.7700000000000005,8.86,7.52,7.38,6.490000000000001,19.34,7.17,20.119999999999997,3.3600000000000003,12.809999999999999,2.7800000000000002,15.23,11.03,12.8,15.6,9.43
 FILÉ-MIGNON,0.45999999999999996,0.0,0.0,0.0,0.0,0.0,9.22,0.0,0.0,4.069999999999999,0.0,0.0,0.0,9.43,0.0,0.0,3.4800000000000004
 CHÃ DE DENTRO,12.2,1.8000000000000007,10.26,14.440000000000001,11.09,3.24,11.27,4.93,15.43,6.02,9.09,10.129999999999999,13.63,14.25,6.2299999999999995,12.600000000000001,9.84
 ALCATRA,5.489999999999999,-3.74,9.19,2.37,8.92,5.449999999999999,14.3,5.970000000000001,18.97,7.98,7.15,13.840000000000002,11.309999999999999,15.9,7.809999999999999,8.669999999999998,8.15
 PATINHO,4.41,0.0,9.370000000000001,5.3500000000000005,8.29,0.0,4.91,4.24,0.0,0.7799999999999999,12.53,7.58,10.0,14.67,9.43,7.71,7.09
 LAGARTO REDONDO,0.0,0.0,0.0,0.0,0.0,0.0,14.68,0.0,0.0,0.0,0.0,0.0,0.0,0.0,0.0,0.0,14.68
 LAGARTO COMUM,0.0,1.47,0.0,0.0,6.1,0.0,0.0,0.0,15.569999999999999,0.0,11.760000000000002,0.0,21.650000000000002,18.6,0.0,0.0,9.16
 MÚSCULO,4.27,7.55,15.19,10.22,12.41,0.0,11.55,0.0,17.18,4.27,16.75,0.0,10.86,17.63,11.58,14.43,11.219999999999999
 PÁ,0.0,8.44,15.67,7.510000000000001,10.27,0.0,16.83,0.0,0.0,0.0,0.0,10.31,17.89,15.870000000000001,2.9399999999999995,12.8,11.469999999999999
 ACÉM,12.059999999999999,6.73,16.27,9.350000000000001,9.530000000000001,8.52,12.72,4.220000000000001,21.78,11.7,16.6,5.68,21.28,13.540000000000001,14.610000000000001,20.61,11.9
 PEITO,0.0,0.0,0.0,0.0,0.0,0.0,14.120000000000001,0.0,0.0,0.0,0.0,0.0,16.98,16.520000000000003,5.78,16.81,13.73
 CAPA DE FILÉ,0.0,0.0,0.0,0.0,0.0,0.0,13.22,0.0,13.520000000000001,14.969999999999999,0.0,9.959999999999999,10.55,14.82,0.0,0.0,13.23
 COSTELA,14.58,11.33,15.780000000000001,12.870000000000001,11.379999999999999,10.2,19.259999999999998,9.719999999999999,29.94,8.79,24.560000000000002,9.620000000000001,19.73,26.06,20.78,16.44,15.629999999999999
 PICANHA,0.0,3.68,10.66,0.0,0.0,3.33,0.0,-0.5200000000000002,0.0,0.0,0.0,0.0,0.0,0.0,0.0,0.0,4.430000000000001
 PESCADOS,-0.11999999999999988,-2.09,0.98,1.12,-1.1800000000000002,2.48,-1.9,-2.2,-0.3799999999999999,2.27,-1.4300000000000002,1.6400000000000001,4.15,1.93,-0.98,0.3500000000000001,-0.69
 PEIXE-ANCHOVA,0.0,0.0,0.0,1.12,0.0,0.0,0.0,0.0,0.0,0.0,0.0,0.0,0.0,0.0,0.0,0.0,1.12
 PEIXE-CORVINA,-0.7,0.0,0.0,5.84,0.0,0.0,0.0,0.0,0.6000000000000001,0.0,0.0,0.0,0.0,0.0,-3.82,1.75,0.34
 PEIXE-TAINHA,0.0,0.0,0.0,0.0,0.0,0.0,0.0,0.0,0.0,0.0,0.0,0.0,0.0,0.0,-0.98,0.0,-0.98
 PEIXE-SARDINHA,0.0,1.9,0.0,1.12,0.0,0.0,0.0,0.0,1.2899999999999998,0.0,0.0,0.0,0.0,0.0,0.0,0.0,1.4699999999999998
 CAMARÃO,1.1300000000000001,0.30000000000000004,0.0,0.1,0.0,1.3399999999999999,0.0,4.61,2.51,2.04,-3.14,1.3899999999999997,0.0,0.0,-2.95,-0.4900000000000001,0.06999999999999998
 PEIXE-CAVALA,0.0,0.0,0.0,0.0,0.0,0.0,0.0,1.0999999999999996,0.0,0.0,0.0,0.0,0.0,0.0,0.0,0.0,1.0999999999999996
 PEIXE-CAÇÃO,0.0,0.0,0.0,0.0,-3.22,0.0,0.0,0.0,0.0,0.0,0.0,0.0,0.0,0.0,0.0,0.0,-3.22
 PEIXE-MERLUZA,0.0,0.0,1.22,-0.8800000000000001,-1.53,0.0,0.0,0.0,-2.01,0.0,-3.2800000000000002,0.0,0.0,0.0,0.0,0.0,-1.4100000000000001
 PEIXE-SERRA,0.0,0.0,0.0,0.0,0.0,0.0,0.0,-5.18,0.0,0.0,0.0,0.0,0.0,0.0,0.0,0.0,-5.18
 PEIXE-PESCADA,0.0,0.0,0.0,0.0,-0.81,0.0,-3.12,0.0,0.0,0.0,0.0,0.0,0.0,0.0,0.050000000000000044,-1.6,-1.76
 CARANGUEJO,0.0,0.0,0.0,0.0,0.0,0.0,0.0,0.0,0.0,0.0,0.0,0.0,0.0,0.0,0.0,0.0,0.0
 PEIXE-CASTANHA,0.0,0.0,0.0,-1.25,0.0,0.0,0.0,0.0,0.0,0.0,0.0,0.0,0.0,0.0,0.0,0.0,-1.25
 PEIXE-PALOMBETA,0.0,0.0,0.0,0.0,0.0,0.0,0.0,-2.25,0.0,0.0,0.0,0.0,0.0,0.0,0.0,0.0,-2.25
 PEIXE-CURIMATÃ,0.0,0.0,0.0,0.0,0.0,0.0,0.0,0.0,0.0,0.0,0.0,0.0,0.0,3.22,0.0,0.0,3.22
 PEIXE-SALMÃO,-0.11999999999999988,0.0,0.0,0.0,-1.63,2.48,0.0,-2.2,-3.99,0.0,0.0,0.0,0.0,0.0,0.0,0.0,-1.44
 PEIXE-TILÁPIA,0.0,-5.78,0.9300000000000002,-0.02,0.3,3.41,0.0,-2.83,-4.409999999999999,2.33,1.56,2.6100000000000003,2.99,0.0,0.0,2.68,-0.23
 PEIXE-TAMBAQUI,0.0,0.0,0.0,0.0,0.0,0.3899999999999997,-1.9,0.0,0.0,0.0,-0.6700000000000002,0.0,3.6899999999999995,1.56,-0.41999999999999993,0.0,-0.5599999999999999
 PEIXE-DOURADA,0.0,0.0,0.0,0.0,0.0,0.0,-2.1,0.0,0.0,0.0,0.0,0.0,0.0,0.0,0.0,0.0,-2.1
 PEIXE-FILHOTE,0.0,0.0,0.0,0.0,0.0,4.959999999999999,-1.9,0.0,0.0,0.0,0.0,0.0,0.0,0.0,0.0,0.0,-0.75
 PEIXE-PEROÁ,0.0,0.0,0.0,0.0,0.0,0.0,0.0,0.0,0.0,0.0,0.0,1.25,0.0,0.0,0.0,0.0,1.25
 PEIXE-PINTADO,0.0,0.0,0.0,0.0,0.0,0.0,0.0,0.0,0.0,0.0,0.0,0.0,8.309999999999999,0.0,0.0,0.0,8.309999999999999
 PEIXE-ARUANÃ,0.0,0.0,0.0,0.0,0.0,0.0,0.0,0.0,0.0,0.0,-1.4300000000000002,0.0,0.0,0.0,0.0,0.0,-1.4300000000000002
 CARNES E PEIXES INDUSTRIALIZADOS,2.14,4.92,7.92,5.98,8.12,6.23,2.15,8.28,9.82,8.0,2.1100000000000003,9.78,7.23,14.14,0.63,7.53,6.68
 PRESUNTO,0.6300000000000003,-1.45,3.8100000000000005,0.0,-2.46,4.93,0.0,4.49,2.16,0.4099999999999997,-3.13,4.3,-2.64,5.72,0.0,7.979999999999999,-0.24
 SALSICHA,0.0,3.8200000000000003,0.0,10.66,8.25,0.0,0.0,0.0,0.0,12.54,0.0,0.0,0.0,10.23,0.0,0.0,8.209999999999999
 LINGUIÇA,2.27,9.25,10.969999999999999,7.17,12.440000000000001,8.93,1.6899999999999995,12.34,13.030000000000001,9.48,3.0300000000000002,11.739999999999998,11.49,17.25,-2.7100000000000004,7.33,9.809999999999999
 MORTADELA,-1.3699999999999997,0.0,3.46,4.590000000000001,1.06,0.0,0.0,4.4399999999999995,0.0,7.34,5.670000000000001,0.0,1.85,0.0,0.0,0.0,2.42
 SALAME,0.0,4.92,0.0,0.0,0.0,0.0,0.0,0.0,0.0,0.0,0.0,0.0,0.0,0.0,0.0,0.0,4.92
 BACALHAU,2.14,0.0,0.0,0.0,0.0,0.0,0.0,0.0,0.0,0.0,0.0,0.0,0.0,0.0,-0.88,0.0,1.74
 CARNE-SECA E DE SOL,6.359999999999999,0.0,0.0,5.13,0.0,2.27,2.43,2.83,9.690000000000001,0.0,0.0,2.5500000000000003,0.0,0.0,7.01,7.65,6.090000000000001
 CARNE DE PORCO SALGADA E DEFUMADA,0.0,0.0,2.3000000000000003,0.0,0.0,0.0,0.0,0.0,0.0,0.0,-0.8499999999999996,9.75,0.0,0.0,0.0,0.0,2.7600000000000002
 AVES E OVOS,1.61,2.1399999999999997,2.43,1.07,3.6999999999999997,0.23000000000000018,1.8199999999999998,1.29,3.44,1.24,2.3200000000000003,-0.71,1.96,0.020000000000000018,0.26000000000000023,-0.5499999999999998,2.17
 FRANGO INTEIRO,-3.5599999999999996,2.4,3.79,1.8,2.73,2.37,2.3200000000000003,0.08999999999999997,6.550000000000001,4.18,2.63,2.07,5.41,1.54,0.8900000000000001,1.15,2.3200000000000003
 FRANGO EM PEDAÇOS,4.13,3.94,5.5,2.96,6.39,2.45,2.53,3.7800000000000002,3.23,3.65,2.7300000000000004,1.81,3.6,3.6799999999999997,-0.78,-0.7399999999999998,4.470000000000001
 OVO DE GALINHA,-4.31,-2.99,-6.47,-3.3599999999999994,-2.63,-6.21,-0.69,2.12,-2.44,-10.969999999999999,0.46999999999999975,-11.19,-3.7399999999999998,-6.8100000000000005,-1.6900000000000002,-3.49,-3.46
 LEITES E DERIVADOS,9.809999999999999,7.71,9.44,9.71,8.03,8.39,8.55,9.57,8.56,7.48,11.25,15.7,9.89,11.19,9.7,10.52,8.78
 LEITE LONGA VIDA,19.18,12.35,16.53,16.59,14.649999999999999,10.9,8.459999999999999,15.139999999999999,17.58,12.059999999999999,14.260000000000002,15.040000000000001,11.48,15.43,13.02,18.48,14.64
 LEITE CONDENSADO,7.06,3.3900000000000006,0.0,0.0,0.0,0.0,15.81,0.0,0.0,0.0,0.0,0.0,0.0,11.5,0.0,0.0,7.51
 LEITE EM PÓ,2.2500000000000004,0.0,14.509999999999998,4.82,3.84,0.0,8.28,4.27,6.92,3.61,4.21,8.229999999999999,6.27,9.84,10.5,4.9399999999999995,6.04
 QUEIJO,7.24,3.06,2.09,13.61,1.8599999999999999,9.13,8.95,13.83,4.82,4.1000000000000005,13.05,26.54,11.850000000000001,5.35,5.13,15.97,5.329999999999999
 IOGURTE E BEBIDAS LÁCTEAS,1.54,1.4600000000000002,-1.68,2.5300000000000002,-0.1200000000000001,-0.0900000000000003,0.6100000000000003,-1.7399999999999998,-0.7000000000000002,2.37,2.69,3.94,0.35000000000000014,1.7999999999999998,-2.4,-3.32,0.4600000000000002
 REQUEIJÃO,1.9700000000000002,0.0,2.5500000000000003,0.0,0.019999999999999574,0.0,0.0,0.0,0.0,0.0,0.0,0.0,0.0,0.0,0.0,0.0,0.8200000000000003
 MANTEIGA,3.18,0.0,-0.9899999999999998,2.2399999999999998,0.0,4.29,14.96,0.29000000000000004,3.87,0.0,4.66,9.360000000000001,0.0,10.82,0.0,1.5599999999999998,4.08
 LEITE FERMENTADO,0.0,0.0,0.0,0.0,0.0,0.0,0.0,0.0,0.0,3.8400000000000007,0.0,0.0,0.0,0.0,0.0,0.0,3.8400000000000007
 PANIFICADOS,1.0899999999999999,-0.20999999999999996,0.63,0.23000000000000004,0.5499999999999998,1.17,0.52,1.8800000000000003,2.66,3.43,2.55,0.49,-1.9899999999999998,1.06,0.6,0.1499999999999999,1.03
 BISCOITO,4.65,-0.8599999999999999,2.08,1.0899999999999999,3.6500000000000004,4.18,3.2600000000000002,6.25,1.9100000000000001,3.8700000000000006,-0.5700000000000001,1.81,2.6899999999999995,0.96,6.5,1.53,2.86
 PÃO FRANCÊS,-0.56,1.74,-0.75,0.15999999999999998,0.4500000000000001,-0.42999999999999994,-0.44000000000000006,0.6299999999999999,4.029999999999999,5.03,3.73,-0.62,-4.98,1.79,-1.3199999999999998,-0.8,0.76
 PÃO DOCE,3.21,-3.91,-4.99,0.0,0.039999999999999813,0.0,0.0,0.0,2.7800000000000002,-0.56,0.0,3.6800000000000006,1.7499999999999998,0.0,0.0,0.0,-0.3400000000000001
 PÃO DE FORMA,-1.1500000000000001,-3.65,-0.3400000000000003,0.0,-5.46,2.11,0.0,0.0,0.0,2.6399999999999997,0.0,3.29,0.0,0.0,0.0,0.0,-2.62
 BOLO,-2.37,-0.3200000000000003,5.6,-2.55,-1.0299999999999998,0.3099999999999996,-2.0900000000000003,-4.300000000000001,-8.03,0.9299999999999999,-1.48,-3.32,0.7399999999999998,-5.22,-2.37,2.99,-0.69
 PÃO DE QUEIJO,0.0,0.0,4.19,0.0,0.0,1.33,0.0,0.0,0.0,0.0,6.76,0.0,0.0,0.0,0.0,0.0,4.51
 ÓLEOS E GORDURAS,17.979999999999997,15.85,27.2,25.01,22.56,31.03,16.77,24.49,19.88,27.980000000000004,31.57,29.62,12.440000000000001,31.990000000000002,22.59,24.750000000000004,22.58
 ÓLEO DE SOJA,37.69,22.45,34.27,41.10999999999999,40.559999999999995,49.62,29.029999999999998,41.82,37.00000000000001,46.18,40.25,40.32,17.259999999999998,38.1,34.17,40.29,36.73
 AZEITE DE OLIVA,4.919999999999999,0.0,0.0,0.0,4.4,4.08,6.85,0.0,3.16,7.89,0.0,3.91,6.180000000000001,5.22,0.0,0.0,4.95
 MARGARINA,0.62,-0.65,3.96,5.56,6.48,0.0,1.2700000000000002,4.390000000000001,0.9699999999999998,2.95,0.04999999999999982,0.0,5.36,0.0,-2.92,4.13,3.23
 BEBIDAS E INFUSÕES,0.99,-0.83,0.52,2.62,0.9200000000000002,-1.27,-2.3600000000000003,1.16,0.72,-0.21999999999999997,-1.8599999999999999,-0.69,2.69,1.73,-1.5299999999999998,1.19,0.1999999999999999
 SUCO DE FRUTAS,2.3200000000000003,-1.0899999999999999,1.3900000000000003,3.39,0.2300000000000001,-2.58,0.0,0.98,0.0,2.05,-2.9,0.54,1.6600000000000001,0.0,0.0,0.0,0.6600000000000001
 POLPA DE FRUTA (CONGELADA),0.0,0.0,0.0,0.0,0.0,0.0,0.5800000000000001,2.19,0.7,0.0,0.0,0.0,0.0,-0.6199999999999999,-2.54,0.0,0.5900000000000001
 AÇAÍ (EMULSÃO),0.0,0.0,0.0,0.0,0.0,0.0,-8.18,0.0,0.0,0.0,0.0,0.0,0.0,8.73,-7.3100000000000005,0.0,-7.95
 CAFÉ MOÍDO,2.44,-2.6900000000000004,-1.0999999999999999,-0.12,2.56,0.43999999999999995,3.33,2.05,0.69,-3.3899999999999997,-3.86,-0.030000000000000027,2.84,3.26,-2.5999999999999996,-0.3900000000000001,0.5399999999999999
 CAFÉ SOLÚVEL,0.0,0.8900000000000001,0.0,0.0,0.0,0.0,0.0,0.0,0.0,0.0,0.0,0.0,0.0,0.0,0.0,0.0,0.8900000000000001
 REFRIGERANTE E ÁGUA MINERAL,0.43000000000000005,0.29000000000000026,1.5,3.9,2.7,2.42,4.03,1.18,1.73,0.050000000000000044,-2.58,-0.14000000000000007,6.01,-0.6599999999999999,2.4000000000000004,0.72,1.7
 CERVEJA,0.49,-2.4699999999999998,-0.33999999999999986,0.62,-2.63,-4.63,4.33,-2.2,-0.6199999999999999,-0.3,0.0,-1.83,0.74,0.0,0.32000000000000006,2.89,-1.17
 OUTRAS BEBIDAS ALCOÓLICAS,0.0,0.0,0.0,0.0,0.0,0.0,0.16999999999999993,0.0,0.0,1.1199999999999997,0.0,0.0,0.0,0.0,0.0,0.0,0.41000000000000003
 VINHO,-1.03,-3.3200000000000003,0.0,0.0,2.29,0.0,0.0,0.0,0.0,-0.45999999999999974,0.0,0.0,0.0,0.0,0.0,0.0,-0.049999999999999906
 SUCO EM PÓ,0.0,2.42,7.210000000000001,0.0,1.2499999999999998,0.0,0.0,0.0,0.0,3.01,0.0,0.0,0.8700000000000001,1.1800000000000002,0.0,0.0,2.58
 CHÁ MATE (ERVA MATE),0.0,1.0599999999999998,0.0,0.0,0.0,0.0,0.0,0.0,0.0,3.0,0.0,0.0,0.91,0.0,0.0,0.0,1.47
 ENLATADOS E CONSERVAS,4.5,-0.15999999999999998,3.41,3.59,3.87,2.52,3.28,6.529999999999999,0.94,2.4,1.4300000000000002,3.92,1.2800000000000002,2.3,3.5,1.2000000000000002,2.98
 ALIMENTO INFANTIL,0.0,0.0,0.0,0.0,0.0,0.0,1.02,0.0,0.0,0.0,0.0,0.0,0.0,0.0,0.0,0.0,1.02
 PALMITO EM CONSERVA,0.0,0.0,2.24,0.0,7.0200000000000005,1.4900000000000002,0.0,0.0,0.0,-0.32000000000000006,1.6400000000000001,0.0,0.0,0.0,0.0,0.0,5.15
 PEPINO EM CONSERVA,0.0,-2.28,0.0,0.0,0.0,0.0,0.0,0.0,0.0,0.0,0.0,0.0,0.0,0.0,0.0,0.0,-2.28
 SARDINHA EM CONSERVA,4.23,0.31000000000000016,4.86,3.53,4.81,0.9400000000000002,0.6900000000000002,7.609999999999999,-0.07000000000000006,4.99,0.0,3.68,-0.14000000000000012,-0.74,4.01,2.5300000000000002,3.36
 SALSICHA EM CONSERVA,0.0,0.0,0.0,0.0,0.0,0.0,7.13,0.0,0.0,0.0,0.0,0.0,0.0,0.0,0.0,0.0,7.13
 SOPA DESIDRATADA,0.0,0.0,0.0,0.0,0.0,0.0,0.0,0.0,0.0,0.8300000000000001,0.0,0.0,-0.3700000000000002,0.0,0.0,0.0,0.6499999999999999
 AZEITONA,4.029999999999999,1.23,3.32,3.6399999999999997,1.29,4.0,0.0,7.42,1.87,2.88,2.75,8.83,2.4299999999999997,5.630000000000001,0.0,0.0,2.73
 MILHO-VERDE EM CONSERVA,5.529999999999999,1.1699999999999997,2.95,4.48,5.49,0.0,5.61,3.14,3.3200000000000003,1.73,-3.0,-1.4,1.87,3.8,0.13,-1.61,3.2600000000000002
 ATUM EM CONSERVA,4.67,0.05,0.0,2.36,1.0699999999999998,3.5700000000000003,0.0,0.0,-0.9299999999999999,2.33,0.0,0.0,0.0,0.0,0.0,0.0,1.6400000000000001
 SAL E CONDIMENTOS,-12.05,1.56,-11.250000000000002,-7.61,-4.95,-2.5500000000000003,-5.54,-2.8200000000000003,-6.890000000000001,-2.76,-6.94,-18.82,-3.97,-9.729999999999999,-10.49,-2.89,-6.27
 LEITE DE COCO,0.0,0.0,0.0,0.0,0.0,0.0,0.0,0.0,0.91,0.0,0.0,0.0,0.0,0.0,0.0,0.0,0.91
 ATOMATADO,3.34,1.2799999999999998,-1.6400000000000001,1.81,4.109999999999999,0.44,5.33,1.4100000000000001,1.79,3.53,2.01,2.65,1.08,3.25,1.74,0.94,2.56
 ALHO,-23.509999999999998,0.0,-26.34,-29.17,-19.97,-9.25,-20.47,-7.950000000000001,-16.11,-15.16,-16.7,-32.32,-10.38,-18.82,-23.509999999999998,-7.449999999999999,-20.47
 SAL,2.3599999999999994,0.0,0.0,0.0,0.0,0.0,0.0,0.0,0.0,0.0,0.0,0.0,3.28,0.6900000000000002,-0.6100000000000001,-2.08,1.88
 COLORAU,0.0,0.0,0.0,0.0,0.0,0.0,0.0,2.76,0.0,0.0,0.0,0.0,0.0,0.0,0.0,0.0,2.76
 CALDO DE TUCUPI,0.0,0.0,0.0,0.0,0.0,0.0,-5.54,0.0,0.0,0.0,0.0,0.0,0.0,0.0,0.0,0.0,-5.54
 FERMENTO,0.0,2.94,0.0,0.0,0.0,0.0,0.0,0.0,0.0,5.950000000000001,0.0,0.0,0.0,0.0,0.0,0.0,4.52
 MAIONESE,3.7699999999999996,1.8299999999999998,3.64,4.53,1.1799999999999997,4.87,4.55,-0.11999999999999988,0.0,-2.1399999999999997,0.0,3.35,-1.6,1.4100000000000001,0.0,0.0,1.4700000000000002
 VINAGRE,0.0,2.3099999999999996,0.0,3.29,2.2399999999999998,1.9299999999999997,-0.8899999999999999,0.0,-3.36,0.0,0.0,0.0,0.0,0.0,2.58,-1.05,1.37
 CALDO CONCENTRADO,0.0,-0.67,0.0,3.1799999999999997,0.0,0.0,0.0,1.7800000000000002,-2.31,0.0,0.96,5.42,0.0,0.0,0.0,0.0,0.35
 TEMPERO MISTO,0.0,2.56,1.2299999999999998,1.56,-0.3999999999999999,-0.11000000000000032,3.7100000000000004,3.1799999999999997,1.9700000000000002,3.67,2.82,0.36,4.33,3.76,0.20999999999999996,-2.83,1.1600000000000001
 ALIMENTAÇÃO FORA DO DOMICÍLIO,0.56,1.1500000000000001,0.95,2.02,-0.75,0.9,-0.15999999999999992,2.05,0.52,0.6399999999999998,1.8699999999999997,2.52,1.96,0.8899999999999999,1.3599999999999999,1.9300000000000002,0.42
 ALIMENTAÇÃO FORA DO DOMICÍLIO,0.56,1.1500000000000001,0.95,2.02,-0.75,0.9,-0.15999999999999992,2.05,0.52,0.6399999999999998,1.8699999999999997,2.52,1.96,0.8899999999999999,1.3599999999999999,1.9300000000000002,0.42
 REFEIÇÃO,0.27,1.13,1.8699999999999999,1.08,-1.44,1.2400000000000002,0.06999999999999999,1.38,0.87,0.1,-0.36,0.5,0.05,2.19,0.020000000000000018,0.8400000000000001,0.03999999999999998
 LANCHE,1.19,0.87,-0.44,4.499999999999999,0.0900000000000003,0.4099999999999999,0.1299999999999999,4.08,-0.15000000000000013,1.27,5.260000000000001,6.21,6.119999999999999,-1.81,3.53,4.03,1.04
 REFRIGERANTE E ÁGUA MINERAL,-0.8499999999999999,2.79,-0.6,-3.45,4.89,1.23,0.1699999999999999,-1.2800000000000002,3.1800000000000006,2.33,1.7599999999999998,1.76,-2.33,2.1799999999999997,5.9399999999999995,3.07,2.29
 CAFEZINHO,0.0,2.0,0.0,0.0,-1.29,0.0,0.0,0.0,0.0,0.0,0.0,0.0,0.0,0.0,0.0,0.0,-0.48
 CERVEJA,-0.92,1.88,-0.73,3.3600000000000003,-0.07999999999999999,-1.02,-3.7300000000000004,2.8,-0.88,3.38,0.4,2.47,0.6099999999999999,2.05,-0.5900000000000001,4.640000000000001,0.23999999999999994
 OUTRAS BEBIDAS ALCOÓLICAS,0.0,0.0,0.0,-0.9099999999999997,0.0,0.0,0.0,0.0,0.0,0.0,0.0,3.17,-3.8899999999999997,0.0,0.6499999999999999,0.0,-0.31000000000000005
 VINHO,8.26,0.0,0.0,0.0,0.0,0.0,0.0,0.0,0.0,0.0,0.0,0.0,0.0,0.0,0.0,0.0,8.26
 DOCES,0.0,0.0,0.0,0.0,0.0,0.0,0.0,0.0,0.0,0.0,1.8699999999999997,0.0,0.0,0.0,0.0,1.9300000000000002,1.88
 SORVETE,0.0,0.0,0.0,0.0,3.44,0.0,0.0,1.2799999999999998,4.86,-1.0899999999999999,0.7499999999999996,0.0,0.43000000000000016,2.4400000000000004,0.0,2.81,2.3000000000000003
 HABITAÇÃO,0.15000000000000002,1.01,0.21999999999999997,2.42,2.49,0.69,2.5900000000000003,1.89,2.8200000000000003,-0.51,0.77,1.05,2.91,1.18,4.609999999999999,0.65,1.53
 ENCARGOS E MANUTENÇÃO,0.6,0.22,0.38,0.56,1.3599999999999999,1.01,0.97,1.17,1.29,0.53,0.46,0.27999999999999997,0.26,2.0300000000000002,2.32,-0.04000000000000001,0.92
 ALUGUEL E TAXAS,0.41000000000000003,0.26,0.23000000000000004,0.14,1.4,0.8400000000000001,0.13,0.39,0.9700000000000001,0.020000000000000004,-0.33999999999999997,0.06000000000000005,-0.08000000000000002,1.0,1.0299999999999998,-0.45000000000000007,0.72
 ALUGUEL RESIDENCIAL,0.8999999999999999,0.07,0.23999999999999994,0.26,1.48,1.44,0.74,0.7,1.8699999999999999,0.91,-0.49,0.020000000000000018,1.734723475976807e-17,1.38,1.8699999999999999,-0.56,0.96
 CONDOMÍNIO,-0.02,0.9400000000000001,0.55,0.0,0.24,0.18999999999999995,-0.63,0.0,0.51,-1.6600000000000001,-0.55,0.16999999999999993,-1.55,0.78,0.51,-0.77,0.10000000000000003
 TAXA DE ÁGUA E ESGOTO,0.0,0.0,0.0,0.0,3.38,0.46,0.0,0.0,0.0,0.0,0.0,0.0,0.0,0.0,0.0,0.0,1.01
 MUDANÇA,0.0,0.0,0.0,0.0,0.0,0.0,0.0,0.0,0.0,0.0,0.0,0.0,-2.78,0.0,0.0,0.0,-2.78
 REPAROS,2.33,0.48000000000000004,0.38,1.9999999999999998,0.8600000000000001,1.5,5.16,4.78,3.9000000000000004,1.97,9.19,1.4,1.38,3.5599999999999996,4.19,3.77,1.8699999999999999
 FERRAGENS,0.0,0.0,0.0,0.0,0.0,0.0,4.13,0.0,0.0,0.0,5.22,0.0,0.0,0.3999999999999999,0.0,0.0,4.199999999999999
 MATERIAL DE ELETRICIDADE,0.0,0.0,0.0,0.0,0.0,4.68,0.0,0.0,0.0,1.02,0.0,0.0,0.0,0.0,7.5600000000000005,0.0,3.0999999999999996
 VIDRO,0.0,0.0,0.0,0.0,0.0,-2.75,0.0,0.0,0.0,0.0,0.0,0.0,0.0,0.0,0.0,0.0,-2.75
 TINTA,3.9000000000000004,-0.95,0.30999999999999994,2.9499999999999997,0.9199999999999999,5.66,0.45999999999999985,1.87,6.23,4.79,2.62,4.23,4.82,5.140000000000001,-3.8099999999999996,1.2899999999999998,1.92
 REVESTIMENTO DE PISO E PAREDE,2.1500000000000004,4.29,1.8199999999999998,0.6399999999999999,3.04,0.0,4.4,15.09,11.84,-1.67,18.74,0.4600000000000002,0.0,4.0,11.88,12.08,4.4
 MADEIRA E TACO,0.0,-0.94,0.0,0.0,0.0,0.0,0.0,-1.49,0.0,0.0,0.0,0.0,0.0,-1.6800000000000002,6.05,0.0,-0.15999999999999992
 CIMENTO,0.0,0.0,0.0,18.02,0.0,0.0,15.14,10.82,12.65,0.0,0.0,1.4,7.38,12.28,7.38,0.0,11.73
 TIJOLO,19.41,0.0,0.0,0.0,0.0,0.0,18.13,0.0,0.0,0.0,25.440000000000005,12.67,0.0,13.88,13.65,0.0,18.12
 MATERIAL HIDRÁULICO,0.0,0.0,0.0,0.0,6.8,0.0,0.0,0.0,6.119999999999999,0.0,0.0,0.0,0.11000000000000032,0.0,0.0,0.0,6.470000000000001
 MÃO DE OBRA,-0.41,-0.41,-0.41,-0.41,-0.41,-0.41,-0.41,-0.41,-0.41,-0.41,-0.41,-0.41,-0.41,-0.41,-0.41,-0.41,-0.41
 AREIA,0.34,0.0,0.0,0.0,0.0,0.0,0.0,0.0,0.0,0.0,8.09,0.0,0.0,0.0,6.74,0.0,2.64
 PEDRAS,0.0,0.0,0.0,0.0,0.0,0.0,0.0,0.0,0.0,0.0,0.0,0.0,0.0,-1.7000000000000002,0.0,0.0,-1.7000000000000002
 TELHA,0.0,1.85,4.35,7.19,0.0,0.0,8.43,0.0,0.0,11.27,0.0,0.0,0.0,0.0,-0.43999999999999995,0.0,5.83
 ARTIGOS DE LIMPEZA,-0.23999999999999994,-0.54,1.9400000000000002,2.0399999999999996,2.0,3.75,-1.66,3.15,0.21000000000000008,3.16,0.030000000000000034,0.53,1.75,1.7799999999999998,2.7,-1.52,1.3499999999999999
 SACO PARA LIXO,0.0,-4.819999999999999,0.0,0.0,0.0,0.0,0.0,0.0,0.0,0.0,0.0,0.0,2.79,0.0,0.0,0.0,-3.36
 ÁGUA SANITÁRIA,-1.3199999999999994,-0.43000000000000016,0.9299999999999999,5.3999999999999995,1.5600000000000005,4.720000000000001,-1.62,1.5899999999999999,-0.37,0.0,-2.08,0.0,-0.6499999999999999,-0.95,-1.18,0.1499999999999999,0.81
 DETERGENTE,5.37,-1.0899999999999999,3.71,0.52,2.6600000000000006,5.01,4.58,4.91,-0.12000000000000002,4.45,0.32000000000000006,5.07,3.76,-0.17999999999999994,0.0,-0.38,2.4299999999999997
 SABÃO EM PÓ,-2.08,-1.6600000000000001,1.86,1.7700000000000002,1.05,4.83,-5.42,2.6900000000000004,0.6299999999999999,1.8600000000000003,3.27,0.20000000000000018,1.0300000000000002,2.89,5.57,-3.16,0.86
 DESINFETANTE,-1.47,0.8800000000000003,0.6599999999999999,4.74,2.05,-1.95,-1.4,0.8400000000000001,1.04,0.2900000000000001,-6.390000000000001,-1.6500000000000001,0.0,0.0,-4.159999999999999,0.0,0.47
 SABÃO EM BARRA,1.4399999999999997,0.0,3.3600000000000003,-1.6900000000000002,0.0,0.0,-6.4799999999999995,5.07,2.79,0.0,0.0,-3.5500000000000003,2.6599999999999997,3.079999999999999,2.58,1.31,0.9
 ESPONJA DE LIMPEZA,0.0,0.0,0.0,0.0,0.0,0.0,0.0,0.0,0.0,4.56,0.0,-3.2600000000000002,0.0,0.0,0.0,0.0,3.6
 SABÃO LÍQUIDO,0.0,0.0,0.0,0.0,0.0,-0.5899999999999999,0.0,0.0,0.0,6.21,0.0,0.0,0.0,0.0,0.0,-2.27,3.3500000000000005
 LIMPADOR MULTIUSO,0.0,2.89,0.0,0.0,2.6999999999999997,1.5399999999999996,0.0,0.0,0.0,2.66,0.0,0.0,0.0,0.0,0.0,0.0,2.64
 PAPEL TOALHA,-3.58,0.0,0.0,0.0,0.0,0.0,0.0,0.0,0.0,0.0,0.0,0.0,0.0,0.0,0.0,0.0,-3.58
 AMACIANTE E ALVEJANTE,-0.61,0.7500000000000001,0.8300000000000001,2.73,2.5300000000000002,5.46,1.74,3.5200000000000005,-1.43,3.9299999999999997,-1.6800000000000002,0.6699999999999998,1.8499999999999999,0.45999999999999996,2.21,-1.58,1.65
 COMBUSTÍVEIS E ENERGIA,-0.5900000000000001,2.32,0.029999999999999805,5.09,5.41,-0.37,3.9600000000000004,3.04,5.17,-2.38,1.27,2.24,6.13,0.6300000000000001,6.62,1.86,2.65
 COMBUSTÍVEIS (DOMÉSTICOS),-1.7100000000000004,0.30999999999999983,2.15,4.49,0.99,1.5,1.05,1.1,6.88,1.67,3.23,0.44,4.87,2.8599999999999994,4.52,4.93,1.7300000000000002
 CARVÃO VEGETAL,0.0,0.0,0.0,0.0,0.0,0.0,-0.58,0.0,0.0,0.0,0.0,0.0,0.0,0.0,2.71,0.0,1.01
 GÁS DE BOTIJÃO,-0.17000000000000004,0.30999999999999983,2.15,4.49,1.29,1.5,1.12,1.1,6.88,3.48,3.23,0.44,4.87,2.8599999999999994,4.67,4.93,2.2399999999999998
 GÁS ENCANADO,-5.18,0.0,0.0,0.0,-0.02,0.0,0.0,0.0,0.0,-9.07,0.0,0.0,0.0,0.0,0.0,0.0,-2.53
 ENERGIA ELÉTRICA RESIDENCIAL,-0.32000000000000006,2.83,-0.52,5.3100000000000005,6.7,-0.8200000000000001,4.75,3.8,4.59,-3.59,0.7900000000000003,2.7199999999999998,6.470000000000001,0.0,7.58,0.76,2.9299999999999997
 ENERGIA ELÉTRICA RESIDENCIAL,-0.32000000000000006,2.83,-0.52,5.3100000000000005,6.7,-0.8200000000000001,4.75,3.8,4.59,-3.59,0.7900000000000003,2.7199999999999998,6.470000000000001,0.0,7.58,0.76,2.9299999999999997
 ARTIGOS DE RESIDÊNCIA,3.44,2.83,4.31,2.83,1.29,0.6200000000000001,1.6,3.19,2.6900000000000004,3.8099999999999996,2.25,3.6399999999999997,2.1799999999999997,1.03,2.35,1.91,2.46
 MÓVEIS E UTENSÍLIOS,2.09,2.0,3.09,2.69,-1.8399999999999999,-0.6599999999999999,-2.3,1.98,1.1300000000000001,1.21,0.29000000000000015,3.2,-0.050000000000000044,-4.58,-0.47,-0.25,0.44
 MOBILIÁRIO,2.82,2.24,3.55,3.2399999999999998,-3.16,-1.7800000000000002,-4.46,2.85,0.45999999999999985,1.8499999999999999,-1.0700000000000003,4.36,-0.5399999999999998,-8.52,-0.4500000000000002,-0.22,0.06000000000000014
 MÓVEL PARA SALA,3.6599999999999997,2.96,2.58,2.44,0.3000000000000001,0.47999999999999976,-3.08,3.67,2.06,4.19,1.0599999999999998,4.03,-1.1399999999999997,-7.7700000000000005,2.5,-3.07,1.56
 MÓVEL PARA QUARTO,4.81,1.73,3.6399999999999997,5.81,-4.9399999999999995,-3.0599999999999996,-4.78,3.11,-2.33,3.3899999999999997,-2.26,4.3500000000000005,-1.4000000000000001,-9.9,0.56,2.51,-0.4200000000000002
 MÓVEL PARA COPA E COZINHA,-3.9799999999999995,0.7500000000000002,1.23,-1.2900000000000003,-5.8,-3.7,-6.18,2.89,3.4400000000000004,-3.62,-3.05,4.92,0.8200000000000002,-9.17,-6.75,0.9199999999999999,-2.3
 MÓVEL INFANTIL,0.0,0.0,0.0,-1.8800000000000001,0.0,0.0,0.0,-1.9100000000000001,4.28,3.45,1.36,0.0,2.57,0.8999999999999999,-1.33,-9.44,0.8999999999999999
 COLCHÃO,0.0,6.9399999999999995,14.39,0.0,0.0,0.0,0.0,0.0,0.0,0.0,0.0,0.0,0.0,0.0,0.0,0.0,10.600000000000001
 UTENSÍLIOS E ENFEITES,0.6599999999999999,2.58,0.72,1.85,0.7599999999999998,-0.73,1.14,-0.97,0.35999999999999993,-0.36000000000000004,1.7600000000000002,0.8,-0.5499999999999999,1.57,-0.03999999999999998,0.18999999999999995,0.74
 ARTIGOS DE ILUMINAÇÃO,-2.5,2.27,-0.29,7.18,1.46,-1.9299999999999997,0.97,0.53,-0.4600000000000002,1.7600000000000002,0.0,0.0,1.3499999999999999,0.0,-0.71,1.0,0.97
 TAPETE,-0.6700000000000002,-1.88,0.0,0.0,2.17,-2.9299999999999997,0.52,0.0,2.4899999999999998,0.41000000000000003,-2.56,0.55,2.8499999999999996,0.0,0.0,0.0,0.52
 CORTINA,0.96,2.01,2.44,-2.7800000000000002,-1.2799999999999998,-1.98,0.0,0.18999999999999997,1.4600000000000002,0.21,0.6499999999999999,0.19999999999999998,0.0,0.0,0.0,0.0,0.19999999999999996
 UTENSÍLIOS DE METAL,3.12,2.88,0.07000000000000006,1.19,0.8999999999999995,-0.15999999999999986,2.37,-4.01,0.19000000000000006,-1.04,4.22,0.0,-2.1100000000000003,1.89,-0.7799999999999999,0.7799999999999998,0.75
 UTENSÍLIOS DE VIDRO E LOUÇA,0.0,0.0,0.43000000000000005,3.92,1.0,2.09,0.18999999999999995,1.59,-2.0000000000000004,-2.44,0.0,-0.019999999999999796,-3.04,0.15999999999999992,0.12999999999999998,-2.6399999999999997,0.18999999999999995
 UTENSÍLIOS DE PLÁSTICO,0.0,0.0,0.0,0.0,0.0,0.0,1.03,0.0,0.0,0.0,4.47,0.0,0.0,0.0,3.2800000000000002,0.31000000000000005,2.46
 FLORES NATURAIS,0.0,9.829999999999998,0.0,0.0,0.0,0.0,0.0,0.0,0.0,0.0,0.0,0.0,0.0,0.0,0.0,0.0,9.829999999999998
 UTENSÍLIOS PARA BEBÊ,0.0,0.0,1.41,-2.65,0.0,0.0,0.0,0.06000000000000005,0.0,0.0,2.1999999999999997,3.06,0.33000000000000007,1.6099999999999999,0.0,0.0,0.9700000000000001
" CAMA, MESA E BANHO",2.6099999999999994,-0.16999999999999948,5.45,1.46,-0.9400000000000002,5.4,-1.29,1.5499999999999998,5.1,2.2800000000000002,3.7,2.9000000000000004,3.32,-1.46,-1.3599999999999999,-1.2200000000000002,1.65
 ROUPA DE CAMA,2.6099999999999994,-0.16999999999999948,5.45,1.09,-0.9400000000000002,5.4,-1.29,0.8900000000000001,5.1,2.2800000000000002,3.7,2.9000000000000004,5.34,-2.5599999999999996,-1.3599999999999999,-1.2200000000000002,1.65
 ROUPA DE BANHO,0.0,0.0,0.0,2.59,0.0,0.0,0.0,3.0700000000000003,0.0,0.0,0.0,0.0,-1.1300000000000001,2.4499999999999997,0.0,0.0,1.8399999999999999
 APARELHOS ELETROELETRÔNICOS,5.33,4.0,5.870000000000001,3.29,4.1,2.4699999999999998,4.6,4.79,4.390000000000001,6.319999999999999,4.6899999999999995,4.34,4.75,6.3,5.59,4.49,4.6
 ELETRODOMÉSTICOS E EQUIPAMENTOS,3.06,1.9700000000000002,4.52,1.78,1.25,1.0,2.51,5.1000000000000005,1.2799999999999998,4.34,2.7600000000000002,2.9299999999999997,2.06,5.98,3.6999999999999997,0.5499999999999998,2.41
 REFRIGERADOR,2.8200000000000003,0.71,3.03,3.34,-0.32999999999999996,0.42999999999999994,2.5700000000000003,2.8099999999999996,0.3299999999999999,4.01,2.2,1.12,1.8100000000000003,5.57,1.88,-1.5699999999999998,1.4100000000000001
 AR-CONDICIONADO,7.12,-1.41,0.0,5.21,3.75,2.0300000000000002,-0.3400000000000003,9.120000000000001,6.46,7.21,4.67,7.88,2.97,10.84,0.0,1.12,3.91
 MÁQUINA DE LAVAR ROUPA,3.62,4.75,6.31,0.5,0.1399999999999999,1.42,2.61,6.09,1.73,3.29,0.8099999999999999,1.55,2.92,11.100000000000001,1.64,1.4300000000000002,2.34
 VENTILADOR,0.0,0.0,0.0,2.21,0.0,0.0,6.640000000000001,9.82,0.0,0.0,0.0,0.0,2.2,9.77,12.63,3.3000000000000003,6.65
 FOGÃO,-0.41000000000000003,4.029999999999999,5.9399999999999995,-3.33,4.59,0.8400000000000001,0.8999999999999999,3.74,-0.45999999999999996,5.21,6.15,6.0,0.9300000000000002,-4.07,1.6199999999999999,1.87,3.2199999999999998
 CHUVEIRO ELÉTRICO,0.0,0.0,1.15,0.0,0.0,0.0,0.0,0.0,0.0,0.0,0.0,0.0,0.0,0.0,0.0,0.0,1.15
" TV, SOM E INFORMÁTICA",7.300000000000001,6.5600000000000005,7.26,4.800000000000001,7.04,3.7800000000000002,6.54,4.5,8.0,8.469999999999999,7.369999999999999,5.94,8.73,6.89,7.68,8.09,6.92
 TELEVISOR,4.48,3.6999999999999997,4.35,5.82,5.920000000000001,3.04,9.209999999999999,7.1,7.18,10.0,4.720000000000001,5.96,8.95,5.95,7.430000000000001,7.77,5.92
 APARELHO DE SOM,0.0,0.0,0.0,4.800000000000001,0.0,0.0,0.0,0.0,-1.56,0.0,0.0,0.0,0.0,0.0,7.68,8.09,2.4099999999999997
 VIDEOGAME (CONSOLE),0.0,0.0,0.0,4.800000000000001,0.0,0.0,0.0,0.0,0.0,0.0,0.0,0.0,0.0,0.0,0.0,0.0,4.800000000000001
 COMPUTADOR PESSOAL,11.669999999999998,11.46,11.25,3.499999999999999,8.69,4.37,2.41,1.1800000000000002,12.629999999999999,6.71,10.76,5.9,8.39,8.51,8.51,8.54,8.51
 CONSERTOS E MANUTENÇÃO,-1.4100000000000001,0.59,3.54,1.0699999999999998,2.39,-0.67,1.41,1.52,1.0999999999999999,5.81,0.23000000000000004,2.45,1.1599999999999997,0.26,-0.87,1.72,1.9000000000000001
 CONSERTOS E MANUTENÇÃO,-1.4100000000000001,0.59,3.54,1.0699999999999998,2.39,-0.67,1.41,1.52,1.0999999999999999,5.81,0.23000000000000004,2.45,1.1599999999999997,0.26,-0.87,1.72,1.9000000000000001
 CONSERTO DE REFRIGERADOR,0.0,-2.4599999999999995,0.0,1.3599999999999999,0.0,0.0,-0.47,0.0,0.12,0.0,-0.32999999999999985,0.0,0.0,0.0,0.0,0.0,-0.47
 CONSERTO DE TELEVISOR,0.0,0.0,0.0,0.0,0.0,0.0,0.94,0.0,0.0,0.0,0.0,0.0,0.0,0.0,0.0,0.0,0.94
 CONSERTO DE MÁQUINA DE LAVAR ROUPA,0.0,-0.2699999999999998,0.0,0.0,0.0,0.0,0.0,0.0,0.0,0.0,0.0,0.0,0.0,0.0,0.0,0.0,-0.2699999999999998
 REFORMA DE ESTOFADO,-1.81,1.5,0.7200000000000002,0.8,-4.4,-3.32,0.0,4.989999999999999,-1.4000000000000001,0.0,0.0,1.95,0.23000000000000007,0.0,0.0,0.21,-1.81
 CONSERTO DE APARELHO CELULAR,0.0,0.9400000000000001,6.15,1.23,1.13,3.28,1.2000000000000002,-2.3200000000000003,0.5,2.8299999999999996,-0.18999999999999997,2.25,1.3200000000000003,-0.4500000000000002,-2.12,0.6600000000000001,1.68
 CONSERTO DE BICICLETA,-1.32,2.83,2.77,1.01,4.1899999999999995,0.5900000000000001,2.38,3.18,4.529999999999999,6.48,0.7599999999999999,2.54,1.3599999999999999,0.5499999999999998,-0.1399999999999999,4.46,3.17
 VESTUÁRIO,0.040000000000000036,-0.47,-1.79,-1.15,-1.3399999999999999,-1.8199999999999998,-1.51,0.17000000000000004,-2.65,0.9500000000000001,-0.2599999999999999,-0.5399999999999999,2.67,-0.9400000000000001,0.18000000000000002,-4.0,-0.93
 ROUPAS,-1.7800000000000002,-1.61,-3.09,-0.8200000000000001,-1.79,-2.37,-1.37,0.16999999999999998,-3.73,0.66,-1.1600000000000001,-1.1,2.22,-1.14,0.05999999999999994,-5.45,-1.61
 ROUPA MASCULINA,-0.9899999999999999,-2.65,-0.41999999999999993,-0.18000000000000005,-3.4499999999999997,-0.6799999999999999,-0.6699999999999999,-0.8300000000000001,-2.66,0.75,-0.3700000000000001,-0.27,1.69,-0.49,1.9100000000000001,-5.57,-1.56
 CALÇA COMPRIDA MASCULINA,-0.37,-3.44,0.2799999999999999,-1.3199999999999998,-2.46,0.1299999999999999,0.3799999999999999,2.4099999999999997,-5.26,-2.6500000000000004,-2.12,0.57,0.27,-0.97,0.99,-5.73,-1.76
 AGASALHO MASCULINO,0.0,-9.33,0.0,0.0,0.0,0.0,0.0,0.0,0.0,-3.59,0.0,0.0,0.0,0.0,0.0,0.0,-7.34
 BERMUDA/SHORT MASCULINO,-0.23000000000000004,-3.3200000000000003,0.22999999999999998,0.0,-1.12,0.8500000000000002,3.7,-2.24,-2.12,2.4699999999999998,1.17,1.9700000000000002,2.77,1.27,2.7,-3.6300000000000003,-0.11999999999999988
 CUECA,0.0,0.0,0.0,0.0,0.0,0.0,0.41000000000000014,0.0,0.0,0.0,0.0,0.0,0.0,2.99,-1.9800000000000002,0.0,-0.050000000000000044
 CAMISA/CAMISETA MASCULINA,-1.4099999999999997,0.16999999999999998,-1.0100000000000002,0.37,-4.4399999999999995,-1.31,-3.39,-1.4,-1.65,3.17,0.22999999999999998,-1.4400000000000004,2.49,-1.23,2.4,-6.35,-1.6900000000000002
 ROUPA FEMININA,-2.35,-0.37,-6.25,-1.21,-1.46,-3.3899999999999997,-1.81,1.6300000000000001,-4.63,0.7299999999999999,-2.8800000000000003,-1.5300000000000002,4.46,-1.36,-1.2799999999999998,-6.89,-1.9500000000000002
 CALÇA COMPRIDA FEMININA,-2.23,0.5499999999999998,-7.4399999999999995,-0.43,-0.9300000000000002,-1.92,-0.3700000000000001,2.5500000000000003,-9.120000000000001,-0.30999999999999983,-2.12,-0.99,6.2700000000000005,2.4299999999999997,-3.42,-7.05,-1.85
 AGASALHO FEMININO,0.0,-11.29,-9.31,0.0,0.0,0.0,0.0,0.0,0.0,-5.59,0.0,0.0,1.44,0.0,0.0,0.0,-9.25
 SAIA,0.0,0.0,0.0,-0.6000000000000001,0.0,0.0,-4.3100000000000005,0.0,0.0,0.0,0.0,0.0,0.0,-2.45,-9.28,-7.609999999999999,-3.99
 VESTIDO,-6.78,0.5700000000000001,-6.94,-2.17,0.39000000000000035,-1.95,-1.62,1.68,0.5900000000000003,-0.81,-4.75,-1.82,4.5600000000000005,-1.8700000000000003,-3.1,-8.05,-1.94
 BLUSA,0.2500000000000001,2.15,-6.96,-2.0599999999999996,-2.96,-4.9,-0.93,3.5700000000000003,-8.51,2.07,-3.7800000000000002,-1.63,4.99,-1.83,-0.9500000000000002,-6.68,-2.08
 LINGERIE,0.0,-1.98,-1.22,-3.2700000000000005,0.1299999999999999,0.0,-2.55,-4.29,-0.3800000000000001,2.9600000000000004,2.0300000000000002,0.0,-1.47,-7.68,1.44,-5.109999999999999,-0.5000000000000001
 BERMUDA/SHORT FEMININO,-1.0699999999999998,0.0,1.18,4.09,0.0,0.0,-4.07,-1.23,-3.7,1.6800000000000002,-0.8800000000000001,-1.24,6.96,0.18000000000000016,4.82,-6.0,-0.3900000000000001
 ROUPA INFANTIL,-1.79,-2.7,-0.4899999999999999,-1.1600000000000001,0.23999999999999977,-2.54,-1.91,-1.6099999999999999,-4.01,0.3900000000000001,1.0399999999999998,-1.46,-1.07,-2.0300000000000002,-1.12,-2.34,-0.96
 UNIFORME ESCOLAR,0.0,0.0,-0.15000000000000002,0.27,0.9,-1.03,5.34,5.2,0.0,0.5499999999999999,2.55,0.33000000000000007,0.0,0.0,-2.31,0.33999999999999997,1.02
 CALÇA COMPRIDA INFANTIL,0.0,-2.75,-3.5,0.0,-1.0399999999999996,-2.5999999999999996,0.0,0.0,-4.3999999999999995,-2.21,1.53,0.0,-2.9299999999999997,-4.3500000000000005,-1.2999999999999998,0.0,-1.9900000000000002
 AGASALHO INFANTIL,0.0,-8.15,0.0,0.0,0.0,0.0,0.0,0.0,0.0,0.0,0.0,0.0,0.0,0.0,0.0,0.0,-8.15
 VESTIDO INFANTIL,-8.15,-0.44999999999999973,1.75,-7.63,0.0,-1.83,-2.53,-4.88,-6.069999999999999,0.0,-0.9299999999999999,-0.38000000000000034,-2.4799999999999995,-2.59,-1.93,1.0499999999999998,-2.9400000000000004
 BERMUDA/SHORT INFANTIL,-0.18999999999999997,0.0,0.0,0.18000000000000005,1.06,0.0,-6.92,-6.3100000000000005,-2.56,0.0,0.0,-2.37,-0.14000000000000012,-0.97,0.6300000000000003,-4.06,-0.76
 CAMISA/CAMISETA INFANTIL,-1.4100000000000001,-2.8200000000000003,-2.06,2.6300000000000003,0.7300000000000004,-4.08,-1.7,-2.0,-1.3,2.0999999999999996,0.73,-2.29,1.27,-1.4300000000000002,-4.4,-3.68,-0.5099999999999999
 CONJUNTO INFANTIL,-0.79,0.11000000000000004,2.26,-2.5700000000000003,-0.43000000000000016,-2.27,-6.720000000000001,-0.33000000000000007,-6.300000000000001,-0.8999999999999999,0.8399999999999999,-1.2400000000000002,-2.26,-0.8,2.62,-4.609999999999999,-1.08
 CALÇADOS E ACESSÓRIOS,3.5300000000000002,1.47,-0.15000000000000002,-3.79,-1.3099999999999998,-1.15,-1.95,-1.04,-0.67,0.8400000000000001,-0.6300000000000001,-0.48,4.71,-1.8499999999999999,0.3400000000000001,-1.12,-0.3
 CALÇADOS E ACESSÓRIOS,3.5300000000000002,1.47,-0.15000000000000002,-3.79,-1.3099999999999998,-1.15,-1.95,-1.04,-0.67,0.8400000000000001,-0.6300000000000001,-0.48,4.71,-1.8499999999999999,0.3400000000000001,-1.12,-0.3
 SAPATO MASCULINO,3.45,-1.12,0.20999999999999996,-4.0600000000000005,-2.01,3.8999999999999995,-1.33,-2.1100000000000003,-5.0600000000000005,1.47,-0.19000000000000006,-0.75,7.100000000000001,-4.49,0.96,1.4899999999999998,-0.8899999999999999
 SAPATO FEMININO,1.9100000000000001,-3.7199999999999998,-1.15,-6.109999999999999,-0.6900000000000002,-2.27,-4.34,4.99,-1.4899999999999998,1.69,-0.8999999999999998,0.0800000000000003,5.800000000000001,-2.3299999999999996,-2.0899999999999994,2.91,-0.9600000000000001
 SAPATO INFANTIL,0.0,0.0,0.0,1.1,0.0,0.0,-0.6299999999999999,0.0,-3.12,3.1499999999999995,-4.82,0.0,-0.6299999999999999,1.52,-0.6299999999999999,0.29000000000000004,-0.30999999999999983
 BOLSA,6.67,2.34,2.0100000000000002,-8.709999999999999,0.0,-1.5399999999999998,-2.78,-1.69,-3.9400000000000004,-8.06,6.43,0.0,-6.61,-2.55,0.06999999999999984,-4.22,-0.88
 MOCHILA,0.0,0.0,0.0,-3.98,0.0,0.0,-4.49,-2.17,0.0,0.0,0.0,0.0,0.0,-5.93,-4.909999999999999,0.0,-3.9699999999999998
 TÊNIS,4.17,5.48,-0.6599999999999999,-4.46,-1.3499999999999999,-0.45999999999999996,-1.33,0.7400000000000002,3.11,1.29,0.68,-1.08,4.27,1.3399999999999999,0.7100000000000001,-1.72,0.5900000000000001
 SANDÁLIA/CHINELO,2.62,-0.23999999999999977,0.9199999999999999,-0.8600000000000001,-1.7600000000000002,-4.659999999999999,1.0699999999999998,-4.18,-0.30000000000000004,0.02000000000000017,-3.58,0.4099999999999999,7.640000000000001,-0.9099999999999999,2.36,-3.52,-0.57
 JOIAS E BIJUTERIAS,4.9399999999999995,5.04,6.069999999999999,7.71,4.96,1.0699999999999998,-2.4400000000000004,6.359999999999999,-0.8700000000000002,6.140000000000001,10.62,7.04,0.5900000000000001,5.52,0.8099999999999999,0.5499999999999999,4.58
 JOIAS E BIJUTERIAS,4.9399999999999995,5.04,6.069999999999999,7.71,4.96,1.0699999999999998,-2.4400000000000004,6.359999999999999,-0.8700000000000002,6.140000000000001,10.62,7.04,0.5900000000000001,5.52,0.8099999999999999,0.5499999999999999,4.58
 BIJUTERIA,0.0,0.0,-2.57,0.0,0.0,-4.63,0.0,0.0,-4.37,0.0,0.0,0.0,0.0,0.0,0.0,-9.92,-4.029999999999999
 JOIA,4.8100000000000005,4.77,9.26,9.63,5.77,3.04,-3.6,6.260000000000001,0.0,8.469999999999999,12.670000000000002,8.63,0.5900000000000001,8.770000000000001,1.6199999999999999,7.02,6.05
 RELÓGIO DE PULSO,5.3,5.79,0.0,5.13,2.5300000000000002,0.0,0.029999999999999805,6.55,3.23,-1.2400000000000002,2.62,3.7600000000000002,0.0,3.7,-1.18,2.3200000000000003,3.16
 TECIDOS E ARMARINHO,0.35,0.83,0.7,3.2,1.7000000000000002,-1.15,1.3699999999999999,5.22,4.25,2.23,0.71,3.21,0.05999999999999994,0.98,0.97,1.5999999999999999,1.6600000000000001
 TECIDOS E ARMARINHO,0.35,0.83,0.7,3.2,1.7000000000000002,-1.15,1.3699999999999999,5.22,4.25,2.23,0.71,3.21,0.05999999999999994,0.98,0.97,1.5999999999999999,1.6600000000000001
 TECIDO,0.35,0.8999999999999999,1.2900000000000003,3.2,1.77,-1.15,1.3699999999999999,5.22,4.25,2.27,-0.41,5.640000000000001,0.05999999999999994,0.98,0.97,1.5999999999999999,1.71
 ARTIGOS DE ARMARINHO,0.0,0.68,-0.3999999999999999,0.0,1.6099999999999999,0.0,0.0,0.0,0.0,2.19,3.41,-1.02,0.0,0.0,0.0,0.0,1.4100000000000001
 TRANSPORTES,1.69,3.6100000000000003,2.8899999999999997,3.39,0.96,4.32,2.91,3.24,-0.34999999999999987,3.2,4.04,1.71,6.07,4.1,3.6799999999999997,3.6500000000000004,2.3
 TRANSPORTES,1.69,3.6100000000000003,2.8899999999999997,3.39,0.96,4.32,2.91,3.24,-0.34999999999999987,3.2,4.04,1.71,6.07,4.1,3.6799999999999997,3.6500000000000004,2.3
 TRANSPORTE PÚBLICO,-0.24,-1.27,-2.33,-0.53,-0.06999999999999998,-0.54,1.68,-0.76,-1.69,-2.01,-1.1,0.8200000000000001,1.44,0.15999999999999992,-1.6400000000000001,-0.31,-0.6599999999999999
 ÔNIBUS URBANO,0.0,0.0,0.0,0.0,0.0,0.0,0.0,0.0,0.0,0.0,0.0,0.0,0.0,0.0,0.0,0.0,0.0
 TÁXI,0.0,0.0,0.0,0.0,0.0,0.0,0.0,0.0,0.0,0.0,0.0,0.0,0.0,0.0,0.0,0.0,0.0
 TREM,0.0,0.0,0.0,0.0,0.0,0.0,0.0,0.0,0.0,0.0,0.0,0.0,0.0,0.0,0.0,0.0,0.0
 ÔNIBUS INTERMUNICIPAL,-0.23,0.019999999999999997,-3.7700000000000005,-0.6499999999999999,-0.2,0.0,0.0,0.0,0.76,0.0,1.16,0.62,2.8200000000000003,0.0,-1.24,0.0,-0.35
 ÔNIBUS INTERESTADUAL,-10.989999999999998,0.0,-12.56,-2.81,-0.75,-4.109999999999999,-2.95,-11.41,-8.35,-4.66,-3.67,1.6099999999999999,-2.6399999999999997,1.98,-9.209999999999999,-1.2899999999999998,-5.699999999999999
 PASSAGEM AÉREA,3.7499999999999996,-0.7099999999999991,-8.69,2.9800000000000004,1.1999999999999997,-0.5999999999999999,16.57,1.1599999999999997,-0.2999999999999998,-7.04,1.0700000000000005,7.82,15.22,1.1900000000000008,3.7300000000000004,0.5799999999999998,0.20999999999999996
 METRÔ,3.31,0.0,0.0,0.0,0.0,0.0,0.0,0.0,0.0,0.0,0.0,0.0,0.0,0.0,0.0,0.0,0.94
 TRANSPORTE ESCOLAR,0.0,0.0,0.0,0.0,0.0,0.0,0.0,0.0,0.0,0.0,0.0,0.0,0.0,0.0,0.0,0.0,0.0
 TRANSPORTE POR APLICATIVO,-4.430000000000001,-7.62,-7.96,-6.0600000000000005,-2.33,-1.0499999999999998,0.0,-8.42,-18.66,0.0,-6.200000000000001,-4.82,2.4199999999999995,0.0,-14.78,-7.38,-6.29
 INTEGRAÇÃO TRANSPORTE PÚBLICO,0.0,0.0,0.0,0.0,0.0,0.0,0.0,0.0,0.0,0.0,0.0,0.0,0.0,0.0,0.0,0.0,0.0
 VEÍCULO PRÓPRIO,0.9100000000000001,0.6900000000000001,0.8700000000000001,-0.21999999999999997,-0.48000000000000004,0.81,0.24,0.79,0.41000000000000003,0.56,0.38,-0.61,4.73,0.78,0.53,1.14,0.29000000000000004
 AUTOMÓVEL NOVO,0.7899999999999999,-0.8400000000000001,1.46,-0.6399999999999999,-0.33999999999999997,1.98,-0.43,0.45,1.45,0.10999999999999999,-1.6700000000000004,0.66,-0.020000000000000018,-0.22999999999999998,-0.2,2.9699999999999998,0.08000000000000002
 EMPLACAMENTO E LICENÇA,0.9299999999999999,1.0699999999999998,0.9299999999999999,0.81,0.8999999999999999,0.76,0.75,0.8999999999999999,0.75,1.0499999999999998,0.96,0.9099999999999999,0.6000000000000001,0.8200000000000001,0.75,0.72,0.8999999999999999
 SEGURO VOLUNTÁRIO DE VEÍCULO,8.71,-2.1100000000000003,0.1200000000000001,-4.44,-12.34,-2.62,-5.48,-5.449999999999999,-10.56,-1.6199999999999999,1.32,-17.03,-0.77,-4.13,-6.109999999999999,-4.99,-6.109999999999999
 MULTA,0.0,0.0,0.0,0.0,0.0,0.0,0.0,0.0,0.0,0.0,0.0,0.0,0.0,0.0,0.0,0.0,0.0
 ÓLEO LUBRIFICANTE,0.0,-2.38,3.14,-0.28000000000000025,1.7999999999999998,2.2800000000000002,1.04,0.5500000000000004,1.4700000000000002,1.33,0.55,0.0,0.7,0.25000000000000006,0.91,0.57,0.97
 ACESSÓRIOS E PEÇAS,1.0200000000000002,-0.12,-0.9099999999999999,1.0,2.03,2.11,5.16,2.31,2.17,2.6499999999999995,-0.35000000000000014,0.76,2.4499999999999997,0.68,-0.050000000000000044,0.75,1.4000000000000001
 PNEU,0.0,5.53,5.22,7.24,5.95,6.4,0.94,2.87,-1.9300000000000002,4.8500000000000005,-0.68,4.72,5.35,1.86,1.6799999999999997,4.59,4.32
 CONSERTO DE AUTOMÓVEL,1.34,2.5700000000000003,-0.30000000000000004,-1.5899999999999999,1.23,-0.01999999999999999,-1.21,1.76,1.05,2.1799999999999997,3.65,1.3599999999999999,4.359999999999999,0.77,1.94,0.4600000000000001,1.24
 ESTACIONAMENTO,0.0,0.53,0.0,0.0,1.1900000000000002,0.0,0.0,0.0,-0.3699999999999999,2.8200000000000003,0.0,0.0,0.0,0.0,0.0,0.0,1.21
 PEDÁGIO,0.0,0.0,0.0,0.0,0.0,0.0,0.0,0.0,0.0,1.48,0.0,0.0,0.0,0.0,0.0,0.0,0.23
 AUTOMÓVEL USADO,-2.1,1.37,1.04,0.0,0.6299999999999999,0.1499999999999999,0.6000000000000001,1.4200000000000002,0.69,-0.6699999999999999,-0.08999999999999986,-1.1700000000000002,16.6,2.15,0.14,2.43,0.55
 PINTURA DE VEÍCULO,0.0,0.0,0.2,3.9000000000000004,0.0,0.0,0.0,0.0,0.9199999999999999,0.0,0.0,0.0,0.0,0.0,0.0,0.0,1.19
 ALUGUEL DE VEÍCULO,4.65,0.0,0.0,0.0,0.0,0.0,3.9499999999999997,0.0,22.419999999999998,0.0,0.0,0.0,0.0,0.0,0.0,0.0,10.31
 MOTOCICLETA,0.5499999999999999,0.26,1.15,2.98,1.8199999999999998,2.44,0.25,1.77,1.41,0.54,0.6000000000000001,3.7700000000000005,1.4500000000000002,2.9800000000000004,0.4,1.75,1.26
 COMBUSTÍVEIS (VEÍCULOS),5.33,11.24,9.15,12.05,4.96,12.65,8.360000000000001,9.809999999999999,-0.5599999999999996,10.940000000000001,12.54,9.48,9.21,13.120000000000001,12.66,10.84,8.0
 GASOLINA,6.93,11.26,9.370000000000001,12.4,5.6899999999999995,12.61,8.49,10.17,-1.1100000000000003,10.91,13.84,9.370000000000001,9.4,12.780000000000001,12.59,10.690000000000001,8.59
 ETANOL,3.62,0.0,6.3999999999999995,6.38,2.61,9.15,0.0,0.0,-0.5000000000000009,10.309999999999999,5.859999999999999,0.0,3.67,0.0,0.0,0.0,4.22
 ÓLEO DIESEL,6.08,10.48,11.41,8.59,3.4499999999999997,14.66,4.13,5.86,8.82,14.9,13.02,12.219999999999999,9.47,15.81,13.97,15.930000000000001,9.170000000000002
 GÁS VEICULAR,-3.5700000000000003,0.0,0.0,0.0,0.0,0.0,0.0,0.18999999999999995,0.0,0.0,0.0,0.0,0.0,0.0,0.0,0.0,-3.39
 SAÚDE E CUIDADOS PESSOAIS,0.039999999999999925,0.08000000000000002,0.32,0.0,0.34,0.47,1.1800000000000002,0.8200000000000001,0.44,-0.31999999999999995,0.05999999999999994,0.09000000000000002,0.65,1.0499999999999998,1.22,0.09999999999999998,0.3
 PRODUTOS FARMACÊUTICOS E ÓTICOS,-0.33000000000000007,0.12999999999999995,1.3199999999999998,-1.0299999999999998,-2.7755575615628914e-17,2.3699999999999997,-0.18,0.8000000000000002,0.29,-0.8799999999999999,-0.45999999999999985,-0.1,1.01,1.0099999999999998,1.6099999999999999,0.25000000000000006,0.15000000000000002
 PRODUTOS FARMACÊUTICOS,-0.3799999999999999,-0.24,1.31,-1.4,-0.20999999999999996,2.8,-0.5599999999999999,0.8100000000000003,0.21000000000000002,-1.0799999999999998,-0.5799999999999998,-0.28,0.8300000000000001,0.9500000000000002,0.89,-0.04999999999999999,-0.009999999999999981
 ANTI-INFECCIOSO E ANTIBIÓTICO,-1.07,5.4,-0.5,-3.96,-7.45,6.75,1.6600000000000001,-5.09,-6.709999999999999,-1.0799999999999998,1.1399999999999997,-1.0099999999999998,2.93,-0.3100000000000001,-4.44,-4.08,-2.37
 ANALGÉSICO E ANTITÉRMICO,1.04,-0.48000000000000004,1.8399999999999999,-2.6,3.14,2.57,3.49,0.6199999999999999,0.49,0.6399999999999999,-0.31000000000000005,1.81,1.6900000000000002,0.29999999999999993,0.009999999999999787,-0.3899999999999998,1.39
 ANTI-INFLAMATÓRIO E ANTIRREUMÁTICO,-3.0199999999999996,-0.10999999999999999,3.0599999999999996,-2.4499999999999997,-0.030000000000000027,-4.61,-0.19,-0.6399999999999999,-3.5999999999999996,1.7100000000000002,0.03999999999999959,-1.7600000000000002,0.13999999999999968,3.6999999999999997,0.8799999999999999,-5.6499999999999995,-0.46
 ANTIGRIPAL E ANTITUSSÍGENO,-3.08,-1.0699999999999998,-0.16,1.62,-0.8599999999999999,1.44,-1.49,0.77,0.12000000000000033,-4.35,-0.54,1.8199999999999998,4.88,2.1599999999999997,0.97,1.46,-0.9099999999999999
 DERMATOLÓGICO,2.9899999999999998,1.55,2.16,0.32,4.6899999999999995,6.68,0.0,-0.5800000000000001,3.41,3.5,0.0,1.57,1.98,0.15000000000000013,1.47,1.5999999999999999,3.2300000000000004
 ANTIALÉRGICO E BRONCODILATADOR,-2.49,-2.97,-3.99,-1.65,-1.7199999999999998,0.79,-0.5,2.5799999999999996,-0.47,0.08000000000000007,-1.0300000000000002,0.49000000000000005,0.8199999999999998,-0.92,0.8200000000000001,-1.94,-1.63
 GASTROPROTETOR,-0.019999999999999796,-1.26,0.8899999999999999,1.7399999999999998,-3.1300000000000003,0.0,1.6400000000000001,1.22,0.86,2.24,-1.0,0.3899999999999999,0.1499999999999999,1.81,3.2300000000000004,-0.11999999999999988,-0.48
 VITAMINA E FORTIFICANTE,-0.28000000000000025,1.2599999999999998,0.3599999999999999,1.4,3.41,4.8999999999999995,2.5,4.71,0.5799999999999998,0.0900000000000003,-1.3599999999999999,2.35,1.6099999999999999,-1.6900000000000002,3.8499999999999996,5.76,1.68
 HORMONAL,2.5500000000000003,-2.6399999999999997,3.0300000000000002,0.0,-0.19,9.4,-0.51,1.6800000000000002,0.51,-2.17,0.76,-0.09,1.9500000000000002,6.68,1.0299999999999998,2.2299999999999995,0.63
 PSICOTRÓPICO E ANOREXÍGENO,6.73,-0.9700000000000001,3.29,-5.46,2.1100000000000003,5.54,1.7,0.8300000000000003,-0.1299999999999999,0.47000000000000064,-2.06,1.37,-4.6499999999999995,-0.79,-2.03,-2.88,1.53
 HIPOTENSOR E HIPOCOLESTEROLÊMICO,-2.4699999999999998,0.4600000000000001,3.2,-0.9000000000000001,-1.19,-0.3299999999999996,-7.06,2.35,1.56,-4.630000000000001,-1.0299999999999998,-2.38,0.79,4.74,3.7,0.7600000000000002,-0.76
 OFTALMOLÓGICO,2.5300000000000002,1.0,2.6,1.81,-2.84,0.04000000000000026,0.44000000000000006,3.3,-1.94,0.0,0.3900000000000001,0.75,-0.7799999999999999,0.0,0.1499999999999999,6.2,0.14000000000000007
 ANTIDIABÉTICO,0.62,-4.13,-3.0,2.1,-2.62,-1.7500000000000004,-3.41,1.71,5.99,-1.5299999999999998,2.95,-7.610000000000001,4.0,5.551115123125783e-17,-3.67,-1.2000000000000002,-1.24
 NEUROLÓGICO,-4.6899999999999995,-2.4499999999999997,0.73,-6.970000000000001,-1.9699999999999998,0.21999999999999986,-4.0200000000000005,0.050000000000000266,-0.54,-3.24,-2.2299999999999995,-0.11999999999999988,-1.52,-5.65,-3.33,1.66,-2.17
 PRODUTOS ÓTICOS,0.8900000000000002,5.67,1.54,2.14,2.1,-1.93,2.03,0.6599999999999999,1.18,1.65,2.78,2.94,2.9199999999999995,2.29,7.48,5.8100000000000005,2.1
 ÓCULOS DE GRAU,0.8900000000000002,5.67,1.54,2.14,2.1,-1.93,2.03,0.6599999999999999,1.18,1.65,2.78,2.94,2.9199999999999995,2.29,7.48,5.8100000000000005,2.1
 SERVIÇOS DE SAÚDE,-0.8899999999999999,-0.55,-0.6499999999999999,-0.68,-0.52,-0.6400000000000001,-0.4700000000000001,-0.5199999999999998,-0.58,-0.6100000000000001,-0.6300000000000001,-0.6299999999999999,-0.1900000000000001,-0.09000000000000002,0.33999999999999997,-0.4600000000000001,-0.5800000000000001
 SERVIÇOS MÉDICOS E DENTÁRIOS,0.009999999999999981,0.06,0.12,0.84,1.4600000000000002,0.17,-0.17000000000000015,1.4200000000000002,0.84,0.09999999999999998,0.2,1.2699999999999998,2.16,0.6699999999999999,1.06,1.1099999999999999,0.71
 MÉDICO,-0.4000000000000001,0.49,-0.4700000000000001,0.68,1.03,0.4,-0.35999999999999943,1.79,-0.009999999999999995,0.75,0.47,2.7800000000000002,1.84,0.61,0.7300000000000001,1.0,0.51
 DENTISTA,0.13,-0.1,0.64,1.1900000000000002,1.7800000000000002,0.04000000000000006,0.45,0.45000000000000007,1.9100000000000001,-0.5599999999999999,-0.11,0.22000000000000003,2.88,1.2000000000000002,1.8199999999999998,1.37,0.91
 APARELHO ORTODÔNTICO,0.0,0.0,0.35,0.0,0.0,0.0,0.0,0.0,0.0,0.0,0.0,0.0,-0.44999999999999996,0.0,0.0,0.0,0.23
 FISIOTERAPEUTA,0.0,0.0,0.0,0.0,0.0,0.0,0.0,0.0,0.0,0.0,0.0,0.0,0.0,-0.11,0.0,0.0,-0.11
 PSICÓLOGO,1.66,-1.6,0.0,0.0,1.7200000000000002,0.0,0.0,0.0,0.0,0.0,0.0,0.0,0.0,0.0,0.0,0.0,1.08
 SERVIÇOS LABORATORIAIS E HOSPITALARES,-0.52,1.67,0.33,0.78,0.77,0.71,1.4899999999999998,0.4,-0.1499999999999999,-0.03,-0.010000000000000009,0.69,0.010000000000000009,0.58,0.29000000000000004,2.08,0.52
 EXAME DE LABORATÓRIO,-1.5699999999999998,6.6,0.19,-0.93,1.8600000000000003,-0.61,-0.11,-0.010000000000000009,1.4500000000000002,0.18,-0.19999999999999998,-0.48,0.10999999999999988,-0.34,-0.24999999999999997,0.24,0.94
 HOSPITALIZAÇÃO E CIRURGIA,-0.19999999999999996,0.19,0.52,2.32,0.67,1.04,2.47,-0.02,-2.59,-0.49,0.19,1.8800000000000003,0.0,0.0,1.12,2.42,0.41000000000000003
 EXAME DE IMAGEM,-1.12,1.52,0.06000000000000001,1.25,0.4,-0.09999999999999998,1.17,1.05,0.94,1.06,-0.35,-0.18000000000000002,-0.02999999999999997,2.0,-0.01999999999999999,3.23,0.49
 PLANO DE SAÚDE,-1.1099999999999999,-1.13,-1.1099999999999999,-1.13,-1.1400000000000001,-1.0499999999999998,-1.13,-1.13,-1.0699999999999998,-1.1099999999999999,-1.1300000000000003,-1.1099999999999999,-1.1400000000000001,-1.1400000000000001,-1.1500000000000004,-1.1500000000000004,-1.1099999999999999
 PLANO DE SAÚDE,-1.1099999999999999,-1.13,-1.1099999999999999,-1.13,-1.1400000000000001,-1.0499999999999998,-1.13,-1.13,-1.0699999999999998,-1.1099999999999999,-1.1300000000000003,-1.1099999999999999,-1.1400000000000001,-1.1400000000000001,-1.1500000000000004,-1.1500000000000004,-1.1099999999999999
 CUIDADOS PESSOAIS,2.64,0.9400000000000001,0.8600000000000001,1.59,2.3,1.4,2.8,2.08,1.99,0.55,1.32,2.15,1.4100000000000001,1.5300000000000002,1.4,0.71,1.76
 HIGIENE PESSOAL,2.64,0.9400000000000001,0.8600000000000001,1.59,2.3,1.4,2.8,2.08,1.99,0.55,1.32,2.15,1.4100000000000001,1.5300000000000002,1.4,0.71,1.76
 PRODUTO PARA CABELO,1.47,-1.1799999999999997,-2.75,-1.1199999999999999,0.7399999999999998,0.5800000000000001,3.06,-0.4299999999999998,1.3499999999999999,-1.92,-1.36,2.09,-0.18999999999999995,-3.38,-1.21,-2.7199999999999998,-0.15999999999999992
 FRALDA DESCARTÁVEL,0.6,1.6099999999999999,0.29000000000000004,2.54,0.24,-2.63,2.4800000000000004,2.92,2.92,3.0300000000000002,0.14,0.8300000000000001,1.4300000000000002,-3.82,1.76,1.2200000000000002,1.1500000000000001
 PRODUTO PARA BARBA,4.04,1.4100000000000001,5.58,-3.5700000000000003,1.7,2.93,1.7100000000000002,2.3499999999999996,0.8200000000000001,1.44,-0.18,-0.15000000000000002,-0.35,-0.8299999999999998,0.07999999999999999,-3.7399999999999998,1.58
 PRODUTO PARA PELE,-1.12,-2.7399999999999998,-1.0399999999999996,-3.5900000000000003,-1.3799999999999997,-1.5099999999999998,0.6799999999999998,-0.8299999999999998,-2.73,-3.23,-1.46,-1.1099999999999999,-3.1399999999999997,-1.7700000000000002,-2.500000000000001,-3.6399999999999997,-1.7099999999999997
 PRODUTO PARA HIGIENE BUCAL,2.66,2.0600000000000005,2.88,1.0300000000000002,2.5300000000000002,1.4,3.6100000000000003,0.51,2.79,3.0199999999999996,-1.31,0.66,-0.5800000000000001,2.85,-2.23,0.78,2.09
 PRODUTO PARA UNHA,0.0,0.0,0.0,0.0,0.0,0.0,4.91,0.0,0.0,0.0,0.0,0.0,0.0,1.96,0.0,0.0,4.54
 PERFUME,6.010000000000001,4.12,3.29,5.07,5.43,5.42,4.59,3.31,5.21,5.130000000000001,6.359999999999999,4.99,4.49,6.0,5.4799999999999995,4.1,4.9399999999999995
 DESODORANTE,3.57,-0.82,2.1899999999999995,1.31,2.0,0.51,2.8499999999999996,3.44,-0.7100000000000001,-2.58,-0.8700000000000001,2.4,3.06,-0.78,-1.6400000000000001,-0.43000000000000016,1.24
 ABSORVENTE HIGIÊNICO,-1.5899999999999999,-0.55,-0.05999999999999983,-0.08000000000000007,3.87,0.08999999999999994,1.08,2.4,1.5399999999999998,-2.66,-1.0899999999999999,1.97,2.2399999999999998,-0.9299999999999999,3.21,2.39,1.37
 SABONETE,1.3599999999999999,3.96,1.709999999999999,1.42,5.12,3.3,1.38,4.0,1.9000000000000001,1.36,0.9000000000000001,1.8099999999999998,-0.23999999999999988,0.42000000000000004,-1.75,1.0399999999999998,2.8
 PAPEL HIGIÊNICO,3.9299999999999997,1.98,2.1799999999999997,-0.37,2.0200000000000005,1.15,-1.7999999999999998,2.4899999999999998,1.9100000000000001,0.14000000000000012,3.32,0.3400000000000003,4.7299999999999995,0.33000000000000007,-0.6800000000000002,3.1399999999999997,1.8300000000000003
 ARTIGOS DE MAQUIAGEM,-1.0499999999999996,-0.8299999999999996,-0.5599999999999998,-0.3500000000000001,-1.88,-0.8500000000000001,-2.3600000000000003,-0.5700000000000003,-3.35,-4.76,-2.15,-1.0,-2.6100000000000003,-1.47,-2.0199999999999996,-2.12,-1.8199999999999998
 DESPESAS PESSOAIS,-0.03,0.27,-0.31999999999999995,0.38,-0.07999999999999999,-0.12000000000000001,-0.010000000000000009,0.18000000000000002,-0.1,-0.37,0.74,0.24,-0.060000000000000046,-0.009999999999999995,0.18000000000000002,-0.54,-0.03
 SERVIÇOS PESSOAIS,-0.37,0.12000000000000002,-2.7755575615628914e-17,0.09999999999999994,-0.34,-0.25,-0.56,-0.22000000000000003,-0.07,-0.21,0.20999999999999996,-0.04999999999999999,-0.16,-0.18,-0.28,-0.5,-0.2
 SERVIÇOS PESSOAIS,-0.37,0.12000000000000002,-2.7755575615628914e-17,0.09999999999999994,-0.34,-0.25,-0.56,-0.22000000000000003,-0.07,-0.21,0.20999999999999996,-0.04999999999999999,-0.16,-0.18,-0.28,-0.5,-0.2
 COSTUREIRA,0.0,0.0,0.0,2.5199999999999996,0.0,0.0,-1.9700000000000002,0.0,0.0,0.0,0.0,0.0,0.0,0.99,-0.24999999999999994,2.29,0.050000000000000044
 MANICURE,1.37,1.6,2.83,2.27,0.41000000000000003,3.1100000000000003,-4.41,0.21999999999999975,1.9200000000000002,-1.38,-0.52,2.78,1.46,0.0,-2.12,-0.64,0.8600000000000001
 EMPREGADO DOMÉSTICO,-0.72,-0.72,-0.72,-0.72,-0.72,-0.72,-0.72,-0.72,-0.72,-0.72,-0.72,-0.72,-0.72,-0.72,-0.72,-0.72,-0.72
 CABELEIREIRO E BARBEIRO,-0.7,1.34,0.039999999999999925,0.7500000000000002,-1.0899999999999999,-1.17,-0.69,0.08000000000000007,0.6000000000000001,0.5,2.44,0.22999999999999998,-1.1,0.17999999999999997,-0.88,-1.48,-0.22000000000000003
 DEPILAÇÃO,0.0,0.0,1.77,0.0,3.63,1.62,0.0,0.0,1.5499999999999998,1.94,0.8000000000000003,0.0,4.68,0.0,0.0,-2.8100000000000005,2.52
 CARTÓRIO,0.0,0.0,0.0,0.0,0.0,0.0,0.0,0.0,0.0,2.17,0.0,0.0,0.0,0.0,0.02,0.0,0.67
 DESPACHANTE,0.0,0.0,-0.15000000000000013,0.0,-2.04,0.0,0.0,0.0,0.0,-0.6600000000000004,0.6799999999999998,-3.79,0.0,0.0,0.0,0.0,-1.4100000000000001
 SERVIÇO BANCÁRIO,0.35000000000000003,0.35000000000000003,0.35000000000000003,0.35000000000000003,0.35000000000000003,0.35000000000000003,0.35000000000000003,0.35000000000000003,0.35000000000000003,0.35000000000000003,0.35000000000000003,0.35000000000000003,0.35000000000000003,0.35000000000000003,0.35000000000000003,0.35000000000000003,0.35000000000000003
 CONSELHO DE CLASSE,0.0,0.33,0.0,0.0,0.36,0.48,0.0,0.0,0.0,0.0,0.66,0.48,0.0,0.0,0.0,0.0,0.39
 SOBRANCELHA,-1.67,0.24,2.15,3.26,2.93,-2.35,0.0,1.64,-1.1600000000000001,-1.09,0.3400000000000001,2.17,-2.48,0.0,1.1599999999999997,-1.0299999999999998,0.95
 RECREAÇÃO E FUMO,0.6,0.5,-0.8800000000000001,0.88,0.4,0.14,1.08,0.87,-0.13999999999999996,-0.5900000000000001,1.45,0.9200000000000002,0.16000000000000003,0.31,1.32,-0.6,0.27
 RECREAÇÃO,-0.26,-0.6499999999999999,-1.0,0.17,-0.42000000000000004,-0.13999999999999999,0.6200000000000001,0.16,-0.5900000000000001,-0.6799999999999999,0.8200000000000001,0.33,0.19000000000000006,-0.52,0.74,-0.95,-0.36
 CLUBE,0.0,0.16999999999999993,-9.48,0.0,-0.36,0.0,0.0,0.0,0.0,0.0,0.0,0.0,0.0,0.0,0.0,0.0,-2.09
 INSTRUMENTO MUSICAL,0.0,0.0,0.0,0.0,0.0,3.26,0.0,0.0,8.61,0.0,9.219999999999999,0.0,0.0,7.710000000000001,0.0,0.0,7.7
 TRATAMENTO DE ANIMAIS (CLÍNICA),2.6100000000000003,-4.97,0.81,0.2400000000000002,-0.28000000000000014,2.44,-2.3499999999999996,0.6499999999999999,0.76,-1.12,-0.41000000000000003,3.78,-1.4099999999999997,-4.74,-0.49,1.04,-0.29
 BICICLETA,0.0,7.04,0.48999999999999977,9.2,0.5,7.3100000000000005,3.9000000000000004,0.0,6.79,7.51,2.62,10.05,6.859999999999999,-0.2300000000000002,4.63,0.0,3.88
 ALIMENTO PARA ANIMAIS,0.8499999999999999,0.72,-0.6400000000000001,3.0199999999999996,0.7000000000000001,0.0800000000000003,2.4299999999999997,1.4900000000000002,-0.10999999999999999,-0.5599999999999998,1.43,1.3400000000000003,1.15,-0.43999999999999995,5.06,1.3600000000000003,0.7100000000000001
 BRINQUEDO,0.28,3.7,-3.15,-2.8599999999999994,-2.42,0.029999999999999916,-0.030000000000000027,-4.390000000000001,-0.45999999999999985,-0.49,-2.98,1.8100000000000003,-1.49,-1.23,-4.59,-1.79,-1.23
 CASA NOTURNA,0.0,0.0,0.0,0.0,0.0,0.0,0.0,0.0,0.0,0.0,0.0,0.0,0.0,0.0,0.0,0.0,0.0
 JOGOS DE AZAR,0.0,0.0,0.0,0.0,0.0,0.0,0.0,0.0,0.0,0.0,0.0,0.0,0.0,0.0,0.0,0.0,0.0
 MATERIAL DE CAÇA E PESCA,0.0,0.0,0.0,0.0,0.0,0.0,0.0,0.0,0.0,0.0,0.06000000000000002,0.0,0.0,-0.52,0.0,0.0,0.01999999999999999
 HOSPEDAGEM,-4.09,-1.9500000000000002,-2.0700000000000003,-3.3999999999999995,-4.470000000000001,-0.9,-1.2599999999999998,-1.71,-4.9399999999999995,-2.78,-2.17,-3.4400000000000004,0.5199999999999998,-0.8999999999999998,3.76,-9.13,-3.2
 PACOTE TURÍSTICO,0.05999999999999983,-4.22,0.51,0.81,2.38,-3.89,0.0,1.32,-0.20000000000000018,-2.27,3.9200000000000004,-1.7100000000000004,-3.21,0.0,0.74,-3.1399999999999997,0.82
 SERVIÇO DE HIGIENE PARA ANIMAIS,0.17,0.77,-0.32999999999999996,0.0,-3.11,1.4,0.0,5.24,-0.12000000000000005,1.8000000000000003,-0.9399999999999997,2.18,3.99,0.0,0.0,0.0,-0.8699999999999999
" CINEMA, TEATRO E CONCERTOS",0.0,0.0,0.0,0.0,0.2,0.0,1.02,-0.18,-1.85,0.5,-0.54,0.0,0.0,0.0,0.0,0.0,0.03
 FUMO,4.87,5.22,0.0,5.359999999999999,4.97,4.87,5.53,5.359999999999999,4.96,0.0,4.87,5.87,0.0,5.53,5.359999999999999,5.53,4.11
 CIGARRO,4.87,5.22,0.0,5.359999999999999,4.97,4.87,5.53,5.359999999999999,4.96,0.0,4.87,5.87,0.0,5.53,5.359999999999999,5.53,4.11
 EDUCAÇÃO,-4.510000000000001,-2.47,-4.12,-0.08000000000000002,-2.89,-1.5699999999999998,-7.259999999999999,-7.84,-2.8600000000000003,-3.8,-6.51,-8.609999999999998,-6.62,-1.28,-8.5,-5.789999999999999,-3.68
" CURSOS, LEITURA E PAPELARIA",-4.510000000000001,-2.47,-4.12,-0.08000000000000002,-2.89,-1.5699999999999998,-7.259999999999999,-7.84,-2.8600000000000003,-3.8,-6.51,-8.609999999999998,-6.62,-1.28,-8.5,-5.789999999999999,-3.68
 CURSOS REGULARES,-6.04,-2.91,-5.52,-0.07,-3.13,-1.56,-8.79,-9.22,-3.29,-4.1,-8.41,-10.56,-8.78,-2.07,-11.48,-7.27,-4.38
 CRECHE,-10.14,0.0,-4.57,0.0,-4.56,-1.31,0.0,-4.55,0.0,-6.37,-6.77,-17.51,-8.79,-4.76,0.0,-19.95,-4.76
 PRÉ-ESCOLA,-9.47,-7.13,-21.39,-0.45,-2.78,-0.33,-6.39,-18.7,-8.78,-5.11,-6.68,-19.14,-9.16,0.0,-7.62,-18.44,-7.71
 ENSINO FUNDAMENTAL,-8.65,-1.81,-6.13,-0.05,-2.34,0.0,-5.82,-9.42,-4.83,-2.24,-3.67,-13.5,-8.5,-2.83,-8.47,-11.09,-4.12
 ENSINO MÉDIO,-9.0,-2.17,-4.34,0.0,-0.8,0.0,-4.14,-9.79,-2.88,-0.87,-4.14,-12.32,-10.02,-4.69,-7.78,-9.02,-2.93
 ENSINO SUPERIOR,0.47,-4.51,-3.05,0.0,-2.67,-3.84,-15.98,-7.9,-0.41,-6.43,-12.77,-7.34,-9.17,-1.43,-15.78,0.22,-4.12
 PÓS-GRADUAÇÃO,0.0,0.81,-0.11,0.0,-11.21,0.0,-4.31,-5.62,0.25,-1.33,-6.24,-3.49,-4.41,0.0,-4.85,-2.24,-5.84
 EDUCAÇÃO DE JOVENS E ADULTOS,-8.78,0.0,0.0,0.0,0.0,0.0,0.0,-9.61,0.0,-1.56,0.0,0.0,0.0,-3.76,-8.13,0.0,-4.8
 CURSO TÉCNICO,0.0,3.52,-0.52,0.0,0.0,0.0,0.0,0.0,-0.95,0.0,0.0,0.0,0.0,0.0,-0.41,0.0,0.76
 LEITURA,0.43,0.77,-0.55,-0.33,0.040000000000000036,-1.66,-1.21,-2.0,-1.9,-2.9699999999999998,0.13,-2.49,-1.81,-0.37999999999999995,-0.92,0.029999999999999985,-0.5800000000000001
 JORNAL DIÁRIO,0.0,0.0,0.0,0.0,0.0,0.0,0.0,0.0,0.0,0.0,0.0,0.0,0.0,0.0,0.0,0.0,0.0
 REVISTA,0.0,0.0,0.0,0.0,0.82,0.0,0.0,0.0,0.0,0.0,0.0,0.0,0.0,0.82,0.0,0.0,0.82
 LIVRO DIDÁTICO,0.38,-1.62,-0.66,-0.38,-0.66,-1.39,-1.59,-2.0,-1.78,-3.74,0.13,-3.33,-2.6599999999999997,-0.75,-0.92,0.08,-1.05
 LIVRO NÃO DIDÁTICO,1.21,3.59,-0.09999999999999987,-0.020000000000000018,1.3700000000000003,-2.35,0.0,0.0,-2.46,-0.18999999999999995,0.0,0.0,0.06000000000000005,0.0,0.0,-0.43999999999999984,0.7000000000000001
 PAPELARIA,-1.96,-4.2700000000000005,0.019999999999999907,-1.67,-2.7800000000000002,-1.68,-4.9399999999999995,-0.31000000000000005,-1.8599999999999999,-0.98,-1.5599999999999998,1.3199999999999998,-1.05,-0.19000000000000006,-0.1100000000000001,-3.4899999999999998,-2.02
 CADERNO,-6.12,-5.96,-1.54,-1.0299999999999998,-2.66,-8.1,-8.08,-1.02,-4.79,-4.03,-0.44999999999999996,-4.64,-2.41,-0.4199999999999998,-2.6500000000000004,-4.85,-3.63
 ARTIGOS DE PAPELARIA,-0.32999999999999996,-3.19,1.1199999999999999,-2.1100000000000003,-2.8200000000000003,0.020000000000000018,-1.82,0.26000000000000023,0.09999999999999998,0.6100000000000003,-2.21,5.9399999999999995,-0.41000000000000003,0.0699999999999999,2.1399999999999997,-2.55,-1.13
 CURSOS DIVERSOS,-0.39,-2.0100000000000002,-1.48,0.5,-2.9800000000000004,-1.5299999999999998,-2.42,0.27,-1.38,-3.05,-0.65,1.27,-1.1199999999999999,2.35,-2.8,-1.5,-1.9600000000000002
 CURSO PREPARATÓRIO,-1.09,0.0,-4.25,0.0,0.0,0.55,0.0,0.0,-3.77,-5.529999999999999,0.22000000000000008,0.0,-7.06,0.0,-3.08,-7.9,-2.31
 CURSO DE IDIOMA,-0.20999999999999996,-6.220000000000001,-3.71,-0.12,-5.42,-0.22999999999999998,-2.82,0.96,-5.87,-1.75,-0.45999999999999996,-0.11,-3.93,0.0,-2.52,0.0,-3.92
 CURSO DE INFORMÁTICA,0.0,0.0,0.0,0.0,0.0,0.0,0.0,0.0,0.0,0.0,0.0,0.0,0.0,0.0,-0.9700000000000001,0.0,-0.9700000000000001
 AUTOESCOLA,0.0,0.0,-0.06000000000000005,0.31,0.0,0.0,0.10000000000000003,0.0,2.3600000000000003,-2.93,0.0,0.0,-0.79,4.15,0.0,0.5899999999999999,-0.41
 ATIVIDADES FÍSICAS,-0.25,0.2,0.1,1.17,-0.22999999999999998,-2.97,-6.6899999999999995,0.0,-0.69,-3.0700000000000003,-1.9699999999999998,2.14,3.89,1.27,-4.26,0.0,-0.58
 COMUNICAÇÃO,2.0300000000000002,1.02,1.4300000000000002,2.35,1.07,1.09,1.2500000000000002,1.95,2.3400000000000003,-0.16000000000000003,2.04,1.44,1.42,1.21,1.6599999999999997,2.15,1.33
 COMUNICAÇÃO,2.0300000000000002,1.02,1.4300000000000002,2.35,1.07,1.09,1.2500000000000002,1.95,2.3400000000000003,-0.16000000000000003,2.04,1.44,1.42,1.21,1.6599999999999997,2.15,1.33
 COMUNICAÇÃO,2.0300000000000002,1.02,1.4300000000000002,2.35,1.07,1.09,1.2500000000000002,1.95,2.3400000000000003,-0.16000000000000003,2.04,1.44,1.42,1.21,1.6599999999999997,2.15,1.33
 CORREIO,0.0,0.0,0.0,0.0,0.0,0.0,0.0,0.0,0.0,0.0,0.0,0.0,0.0,0.0,0.0,0.0,0.0
 PLANO DE TELEFONIA FIXA,1.25,0.52,0.6299999999999999,0.8200000000000001,0.71,0.7200000000000001,0.6000000000000001,0.66,0.55,0.6600000000000001,0.97,0.71,0.6699999999999999,0.71,0.6799999999999999,0.69,0.79
 PLANO DE TELEFONIA MÓVEL,0.0,0.0,0.0,0.0,0.0,0.0,0.0,0.0,0.0,0.0,0.0,0.0,0.0,0.0,0.0,0.0,0.0
 TV POR ASSINATURA,0.0,0.0,0.0,0.0,0.0,0.0,0.0,0.0,0.0,0.0,0.0,0.0,0.0,0.0,0.0,0.0,0.0
 ACESSO À INTERNET,12.18,12.18,12.18,12.18,0.0,12.18,12.18,12.18,12.18,0.0,12.18,12.18,12.18,12.18,12.18,12.18,8.51
 APARELHO TELEFÔNICO,5.029999999999999,-1.1800000000000002,0.41999999999999993,1.6300000000000001,0.67,3.1799999999999997,-0.64,-1.4699999999999998,3.7300000000000004,-0.89,-1.1,0.91,-2.0,1.0299999999999998,-0.54,2.59,1.01
 SERVIÇOS DE STREAMING,0.0,0.0,0.0,0.0,0.0,0.0,0.0,0.0,0.0,0.0,0.0,0.0,0.0,0.0,0.0,0.0,0.0
" COMBO DE TELEFONIA, INTERNET E TV POR ASSINATURA",0.0,0.0,0.0,0.0,2.7,0.0,0.0,0.0,0.0,0.0,0.0,0.0,0.0,0.0,0.0,0.0,1.01
