Variacoes - OUTUBRO - DEZEMBRO,RJ,POA,BH,REC,SP,DF,BEL,FOR,SAL,CUR,GOI,VIT,CG,RB,SL,AJU,NACIONAL
 ÍNDICE GERAL,2.9,3.2800000000000002,3.56,2.78,3.02,2.49,3.17,3.09,2.54,3.27,3.48,3.29,3.29,3.8400000000000003,4.290000000000001,2.2,3.1
 ALIMENTAÇÃO E BEBIDAS,6.69,6.69,7.969999999999999,4.49,5.67,5.18,7.27,5.9399999999999995,3.63,5.9,7.29,7.1000000000000005,7.260000000000001,9.129999999999999,10.64,4.3,6.21
 ALIMENTAÇÃO NO DOMICÍLIO,8.37,9.01,10.11,5.53,7.55,7.26,8.86,7.25,4.51,7.799999999999999,9.18,9.030000000000001,8.690000000000001,11.23,12.370000000000001,5.449999999999999,8.02
" CEREAIS, LEGUMINOSAS E OLEAGINOSAS",19.17,20.92,20.26,12.350000000000001,19.759999999999998,16.35,22.090000000000003,18.15,14.47,17.32,9.24,21.84,19.84,21.42,23.839999999999996,6.130000000000001,18.46
 ARROZ,25.18,27.340000000000003,22.39,24.09,26.26,22.61,25.97,22.29,21.200000000000003,20.560000000000002,9.899999999999999,26.0,21.96,24.659999999999997,27.23,12.84,23.48
 FEIJÃO-MULATINHO,0.0,0.0,0.0,4.68,0.0,0.0,0.0,0.0,4.97,0.0,0.0,0.0,0.0,0.0,-8.969999999999999,0.0,2.3200000000000003
 FEIJÃO-PRETO,7.4,6.51,0.0,0.0,0.0,7.61,8.950000000000001,0.0,0.0,11.11,0.0,8.41,0.0,0.0,0.0,0.0,7.9
 FEIJÃO-MACÁÇAR (FRADINHO),0.0,0.0,0.0,7.369999999999999,0.0,0.0,0.0,6.660000000000001,0.0,0.0,0.0,0.0,0.0,0.0,0.0,0.0,6.76
 FEIJÃO-CARIOCA (RAJADO),0.0,0.0,13.28,-4.779999999999999,1.3699999999999999,1.5999999999999999,15.74,0.0,0.09999999999999948,0.0,6.73,0.0,6.6000000000000005,4.8100000000000005,7.0200000000000005,-4.9,4.05
 MILHO (EM GRÃO),0.0,6.64,0.0,0.0,0.0,3.5100000000000002,0.0,0.0,0.0,0.3400000000000001,0.0,0.0,0.0,0.0,0.0,0.0,3.0700000000000003
" FARINHAS, FÉCULAS E MASSAS",1.67,0.56,0.99,1.5799999999999998,4.589999999999999,4.51,-1.61,0.55,-0.09999999999999987,2.5500000000000003,0.7200000000000002,3.61,-0.9800000000000002,1.03,5.67,-0.2500000000000001,1.9600000000000002
 FARINHA DE ARROZ,0.0,0.0,0.0,3.59,0.0,0.0,0.0,0.0,0.0,0.0,0.0,0.0,0.0,0.0,0.0,0.0,3.59
 MACARRÃO,-0.7400000000000002,-2.5300000000000002,3.5,-0.5699999999999998,5.95,-0.31,5.74,0.2899999999999998,2.5600000000000005,0.8800000000000001,-1.34,2.83,-4.53,2.9400000000000004,1.53,-0.07000000000000006,1.9499999999999997
 FUBÁ DE MILHO,0.0,0.0,0.0,2.6399999999999997,0.0,0.0,0.0,1.96,0.0,0.0,0.0,0.0,0.0,0.0,1.0100000000000007,-1.69,1.67
 FLOCOS DE MILHO,0.0,0.0,0.0,-4.3999999999999995,0.0,6.079999999999999,0.0,0.0,0.0,0.0,0.0,0.0,0.0,0.0,-8.64,-0.34999999999999987,-2.29
 FARINHA DE TRIGO,0.0,3.8,-3.3,0.0,-1.75,0.0,0.0,0.0,-1.01,4.43,-1.0399999999999998,2.73,-3.79,0.0,0.0,0.0,0.6599999999999999
 FARINHA DE MANDIOCA,5.410000000000001,0.0,-4.46,8.85,1.6400000000000001,10.940000000000001,-3.76,-0.39,-1.53,0.0,0.7,9.5,0.0,-1.0,10.579999999999998,0.19000000000000006,0.6599999999999999
 MASSA SEMIPREPARADA,3.3200000000000003,0.8200000000000001,3.0300000000000002,0.0,6.91,1.15,3.03,2.86,-1.0,4.03,3.83,2.3,3.8300000000000005,0.0,0.0,0.0,3.8800000000000003
 MACARRÃO INSTANTÂNEO,1.0,0.0,0.0,0.0,3.7700000000000005,2.6100000000000003,0.0,0.0,0.0,-0.26000000000000023,0.0,4.08,2.46,7.52,0.0,0.0,2.41
" TUBÉRCULOS, RAÍZES E LEGUMES",32.8,24.049999999999997,33.76,9.23,19.78,23.380000000000003,18.43,9.39,8.28,17.79,31.809999999999995,31.39,25.77,6.289999999999999,29.24,4.62,21.39
 BATATA-DOCE,40.019999999999996,0.0,0.0,7.899999999999999,35.400000000000006,0.0,0.0,0.0,3.9400000000000013,0.0,44.44,0.0,0.0,32.6,0.0,0.0,26.42
 BATATA-INGLESA,69.07,42.58,69.86,46.95,49.19,54.910000000000004,53.94,30.31,39.59,57.07,67.1,78.71000000000001,84.07,9.510000000000002,30.71,49.29,53.95
 INHAME,0.0,0.0,0.0,0.0,0.0,0.0,0.0,0.0,0.0,0.0,0.0,34.75,0.0,0.0,0.0,-12.660000000000002,1.35
 MANDIOCA (AIPIM),0.0,0.0,39.81,-4.300000000000001,0.0,9.14,0.0,0.0,-12.9,0.0,0.0,0.0,-6.36,2.38,0.0,0.0,9.129999999999999
 ABOBRINHA,0.0,0.0,0.0,0.0,-0.3200000000000003,0.0,0.0,0.0,0.0,0.0,0.0,0.0,0.0,0.0,0.0,0.0,-0.3200000000000003
 PEPINO,0.0,0.0,0.0,0.0,0.0,0.0,0.0,0.0,0.0,-12.330000000000002,0.0,0.0,0.0,0.0,0.0,0.0,-12.340000000000002
 PIMENTÃO,0.0,0.0,0.0,0.0,16.41,21.550000000000004,0.0,0.0,0.0,0.0,0.0,0.0,0.0,0.0,0.0,0.0,16.950000000000003
 TOMATE,31.85,25.42,34.39,9.89,22.37,34.33,23.700000000000003,21.86,17.1,18.060000000000002,29.84,25.31,22.71,33.75,47.45,10.53,23.68
 CEBOLA,-7.119999999999999,-5.55,-3.9700000000000006,-12.86,-14.37,-12.97,-13.86,-20.52,-24.990000000000002,-37.27,-1.63,-9.7,-4.860000000000003,-30.18,1.88,-22.91,-13.86
 CENOURA,11.46,23.82,-5.270000000000001,5.279999999999999,14.140000000000002,-3.2,9.77,10.2,17.71,17.180000000000003,11.420000000000002,10.809999999999999,0.0,0.0,0.0,2.3200000000000003,9.77
 AÇÚCARES E DERIVADOS,4.23,2.87,4.1,6.82,3.08,4.81,4.38,6.9399999999999995,2.62,3.4600000000000004,8.040000000000001,5.35,6.7,3.3800000000000003,7.32,3.2800000000000002,3.94
 AÇÚCAR REFINADO,8.82,0.3900000000000001,0.0,11.18,10.95,6.13,6.609999999999999,10.09,-1.32,7.6499999999999995,0.0,0.0,0.0,1.45,5.3999999999999995,0.0,8.34
 AÇÚCAR CRISTAL,0.0,9.07,6.7,7.96,0.0,15.82,6.050000000000001,10.200000000000001,5.59,10.6,21.79,9.72,12.819999999999999,7.0600000000000005,19.91,4.58,9.34
 BALAS,0.0,0.9800000000000001,0.0,0.0,0.0,5.98,0.0,0.0,0.0,0.29999999999999993,2.9400000000000004,0.0,0.6,0.0,0.0,0.0,1.47
 CHOCOLATE EM BARRA E BOMBOM,-2.23,2.99,-0.20000000000000018,1.9399999999999995,-1.0999999999999999,1.32,-0.19000000000000028,1.0400000000000003,-0.17000000000000004,-1.69,2.3,1.2,0.20000000000000007,3.9800000000000004,-5.3,-0.6400000000000001,-0.43999999999999995
 SORVETE,3.98,4.46,4.46,1.9800000000000002,4.07,1.99,2.64,-0.61,3.11,9.030000000000001,-0.02000000000000013,0.94,4.8100000000000005,0.0,0.0,3.68,4.08
 CHOCOLATE E ACHOCOLATADO EM PÓ,3.1100000000000003,-2.17,3.34,5.260000000000001,3.869999999999999,3.3899999999999997,3.6500000000000004,5.220000000000001,0.020000000000000018,2.4899999999999998,-1.1300000000000001,4.42,6.550000000000001,-5.41,-2.93,1.99,2.68
 DOCE DE FRUTAS EM PASTA,0.0,0.0,0.0,14.96,0.0,0.0,0.0,0.0,0.0,0.0,0.0,0.0,0.0,0.0,0.0,0.0,14.96
 AÇÚCAR DEMERARA,0.0,0.0,0.0,0.0,0.0,0.0,0.0,0.0,0.0,0.0,0.0,0.0,0.0,0.0,0.0,3.47,3.47
 HORTALIÇAS E VERDURAS,5.52,2.209999999999999,5.27,20.09,8.05,7.16,2.9200000000000004,1.0299999999999994,11.17,12.879999999999999,12.66,11.129999999999999,10.99,7.87,14.279999999999998,12.86,7.7700000000000005
 ALFACE,3.8000000000000007,3.0500000000000007,5.65,24.340000000000003,7.179999999999999,15.02,5.9,-5.16,10.07,4.27,10.35,20.72,3.9499999999999993,5.59,9.709999999999999,19.73,6.88
 COENTRO,0.0,0.0,0.0,18.02,0.0,0.0,0.0,0.0,7.72,0.0,0.0,0.0,0.0,0.0,0.0,12.15,11.64
 COUVE,3.139999999999999,0.0,0.15999999999999998,0.0,0.9399999999999995,0.0,0.0,0.0,0.0,0.0,0.0,2.66,0.0,-0.55,0.0,3.7700000000000005,1.1100000000000003
 COUVE-FLOR,13.549999999999999,0.0,0.0,0.0,0.0,8.280000000000001,0.0,0.0,0.0,0.0,0.0,0.0,0.0,0.0,0.0,0.0,12.42
 REPOLHO,0.0,10.53,0.0,0.0,53.11,0.0,0.0,0.0,17.28,35.65,43.879999999999995,0.0,52.550000000000004,0.0,52.44,0.0,37.89
 CHEIRO-VERDE,5.58,-12.690000000000001,6.779999999999999,19.880000000000003,-7.419999999999999,1.38,1.3399999999999999,3.01,16.24,10.68,-1.6600000000000004,7.24,12.279999999999998,13.06,5.3100000000000005,0.0,1.21
 BRÓCOLIS,5.1,4.35,9.86,0.0,8.78,-5.249999999999999,7.42,0.0,0.0,14.7,0.0,0.9000000000000001,0.0,0.0,0.0,0.0,7.42
 FRUTAS,14.990000000000002,17.6,25.77,9.41,8.0,11.07,11.709999999999999,0.9100000000000004,0.52,13.18,9.54,11.819999999999999,19.87,19.03,16.939999999999998,4.1000000000000005,11.52
 BANANA-DA-TERRA,0.0,0.0,0.0,9.41,0.0,0.0,0.0,0.0,3.7099999999999995,0.0,0.0,-10.489999999999998,0.0,51.61,0.0,0.0,4.01
 ABACAXI,-8.881784197001252e-16,14.2,0.0,6.8100000000000005,0.0,0.0,7.6499999999999995,0.0,0.0,0.0,12.3,10.65,7.73,0.0,0.0,3.5399999999999996,7.639999999999999
 ABACATE,0.0,0.0,0.0,0.0,0.0,0.0,17.939999999999998,0.0,0.0,0.0,0.0,0.0,0.0,76.65,0.0,0.0,26.089999999999996
 BANANA-D'ÁGUA,36.75,26.599999999999998,32.33,0.0,21.15,30.36,0.0,0.0,0.0,37.61,0.0,0.0,29.630000000000003,0.0,26.53,0.0,26.54
 BANANA-MAÇÃ,0.0,0.0,0.0,0.0,0.0,0.0,0.0,0.0,0.0,0.0,15.78,0.0,26.25,0.0,0.0,0.0,17.94
 BANANA-PRATA,34.11,19.72,50.18,1.92,15.34,30.479999999999997,20.919999999999998,-7.699999999999999,1.9400000000000002,37.769999999999996,28.65,30.790000000000003,0.0,13.190000000000001,19.15,2.55,20.919999999999998
 LARANJA-BAÍA,0.0,45.989999999999995,0.0,0.0,0.0,0.0,0.0,0.0,0.0,0.0,0.0,0.0,0.0,0.0,0.0,0.0,45.989999999999995
 LARANJA-LIMA,0.0,0.0,54.83,0.0,0.0,0.0,0.0,0.0,0.0,0.0,0.0,0.0,0.0,0.0,0.0,0.0,54.83
 LIMÃO,-30.840000000000003,0.0,0.0,0.0,-53.38,-36.669999999999995,0.0,0.0,0.0,0.0,-52.65,-63.78000000000001,0.0,-32.5,0.0,0.0,-49.580000000000005
 MAÇÃ,15.75,28.55,27.72,15.17,19.83,22.22,21.02,13.879999999999999,12.07,18.16,13.86,22.72,24.689999999999998,28.85,34.870000000000005,11.040000000000001,20.41
 MAMÃO,24.419999999999998,12.43,31.310000000000002,7.759999999999999,25.17,28.09,0.0,-2.29,6.85,31.16,22.419999999999998,56.73,45.71,3.8299999999999996,0.0,11.29,21.82
 MANGA,-13.610000000000001,-6.8999999999999995,-32.540000000000006,0.0,-28.34,-22.79,0.0,-37.46,-51.190000000000005,-32.629999999999995,0.0,-27.490000000000002,0.0,0.0,0.0,-14.41,-28.78
 MARACUJÁ,0.0,0.0,0.0,0.0,0.0,0.0,0.0,14.160000000000004,5.690000000000001,0.0,0.0,0.0,0.0,0.0,0.0,8.719999999999999,8.629999999999999
 MELANCIA,0.0,0.0,4.800000000000001,-4.21,0.0,-1.3100000000000005,-3.2700000000000005,0.0,-4.120000000000001,-14.65,4.670000000000002,0.0,-4.289999999999999,-1.34,2.9899999999999993,0.0,-3.2800000000000002
 MELÃO,-9.28,0.0,0.0,0.8100000000000009,0.0,-4.340000000000001,-7.140000000000001,0.0,0.0,-15.64,0.0,0.0,0.0,0.0,14.129999999999999,0.0,-7.140000000000001
 PERA,0.0,0.0,0.0,0.0,-0.5199999999999996,0.0,0.0,0.0,0.0,0.0,6.7299999999999995,6.28,0.0,0.0,0.0,0.0,0.4499999999999993
 TANGERINA,0.0,0.0,0.0,0.0,8.0,0.0,0.0,0.0,0.0,13.18,0.0,0.0,0.0,0.0,0.0,0.0,9.2
 UVA,4.0200000000000005,11.620000000000001,10.030000000000001,28.509999999999998,9.93,9.780000000000001,6.03,7.780000000000001,5.3,9.34,9.77,4.970000000000001,-0.79,12.7,9.75,7.05,9.74
 LARANJA-PERA,23.75,0.0,10.41,13.67,23.71,0.7100000000000009,3.000000000000001,-0.3200000000000005,5.79,7.42,7.120000000000001,19.89,16.92,4.910000000000001,5.93,-7.62,14.88
 MORANGO,0.0,-3.06,0.0,0.0,0.0,0.0,0.0,0.0,0.0,0.0,0.0,0.0,0.0,0.0,0.0,0.0,-3.06
 GOIABA,0.0,0.0,0.0,0.0,0.0,0.0,8.32,16.32,0.0,0.0,0.0,0.0,0.0,0.0,0.0,7.260000000000002,12.079999999999998
 CARNES,15.729999999999999,15.31,14.82,10.02,15.600000000000001,14.58,13.920000000000002,11.36,6.16,17.91,14.479999999999999,14.64,11.450000000000001,17.7,20.01,10.620000000000001,14.370000000000001
 FÍGADO,0.0,0.0,0.0,2.0199999999999996,0.0,0.0,1.19,1.2300000000000002,0.9300000000000002,0.0,0.0,0.0,0.0,0.0,4.83,0.0,1.54
 CARNE DE PORCO,18.130000000000003,21.43,11.310000000000002,12.129999999999999,13.77,16.89,14.34,9.77,9.18,17.39,13.09,13.100000000000001,12.76,15.21,29.4,10.76,14.35
 CARNE DE CARNEIRO,0.0,0.0,0.0,0.0,0.0,0.0,0.0,11.36,0.0,0.0,0.0,0.0,0.0,0.0,0.0,0.0,11.36
 CUPIM,0.0,0.0,0.0,13.59,0.0,0.0,0.0,0.0,0.0,0.0,17.89,0.0,0.0,0.0,0.0,0.0,15.67
 CONTRAFILÉ,18.240000000000002,15.849999999999998,18.990000000000002,15.33,16.25,16.46,16.57,13.94,2.92,25.54,14.709999999999999,17.669999999999998,9.33,16.04,26.75,7.1899999999999995,16.57
 FILÉ-MIGNON,15.53,0.0,0.0,0.0,0.0,0.0,16.41,0.0,0.0,17.5,0.0,0.0,0.0,19.75,0.0,0.0,16.41
 CHÃ DE DENTRO,14.94,18.64,16.78,11.870000000000001,15.7,14.879999999999999,14.169999999999998,12.139999999999999,7.43,14.53,13.18,12.0,12.850000000000001,14.86,19.91,8.03,14.169999999999998
 ALCATRA,18.11,19.65,15.370000000000001,11.65,17.8,11.67,15.129999999999999,9.89,6.15,15.389999999999999,16.400000000000002,10.7,4.15,21.29,18.099999999999998,12.31,15.129999999999999
 PATINHO,22.610000000000003,0.0,18.17,14.459999999999999,14.799999999999999,0.0,15.18,11.83,0.0,14.1,12.16,18.88,8.85,17.15,12.95,8.09,15.18
 LAGARTO REDONDO,0.0,0.0,0.0,0.0,0.0,0.0,13.920000000000002,0.0,0.0,0.0,0.0,0.0,0.0,0.0,0.0,0.0,13.920000000000002
 LAGARTO COMUM,0.0,14.21,0.0,0.0,21.82,0.0,0.0,0.0,11.73,0.0,14.92,0.0,11.43,18.36,0.0,0.0,17.37
 MÚSCULO,17.62,12.829999999999998,15.419999999999998,12.31,16.31,0.0,14.92,0.0,11.620000000000001,16.9,13.200000000000001,0.0,13.389999999999999,27.82,16.78,16.77,14.92
 PÁ,0.0,10.420000000000002,13.27,6.640000000000001,13.98,0.0,13.100000000000001,0.0,0.0,0.0,0.0,15.12,17.99,22.11,20.759999999999998,12.93,13.09
 ACÉM,5.37,12.450000000000001,14.620000000000001,8.93,12.14,13.45,11.9,6.5,11.249999999999998,19.62,14.809999999999999,13.27,5.3,16.23,18.779999999999998,8.15,11.9
 PEITO,0.0,0.0,0.0,0.0,0.0,0.0,19.34,0.0,0.0,0.0,0.0,0.0,10.399999999999999,15.76,25.310000000000002,15.44,18.25
 CAPA DE FILÉ,0.0,0.0,0.0,0.0,0.0,0.0,7.79,0.0,1.7899999999999996,7.669999999999999,0.0,22.36,12.770000000000001,17.7,0.0,0.0,8.03
 COSTELA,13.950000000000001,12.6,15.450000000000001,5.43,18.54,7.16,13.07,11.329999999999998,2.77,20.46,15.129999999999999,17.14,14.75,15.629999999999999,13.139999999999999,10.92,13.07
 PICANHA,0.0,20.099999999999998,19.07,0.0,0.0,19.38,0.0,18.93,0.0,0.0,0.0,0.0,0.0,0.0,0.0,0.0,19.27
 PESCADOS,4.119999999999999,1.3800000000000001,7.779999999999999,3.21,4.52,1.47,-0.41,2.04,0.8999999999999999,-0.6099999999999999,4.04,5.16,1.84,4.9799999999999995,-0.32000000000000006,2.49,2.1
 PEIXE-ANCHOVA,0.0,0.0,0.0,3.21,0.0,0.0,0.0,0.0,0.0,0.0,0.0,0.0,0.0,0.0,0.0,0.0,3.21
 PEIXE-CORVINA,6.469999999999999,0.0,0.0,4.3100000000000005,0.0,0.0,0.0,0.0,1.0899999999999999,0.0,0.0,0.0,0.0,0.0,-2.21,-0.26000000000000023,3.06
 PEIXE-TAINHA,0.0,0.0,0.0,0.0,0.0,0.0,0.0,0.0,0.0,0.0,0.0,0.0,0.0,0.0,-0.32000000000000006,0.0,-0.32000000000000006
 PEIXE-SARDINHA,0.0,3.49,0.0,3.21,0.0,0.0,0.0,0.0,1.6500000000000001,0.0,0.0,0.0,0.0,0.0,0.0,0.0,2.67
 CAMARÃO,2.09,0.48999999999999994,0.0,2.0599999999999996,0.0,-2.22,-0.35,1.52,0.25,-5.199999999999999,5.25,4.82,0.0,0.0,-1.4099999999999997,2.6000000000000005,0.42999999999999994
 PEIXE-CAVALA,0.0,0.0,0.0,0.0,0.0,0.0,0.0,2.8200000000000003,0.0,0.0,0.0,0.0,0.0,0.0,0.0,0.0,2.8200000000000003
 PEIXE-CAÇÃO,0.0,0.0,0.0,0.0,0.91,0.0,0.0,0.0,0.0,0.0,0.0,0.0,0.0,0.0,0.0,0.0,0.91
 PEIXE-MERLUZA,0.0,0.0,-1.5499999999999998,-0.04000000000000048,4.43,0.0,0.0,0.0,2.0,0.0,10.07,0.0,0.0,0.0,0.0,0.0,3.59
 PEIXE-SERRA,0.0,0.0,0.0,0.0,0.0,0.0,0.0,-4.74,0.0,0.0,0.0,0.0,0.0,0.0,0.0,0.0,-4.74
 PEIXE-PESCADA,0.0,0.0,0.0,0.0,6.140000000000001,0.0,-2.02,0.0,0.0,0.0,0.0,0.0,0.0,0.0,-2.36,5.71,-0.09000000000000002
 CARANGUEJO,0.0,0.0,0.0,0.0,0.0,0.0,0.0,0.0,0.0,0.0,0.0,0.0,0.0,0.0,0.0,0.0,0.0
 PEIXE-CASTANHA,0.0,0.0,0.0,3.96,0.0,0.0,0.0,0.0,0.0,0.0,0.0,0.0,0.0,0.0,0.0,0.0,3.96
 PEIXE-PALOMBETA,0.0,0.0,0.0,0.0,0.0,0.0,0.0,0.9199999999999999,0.0,0.0,0.0,0.0,0.0,0.0,0.0,0.0,0.9199999999999999
 PEIXE-CURIMATÃ,0.0,0.0,0.0,0.0,0.0,0.0,0.0,0.0,0.0,0.0,0.0,0.0,0.0,4.9799999999999995,0.0,0.0,4.9799999999999995
 PEIXE-SALMÃO,4.119999999999999,0.0,0.0,0.0,1.04,1.47,0.0,2.04,-4.59,0.0,0.0,0.0,0.0,0.0,0.0,0.0,1.0699999999999998
 PEIXE-TILÁPIA,0.0,0.8600000000000001,10.35,4.75,7.84,2.8099999999999996,0.0,3.04,4.93,0.29999999999999993,-2.17,6.33,-0.07000000000000028,0.0,0.0,2.9,4.73
 PEIXE-TAMBAQUI,0.0,0.0,0.0,0.0,0.0,1.47,3.66,0.0,0.0,0.0,1.9499999999999997,0.0,3.86,4.9799999999999995,2.1,0.0,2.85
 PEIXE-DOURADA,0.0,0.0,0.0,0.0,0.0,0.0,-0.98,0.0,0.0,0.0,0.0,0.0,0.0,0.0,0.0,0.0,-0.98
 PEIXE-FILHOTE,0.0,0.0,0.0,0.0,0.0,1.47,-0.41,0.0,0.0,0.0,0.0,0.0,0.0,0.0,0.0,0.0,-0.07
 PEIXE-PEROÁ,0.0,0.0,0.0,0.0,0.0,0.0,0.0,0.0,0.0,0.0,0.0,4.58,0.0,0.0,0.0,0.0,4.58
 PEIXE-PINTADO,0.0,0.0,0.0,0.0,0.0,0.0,0.0,0.0,0.0,0.0,0.0,0.0,5.08,0.0,0.0,0.0,5.08
 PEIXE-ARUANÃ,0.0,0.0,0.0,0.0,0.0,0.0,0.0,0.0,0.0,0.0,4.04,0.0,0.0,0.0,0.0,0.0,4.04
 CARNES E PEIXES INDUSTRIALIZADOS,2.28,10.989999999999998,6.26,1.0599999999999998,6.1,2.83,1.3399999999999999,6.330000000000001,3.8899999999999997,9.51,6.38,3.26,6.48,11.57,9.67,4.7700000000000005,5.62
 PRESUNTO,4.72,11.649999999999999,8.6,0.0,7.9799999999999995,-0.2899999999999996,0.0,-0.2200000000000002,4.460000000000001,10.52,2.49,4.119999999999999,0.8200000000000001,5.96,0.0,5.749999999999999,7.36
 SALSICHA,0.0,7.67,0.0,2.04,1.6800000000000002,0.0,0.0,0.0,0.0,6.029999999999999,0.0,0.0,0.0,11.74,0.0,0.0,3.84
 LINGUIÇA,2.9499999999999997,11.19,6.5600000000000005,3.13,7.1,4.28,5.42,10.0,6.71,10.530000000000001,8.65,1.9399999999999997,8.33,12.64,10.39,13.2,7.23
 MORTADELA,2.73,0.0,4.359999999999999,-0.05999999999999983,1.75,0.0,0.0,-1.85,0.0,7.27,3.32,0.0,5.03,0.0,0.0,0.0,2.7900000000000005
 SALAME,0.0,13.25,0.0,0.0,0.0,0.0,0.0,0.0,0.0,0.0,0.0,0.0,0.0,0.0,0.0,0.0,13.25
 BACALHAU,-3.8200000000000003,0.0,0.0,0.0,0.0,0.0,0.0,0.0,0.0,0.0,0.0,0.0,0.0,0.0,9.67,0.0,-2.1
 CARNE-SECA E DE SOL,2.82,0.0,0.0,0.47999999999999976,0.0,3.38,-0.5899999999999999,6.609999999999999,2.64,0.0,0.0,8.11,0.0,0.0,8.54,0.6100000000000003,1.7000000000000002
 CARNE DE PORCO SALGADA E DEFUMADA,0.0,0.0,2.6499999999999995,0.0,0.0,0.0,0.0,0.0,0.0,0.0,0.7600000000000002,6.68,0.0,0.0,0.0,0.0,2.93
 AVES E OVOS,10.32,4.869999999999999,7.04,6.210000000000001,3.8499999999999996,6.609999999999999,8.49,6.300000000000001,5.63,8.350000000000001,6.82,11.04,4.02,16.77,8.02,4.3,6.470000000000001
 FRANGO INTEIRO,9.89,15.44,12.690000000000001,9.2,11.73,10.379999999999999,10.33,9.309999999999999,8.57,7.390000000000001,9.42,9.93,10.41,20.68,10.34,7.84,10.33
 FRANGO EM PEDAÇOS,10.91,4.1899999999999995,5.5,2.31,2.64,4.99,6.56,3.45,4.75,9.26,6.05,11.15,2.01,12.299999999999999,1.9899999999999998,1.02,5.35
 OVO DE GALINHA,8.48,1.42,3.65,5.8500000000000005,1.75,3.5100000000000007,4.040000000000001,0.8800000000000003,1.18,6.62,4.210000000000001,12.790000000000001,3.860000000000001,7.51,1.6,4.56,3.4899999999999998
 LEITES E DERIVADOS,1.02,2.5300000000000002,-1.86,1.24,0.49,-3.3,1.3899999999999997,4.05,4.43,-0.06000000000000005,1.3399999999999999,2.51,-1.6099999999999999,3.12,-0.20999999999999966,0.5400000000000003,0.81
 LEITE LONGA VIDA,-2.74,-2.13,-6.85,3.4299999999999997,-1.2000000000000002,-6.029999999999999,-4.14,2.17,0.7800000000000002,-4.029999999999999,-7.3500000000000005,-1.3900000000000001,-3.55,0.3999999999999999,-5.41,-3.33,-2.6100000000000003
 LEITE CONDENSADO,4.390000000000001,5.800000000000001,0.0,0.0,0.0,0.0,3.3200000000000003,0.0,0.0,0.0,0.0,0.0,0.0,10.46,0.0,0.0,4.81
 LEITE EM PÓ,9.120000000000001,0.0,6.87,3.74,6.6,0.0,3.0799999999999996,8.42,7.6499999999999995,4.67,4.61,6.619999999999999,6.51,5.869999999999999,1.1400000000000001,-1.2000000000000002,5.66
 QUEIJO,2.2800000000000002,9.17,1.9299999999999997,-1.3,1.92,-1.3,-0.20999999999999996,2.5100000000000002,5.24,4.1899999999999995,13.46,6.2299999999999995,-1.17,8.58,2.1799999999999997,3.71,3.09
 IOGURTE E BEBIDAS LÁCTEAS,0.79,4.95,4.17,-0.36000000000000004,0.07999999999999996,-2.54,-0.51,0.41000000000000014,3.8400000000000003,1.53,1.67,2.3200000000000003,2.19,-0.97,2.79,5.9399999999999995,1.58
 REQUEIJÃO,3.87,0.0,6.07,0.0,3.26,0.0,0.0,0.0,0.0,0.0,0.0,0.0,0.0,0.0,0.0,0.0,3.87
 MANTEIGA,0.2300000000000002,0.0,4.6,4.8500000000000005,0.0,0.6700000000000002,5.33,1.43,4.83,0.0,3.9499999999999997,10.719999999999999,0.0,-0.71,0.0,5.1899999999999995,3.69
 LEITE FERMENTADO,0.0,0.0,0.0,0.0,0.0,0.0,0.0,0.0,0.0,2.4299999999999997,0.0,0.0,0.0,0.0,0.0,0.0,2.4299999999999997
 PANIFICADOS,1.2200000000000002,4.63,2.39,2.19,1.6799999999999997,1.72,3.85,4.46,-0.06000000000000005,-1.38,2.1,2.1799999999999997,1.9300000000000002,0.06999999999999984,0.23999999999999985,1.9200000000000004,1.8299999999999998
 BISCOITO,-2.27,-1.3599999999999999,4.17,0.9800000000000004,2.0300000000000002,2.61,3.61,-1.1400000000000001,0.31999999999999984,-3.03,3.6,-1.4500000000000002,3.16,4.99,-1.4999999999999996,-2.1399999999999997,0.81
 PÃO FRANCÊS,2.71,10.4,3.05,2.9,1.71,0.18999999999999995,4.4,6.8100000000000005,0.3600000000000001,-1.44,2.07,5.25,1.8399999999999999,-1.4900000000000002,1.07,3.9099999999999997,2.76
 PÃO DOCE,2.57,4.919999999999999,-1.7400000000000002,0.0,3.04,0.0,0.0,0.0,-7.13,2.36,0.0,-3.0300000000000002,-0.44999999999999996,0.0,0.0,0.0,1.56
 PÃO DE FORMA,5.14,-0.32999999999999985,3.49,0.0,2.94,0.48,0.0,0.0,0.0,1.8600000000000003,0.0,1.3000000000000003,0.0,0.0,0.0,0.0,2.4899999999999993
 BOLO,0.2799999999999998,0.8500000000000001,-2.2199999999999998,2.1599999999999997,-1.37,6.699999999999999,-0.1399999999999999,7.7,0.029999999999999805,-2.2300000000000004,0.8500000000000001,1.76,0.9399999999999997,1.06,0.42000000000000004,3.0,-0.1399999999999999
 PÃO DE QUEIJO,0.0,0.0,-0.9200000000000004,0.0,0.0,2.89,0.0,0.0,0.0,0.0,0.5100000000000001,0.0,0.0,0.0,0.0,0.0,0.04999999999999982
 ÓLEOS E GORDURAS,11.940000000000001,24.34,28.32,16.17,25.020000000000003,23.81,28.98,22.439999999999998,19.02,19.86,23.59,19.86,21.68,24.380000000000003,19.349999999999998,17.04,22.409999999999997
 ÓLEO DE SOJA,18.6,30.06,33.44,23.119999999999997,38.120000000000005,32.19,45.4,34.28,28.86,28.46,27.639999999999997,24.73,31.87,28.1,25.15,26.07,31.67
 AZEITE DE OLIVA,2.9799999999999995,0.0,0.0,0.0,8.07,6.359999999999999,7.13,0.0,4.1899999999999995,5.15,0.0,5.25,7.029999999999999,2.38,0.0,0.0,6.17
 MARGARINA,8.01,6.96,6.19,3.9000000000000004,6.699999999999999,0.0,7.29,2.56,5.4399999999999995,3.7800000000000002,2.6399999999999997,0.0,3.02,0.0,1.61,0.6300000000000001,5.720000000000001
 BEBIDAS E INFUSÕES,1.5,2.4299999999999997,3.4000000000000004,0.95,1.1700000000000002,2.35,7.140000000000001,1.79,0.98,0.7000000000000001,3.92,2.42,0.53,3.54,5.66,5.85,2.2
 SUCO DE FRUTAS,0.9400000000000002,0.11999999999999988,-1.7,0.1100000000000001,-0.5299999999999998,0.8599999999999999,0.0,1.44,0.0,-0.3999999999999999,1.99,1.6099999999999999,-3.8299999999999996,0.0,0.0,0.0,-0.09000000000000004
 POLPA DE FRUTA (CONGELADA),0.0,0.0,0.0,0.0,0.0,0.0,0.19,1.02,-1.3399999999999999,0.0,0.0,0.0,0.0,3.2800000000000002,4.11,0.0,0.19
 AÇAÍ (EMULSÃO),0.0,0.0,0.0,0.0,0.0,0.0,12.83,0.0,0.0,0.0,0.0,0.0,0.0,17.39,14.78,0.0,12.97
 CAFÉ MOÍDO,2.64,1.5700000000000003,8.620000000000001,2.4200000000000004,3.5,3.2,3.26,2.09,1.1900000000000002,3.51,-1.45,4.29,2.5700000000000003,2.45,3.7600000000000002,7.18,3.46
 CAFÉ SOLÚVEL,0.0,0.23999999999999988,0.0,0.0,0.0,0.0,0.0,0.0,0.0,0.0,0.0,0.0,0.0,0.0,0.0,0.0,0.23999999999999988
 REFRIGERANTE E ÁGUA MINERAL,1.56,1.26,0.56,0.25,-1.6,0.010000000000000009,-0.71,2.3000000000000003,0.62,-0.19000000000000017,3.19,2.13,-2.45,-0.48,2.8800000000000003,2.55,0.04999999999999999
 CERVEJA,0.3899999999999999,7.43,3.64,2.5799999999999996,4.15,4.640000000000001,-1.33,-1.04,2.1599999999999997,1.0299999999999998,7.54,1.53,2.38,0.0,7.609999999999999,9.77,3.5599999999999996
 OUTRAS BEBIDAS ALCOÓLICAS,0.0,0.0,0.0,0.0,0.0,0.0,7.140000000000001,0.0,0.0,-1.7999999999999998,0.0,0.0,0.0,0.0,0.0,0.0,4.77
 VINHO,2.6799999999999997,5.96,0.0,0.0,2.0,0.0,0.0,0.0,0.0,-1.01,0.0,0.0,0.0,0.0,0.0,0.0,2.6499999999999995
 SUCO EM PÓ,0.0,-3.5,1.61,0.0,-1.19,0.0,0.0,0.0,0.0,0.2699999999999999,0.0,0.0,-0.5,7.17,0.0,0.0,-0.8200000000000001
 CHÁ MATE (ERVA MATE),0.0,-2.72,0.0,0.0,0.0,0.0,0.0,0.0,0.0,1.5499999999999998,0.0,0.0,2.26,0.0,0.0,0.0,-1.41
 ENLATADOS E CONSERVAS,6.180000000000001,6.999999999999999,3.8099999999999996,5.05,6.43,6.2,5.460000000000001,5.91,5.23,7.68,5.17,5.35,2.25,6.07,8.1,6.199999999999999,6.109999999999999
 ALIMENTO INFANTIL,0.0,0.0,0.0,0.0,0.0,0.0,0.9300000000000002,0.0,0.0,0.0,0.0,0.0,0.0,0.0,0.0,0.0,0.9300000000000002
 PALMITO EM CONSERVA,0.0,0.0,4.71,0.0,5.160000000000001,5.5200000000000005,0.0,0.0,0.0,5.71,9.950000000000001,0.0,0.0,0.0,0.0,0.0,5.5200000000000005
 PEPINO EM CONSERVA,0.0,2.1900000000000004,0.0,0.0,0.0,0.0,0.0,0.0,0.0,0.0,0.0,0.0,0.0,0.0,0.0,0.0,2.1900000000000004
 SARDINHA EM CONSERVA,6.720000000000001,14.51,6.8,6.529999999999999,10.46,8.08,6.06,7.28,7.83,11.649999999999999,0.0,4.92,8.01,9.2,8.09,6.98,8.95
 SALSICHA EM CONSERVA,0.0,0.0,0.0,0.0,0.0,0.0,14.3,0.0,0.0,0.0,0.0,0.0,0.0,0.0,0.0,0.0,14.3
 SOPA DESIDRATADA,0.0,0.0,0.0,0.0,0.0,0.0,0.0,0.0,0.0,5.58,0.0,0.0,4.9799999999999995,0.0,0.0,0.0,5.48
 AZEITONA,4.67,6.800000000000001,1.86,2.41,1.58,4.59,0.0,5.22,2.61,6.6,3.1099999999999994,5.52,-0.66,3.67,0.0,0.0,3.35
 MILHO-VERDE EM CONSERVA,5.74,4.180000000000001,3.0,4.18,8.040000000000001,0.0,3.1099999999999994,3.2,2.34,9.22,2.8699999999999997,5.76,0.1200000000000001,3.4799999999999995,8.22,4.6,5.25
 ATUM EM CONSERVA,8.13,6.859999999999999,0.0,1.7800000000000002,8.5,5.79,0.0,0.0,6.069999999999999,5.36,0.0,0.0,0.0,0.0,0.0,0.0,7.27
 SAL E CONDIMENTOS,-0.77,0.81,-0.37,-0.5299999999999998,1.2200000000000002,2.6399999999999997,0.73,-0.99,-6.72,-1.56,-3.8200000000000003,-5.0600000000000005,-1.6700000000000002,-3.6900000000000004,1.4900000000000002,1.33,-0.47
 LEITE DE COCO,0.0,0.0,0.0,0.0,0.0,0.0,0.0,0.0,-5.2299999999999995,0.0,0.0,0.0,0.0,0.0,0.0,0.0,-5.2299999999999995
 ATOMATADO,0.020000000000000018,1.22,3.21,1.42,1.2999999999999998,4.359999999999999,0.6100000000000001,4.67,-1.0,0.25,0.71,2.9499999999999997,-0.06999999999999984,0.44000000000000017,2.8699999999999997,2.44,1.1600000000000001
 ALHO,-1.6500000000000004,0.0,-4.82,-6.579999999999998,-0.9899999999999999,2.9899999999999998,-4.43,-4.069999999999999,-16.07,-7.460000000000001,-8.61,-10.64,-4.88,-6.38,1.0,-0.6699999999999999,-4.43
 SAL,-0.07999999999999985,0.0,0.0,0.0,0.0,0.0,0.0,0.0,0.0,0.0,0.0,0.0,-0.6,-2.08,1.61,0.22000000000000008,2.220446049250313e-16
 COLORAU,0.0,0.0,0.0,0.0,0.0,0.0,0.0,2.34,0.0,0.0,0.0,0.0,0.0,0.0,0.0,0.0,2.34
 CALDO DE TUCUPI,0.0,0.0,0.0,0.0,0.0,0.0,1.77,0.0,0.0,0.0,0.0,0.0,0.0,0.0,0.0,0.0,1.77
 FERMENTO,0.0,2.1700000000000004,0.0,0.0,0.0,0.0,0.0,0.0,0.0,2.9299999999999997,0.0,0.0,0.0,0.0,0.0,0.0,2.5700000000000003
 MAIONESE,1.4000000000000004,-1.8000000000000003,-0.8500000000000001,3.3600000000000003,1.4799999999999998,0.5100000000000001,5.720000000000001,1.09,0.0,2.55,0.0,-0.24999999999999978,3.73,-0.18000000000000005,0.0,0.0,0.9600000000000001
 VINAGRE,0.0,5.21,0.0,0.43999999999999995,2.47,4.9399999999999995,4.359999999999999,0.0,0.8500000000000002,0.0,0.0,0.0,0.0,0.0,-2.8,4.6899999999999995,2.7800000000000002
 CALDO CONCENTRADO,0.0,-0.8299999999999998,0.0,2.84,0.0,0.0,0.0,-0.26,3.9699999999999998,0.0,2.74,2.5999999999999996,0.0,0.0,0.0,0.0,1.26
 TEMPERO MISTO,0.0,1.65,3.1999999999999997,2.2099999999999995,3.8900000000000006,-1.6199999999999999,3.3600000000000003,0.77,3.34,-2.5100000000000002,-3.33,1.12,1.11,-0.9099999999999999,4.76,0.55,2.1500000000000004
 ALIMENTAÇÃO FORA DO DOMICÍLIO,2.5700000000000003,0.85,2.4,1.78,1.7000000000000002,2.03,1.0899999999999999,2.0300000000000002,1.25,1.0,1.9,1.1800000000000002,2.92,2.53,0.74,1.5,1.6999999999999997
 ALIMENTAÇÃO FORA DO DOMICÍLIO,2.5700000000000003,0.85,2.4,1.78,1.7000000000000002,2.03,1.0899999999999999,2.0300000000000002,1.25,1.0,1.9,1.1800000000000002,2.92,2.53,0.74,1.5,1.6999999999999997
 REFEIÇÃO,1.96,0.68,2.93,2.38,1.9500000000000002,1.6,0.84,2.1799999999999997,2.74,0.68,2.91,1.21,2.08,2.1500000000000004,1.34,1.3900000000000001,1.8499999999999999
 LANCHE,4.08,1.1199999999999997,1.59,0.71,1.25,3.86,1.67,1.47,-1.8599999999999999,0.73,0.8,0.45999999999999996,4.390000000000001,3.7399999999999998,-1.19,1.5500000000000003,1.4
 REFRIGERANTE E ÁGUA MINERAL,3.8200000000000003,-0.35000000000000003,2.56,-1.3999999999999997,-0.5599999999999996,-3.11,-0.9899999999999998,2.72,1.51,4.41,0.29000000000000004,4.94,2.29,-0.6499999999999999,-0.98,1.5999999999999999,0.6600000000000001
 CAFEZINHO,0.0,1.7599999999999998,0.0,0.0,2.9300000000000006,0.0,0.0,0.0,0.0,0.0,0.0,0.0,0.0,0.0,0.0,0.0,2.6300000000000003
 CERVEJA,2.4499999999999997,3.04,0.9,0.5399999999999999,2.38,-1.29,1.8600000000000003,1.93,0.55,4.48,1.4,1.87,1.6899999999999995,1.7199999999999998,3.5300000000000002,0.050000000000000266,1.87
 OUTRAS BEBIDAS ALCOÓLICAS,0.0,0.0,0.0,6.32,0.0,0.0,0.0,0.0,0.0,0.0,0.0,3.9299999999999997,6.74,0.0,6.42,0.0,5.859999999999999
 VINHO,2.34,0.0,0.0,0.0,0.0,0.0,0.0,0.0,0.0,0.0,0.0,0.0,0.0,0.0,0.0,0.0,2.34
 DOCES,0.0,0.0,0.0,0.0,0.0,0.0,0.0,0.0,0.0,0.0,1.9,0.0,0.0,0.0,0.0,1.5,1.83
 SORVETE,0.0,0.0,0.0,0.0,0.7000000000000001,0.0,0.0,5.359999999999999,2.55,2.38,0.89,0.0,5.17,2.87,0.0,7.109999999999999,1.78
 HABITAÇÃO,3.17,5.97,4.23,4.15,2.95,1.9200000000000002,3.49,3.7,3.46,4.57,5.19,5.5200000000000005,3.0700000000000003,6.92,2.04,3.0399999999999996,3.6799999999999997
 ENCARGOS E MANUTENÇÃO,0.56,2.27,2.3000000000000003,0.48,1.15,-0.27,0.77,0.8400000000000001,0.52,0.98,1.71,2.38,0.4200000000000001,2.42,1.72,0.45,1.15
 ALUGUEL E TAXAS,-5.551115123125783e-17,2.05,2.21,0.30000000000000004,0.9199999999999999,-0.42000000000000004,-0.36,0.22,0.13,0.44000000000000006,1.52,2.27,0.43000000000000005,0.77,-0.22999999999999998,-0.16999999999999998,0.8200000000000001
 ALUGUEL RESIDENCIAL,-0.07999999999999996,0.8600000000000001,1.5499999999999998,0.26,1.3,-1.2000000000000002,-1.1400000000000001,0.41000000000000003,1.1400000000000001,1.48,1.95,3.57,0.7399999999999998,1.11,-0.4,-0.18999999999999995,0.94
 CONDOMÍNIO,0.1100000000000001,3.04,2.41,0.63,0.8600000000000001,0.45000000000000007,0.5,-0.05,-1.14,-0.9399999999999998,3.1300000000000003,-0.33,0.8,-0.12999999999999998,-0.54,-0.31,0.71
 TAXA DE ÁGUA E ESGOTO,0.0,2.89,3.32,0.0,0.0,0.0,0.0,0.0,0.0,0.0,0.0,2.66,0.0,0.0,0.0,0.0,0.71
 MUDANÇA,0.0,0.0,0.0,0.0,0.0,0.0,0.0,0.0,0.0,0.0,0.0,0.0,2.39,0.0,0.0,0.0,2.39
 REPAROS,2.59,3.27,3.26,1.73,2.11,0.21999999999999997,3.3600000000000003,3.8,3.6500000000000004,3.27,3.08,2.83,1.52,4.209999999999999,4.87,2.65,2.68
 FERRAGENS,0.0,0.0,0.0,0.0,0.0,0.0,6.0,0.0,0.0,0.0,7.8500000000000005,0.0,0.0,2.29,0.0,0.0,6.34
 MATERIAL DE ELETRICIDADE,0.0,0.0,0.0,0.0,0.0,3.5799999999999996,0.0,0.0,0.0,5.54,0.0,0.0,0.0,0.0,5.33,0.0,4.640000000000001
 VIDRO,0.0,0.0,0.0,0.0,0.0,3.4400000000000004,0.0,0.0,0.0,0.0,0.0,0.0,0.0,0.0,0.0,0.0,3.4400000000000004
 TINTA,1.69,3.5300000000000002,2.18,0.98,1.32,-3.0500000000000003,0.41999999999999993,3.8900000000000006,5.9,4.49,2.3499999999999996,-0.9699999999999998,3.72,1.98,-0.45000000000000007,-0.8800000000000001,2.11
 REVESTIMENTO DE PISO E PAREDE,10.86,8.81,15.23,6.1899999999999995,7.6,0.0,5.28,10.17,11.95,4.529999999999999,4.36,7.86,0.0,10.82,15.879999999999999,8.469999999999999,8.33
 MADEIRA E TACO,0.0,8.66,0.0,0.0,0.0,0.0,0.0,2.9899999999999993,0.0,0.0,0.0,0.0,0.0,2.3600000000000003,6.6899999999999995,0.0,6.629999999999999
 CIMENTO,0.0,0.0,0.0,-2.5700000000000003,0.0,0.0,3.41,3.39,7.53,0.0,0.0,2.16,2.22,4.02,3.4699999999999998,0.0,3.35
 TIJOLO,4.59,0.0,0.0,0.0,0.0,0.0,7.050000000000001,0.0,0.0,0.0,2.9299999999999997,4.640000000000001,0.0,11.0,10.37,0.0,6.08
 MATERIAL HIDRÁULICO,0.0,0.0,0.0,0.0,11.5,0.0,0.0,0.0,4.57,0.0,0.0,0.0,6.12,0.0,0.0,0.0,10.44
 MÃO DE OBRA,-0.32,-0.32,-0.32,-0.32,-0.32,-0.32,-0.32,-0.32,-0.32,-0.32,-0.32,-0.32,-0.32,-0.32,-0.32,-0.32,-0.32
 AREIA,7.04,0.0,0.0,0.0,0.0,0.0,0.0,0.0,0.0,0.0,3.49,0.0,0.0,0.0,5.79,0.0,6.25
 PEDRAS,0.0,0.0,0.0,0.0,0.0,0.0,0.0,0.0,0.0,0.0,0.0,0.0,0.0,3.19,0.0,0.0,3.19
 TELHA,0.0,4.05,10.709999999999999,8.51,0.0,0.0,7.969999999999999,0.0,0.0,10.879999999999999,0.0,0.0,0.0,0.0,6.380000000000001,0.0,7.969999999999999
 ARTIGOS DE LIMPEZA,4.67,2.5300000000000002,1.94,0.3299999999999999,1.76,1.9800000000000002,2.6999999999999997,2.18,-0.8099999999999998,2.25,2.2,3.0199999999999996,-0.66,3.5900000000000003,1.3399999999999999,2.43,1.94
 SACO PARA LIXO,0.0,3.3100000000000005,0.0,0.0,0.0,0.0,0.0,0.0,0.0,0.0,0.0,0.0,-0.6200000000000003,0.0,0.0,0.0,2.5300000000000002
 ÁGUA SANITÁRIA,1.9000000000000004,-2.41,3.56,-4.35,2.32,2.83,3.3,2.9000000000000004,1.3399999999999999,0.0,6.93,0.0,-3.77,0.5699999999999998,6.880000000000001,-2.22,1.6600000000000001
 DETERGENTE,4.84,4.51,3.14,-0.15999999999999992,5.01,0.87,1.75,1.29,0.81,6.41,-0.18999999999999995,4.48,0.78,2.32,0.0,0.30000000000000027,3.77
 SABÃO EM PÓ,4.859999999999999,0.4600000000000001,1.0899999999999999,-1.8599999999999997,-0.3099999999999996,3.2300000000000004,3.6999999999999997,1.6,-3.9200000000000004,3.2100000000000004,2.84,5.3100000000000005,-2.25,3.97,-1.2099999999999997,0.9400000000000005,0.8099999999999999
 DESINFETANTE,-0.5299999999999998,2.48,-0.09000000000000008,0.23999999999999977,0.15000000000000002,-3.1999999999999997,0.4200000000000004,-2.2,0.62,1.56,6.010000000000001,2.7199999999999998,0.0,0.0,-2.6,0.0,0.41000000000000003
 SABÃO EM BARRA,12.61,0.0,9.299999999999999,9.0,0.0,0.0,7.88,15.540000000000001,4.88,0.0,0.0,10.41,10.3,9.02,5.96,11.46,9.36
 ESPONJA DE LIMPEZA,0.0,0.0,0.0,0.0,0.0,0.0,0.0,0.0,0.0,-1.2500000000000002,0.0,3.6099999999999994,0.0,0.0,0.0,0.0,-0.71
 SABÃO LÍQUIDO,0.0,0.0,0.0,0.0,0.0,0.22999999999999998,0.0,0.0,0.0,5.25,0.0,0.0,0.0,0.0,0.0,7.27,4.56
 LIMPADOR MULTIUSO,0.0,2.0900000000000003,0.0,0.0,6.61,2.8500000000000005,0.0,0.0,0.0,0.75,0.0,0.0,0.0,0.0,0.0,0.0,4.79
 PAPEL TOALHA,3.94,0.0,0.0,0.0,0.0,0.0,0.0,0.0,0.0,0.0,0.0,0.0,0.0,0.0,0.0,0.0,3.94
 AMACIANTE E ALVEJANTE,4.5,3.4899999999999998,-0.09000000000000001,3.0500000000000003,-0.14999999999999997,2.8200000000000003,0.40000000000000013,-1.04,-1.6700000000000002,-0.94,-0.07999999999999999,-1.79,-1.7699999999999996,1.1400000000000001,1.3,2.72,0.6000000000000001
 COMBUSTÍVEIS E ENERGIA,7.579999999999999,11.89,7.0600000000000005,9.21,7.53,9.06,5.709999999999999,8.16,7.900000000000002,11.11,10.82,10.32,6.18,9.91,2.37,7.589999999999999,8.24
 COMBUSTÍVEIS (DOMÉSTICOS),3.9200000000000004,3.62,5.0600000000000005,9.48,4.17,4.75,5.62,1.52,2.7399999999999998,3.7600000000000002,6.630000000000001,6.68,4.05,6.199999999999999,1.1,3.4899999999999998,4.33
 CARVÃO VEGETAL,0.0,0.0,0.0,0.0,0.0,0.0,1.9700000000000002,0.0,0.0,0.0,0.0,0.0,0.0,0.0,1.1,0.0,1.5
 GÁS DE BOTIJÃO,2.97,3.62,5.0600000000000005,9.48,5.42,4.75,5.78,1.52,2.7399999999999998,4.34,6.630000000000001,6.68,4.05,6.199999999999999,1.1,3.4899999999999998,4.630000000000001
 GÁS ENCANADO,6.21,0.0,0.0,0.0,0.0,0.0,0.0,0.0,0.0,0.0,0.0,0.0,0.0,0.0,0.0,0.0,1.8
 ENERGIA ELÉTRICA RESIDENCIAL,8.48,13.840000000000002,7.629999999999999,9.21,8.54,10.190000000000001,5.75,10.639999999999999,9.860000000000001,13.39,11.889999999999999,11.27,6.760000000000001,11.05,3.0599999999999996,9.14,9.379999999999999
 ENERGIA ELÉTRICA RESIDENCIAL,8.48,13.840000000000002,7.629999999999999,9.21,8.54,10.190000000000001,5.75,10.639999999999999,9.860000000000001,13.39,11.889999999999999,11.27,6.760000000000001,11.05,3.0599999999999996,9.14,9.379999999999999
 ARTIGOS DE RESIDÊNCIA,4.0600000000000005,5.36,4.68,2.8200000000000003,5.3,3.1399999999999997,1.85,2.94,2.69,4.33,2.84,2.51,2.2800000000000002,-0.5899999999999999,2.9699999999999998,0.41000000000000014,4.15
 MÓVEIS E UTENSÍLIOS,4.99,7.7,7.370000000000001,4.89,4.81,2.63,3.1799999999999997,4.140000000000001,4.61,4.22,3.13,2.98,1.77,-0.5,3.49,-0.33999999999999997,4.9
 MOBILIÁRIO,6.630000000000001,9.31,8.74,5.52,5.8,2.8400000000000003,4.02,4.41,7.68,4.59,3.14,3.3,1.81,-2.81,6.0,-1.7599999999999998,5.95
 MÓVEL PARA SALA,6.67,5.720000000000001,7.040000000000001,4.65,4.68,1.9700000000000002,5.74,1.6199999999999997,6.87,2.39,3.54,2.3200000000000003,2.7699999999999996,0.7499999999999998,3.51,-2.0399999999999996,4.74
 MÓVEL PARA QUARTO,6.81,9.66,8.75,7.8,7.68,3.6000000000000005,2.43,6.74,11.27,9.16,3.3999999999999995,3.04,2.59,-3.3,8.209999999999999,-2.4,7.32
 MÓVEL PARA COPA E COZINHA,6.03,9.51,4.23,3.95,3.330000000000001,2.7900000000000005,4.72,2.77,0.25,0.33999999999999986,3.3699999999999997,5.29,0.15999999999999992,-5.9,3.1700000000000004,1.4699999999999998,3.8400000000000003
 MÓVEL INFANTIL,0.0,0.0,0.0,-3.11,0.0,0.0,0.0,0.17999999999999994,7.140000000000001,1.04,0.2999999999999998,0.0,-0.42,-1.0899999999999999,1.3399999999999999,-3.89,0.97
 COLCHÃO,0.0,22.95,27.599999999999998,0.0,0.0,0.0,0.0,0.0,0.0,0.0,0.0,0.0,0.0,0.0,0.0,0.0,25.22
 UTENSÍLIOS E ENFEITES,1.59,5.640000000000001,3.8100000000000005,3.62,1.75,1.8,1.54,2.14,1.12,4.22,3.1999999999999997,0.33000000000000007,0.5,2.07,-1.8000000000000003,2.57,2.58
 ARTIGOS DE ILUMINAÇÃO,-1.5500000000000003,2.2,2.99,5.57,1.24,0.1,1.2000000000000002,-0.30000000000000027,-0.9400000000000001,0.74,0.0,0.0,-0.010000000000000009,0.0,0.16000000000000003,-0.6599999999999997,1.17
 TAPETE,5.459999999999999,5.04,0.0,0.0,-0.6500000000000001,4.390000000000001,1.9999999999999998,0.0,-0.27,7.8500000000000005,-1.6499999999999997,2.7199999999999998,0.6699999999999999,0.0,0.0,0.0,1.9799999999999998
 CORTINA,0.29000000000000026,4.86,6.36,0.9199999999999999,0.12999999999999995,1.4299999999999997,0.0,1.65,0.8700000000000001,-0.7199999999999996,2.45,-0.83,0.0,0.0,0.0,0.0,1.6600000000000001
 UTENSÍLIOS DE METAL,2.2600000000000002,8.440000000000001,3.87,3.6999999999999997,3.8699999999999997,-0.7800000000000001,1.2000000000000002,4.42,1.97,8.64,7.590000000000001,3.4899999999999998,0.040000000000000036,1.85,-2.49,2.09,3.9699999999999998
 UTENSÍLIOS DE VIDRO E LOUÇA,0.0,0.0,4.25,3.17,2.0200000000000005,6.82,2.92,3.9599999999999995,4.09,1.8299999999999998,0.0,3.57,0.8199999999999998,2.68,-1.23,4.67,2.91
 UTENSÍLIOS DE PLÁSTICO,0.0,0.0,0.0,0.0,0.0,0.0,0.96,0.0,0.0,0.0,-1.22,0.0,0.0,0.0,-3.2,5.67,-0.020000000000000018
 FLORES NATURAIS,0.0,9.04,0.0,0.0,0.0,0.0,0.0,0.0,0.0,0.0,0.0,0.0,0.0,0.0,0.0,0.0,9.04
 UTENSÍLIOS PARA BEBÊ,0.0,0.0,-0.6200000000000001,3.2,0.0,0.0,0.0,-1.4800000000000004,0.0,0.0,6.300000000000001,-5.890000000000001,2.8200000000000003,2.5999999999999996,0.0,0.0,1.1099999999999999
" CAMA, MESA E BANHO",6.379999999999999,5.16,7.559999999999999,4.1,7.28,3.8099999999999996,3.56,6.08,0.7299999999999998,2.66,2.94,6.88,4.49,3.0199999999999996,3.0799999999999996,1.5199999999999998,5.18
 ROUPA DE CAMA,6.379999999999999,5.16,7.559999999999999,4.27,7.28,3.8099999999999996,3.56,5.66,0.7299999999999998,2.66,2.94,6.88,7.220000000000001,3.53,3.0799999999999996,1.5199999999999998,5.22
 ROUPA DE BANHO,0.0,0.0,0.0,3.59,0.0,0.0,0.0,7.029999999999999,0.0,0.0,0.0,0.0,-1.98,1.26,0.0,0.0,3.3899999999999997
 APARELHOS ELETROELETRÔNICOS,3.52,3.37,2.13,1.5,5.34,3.9799999999999995,0.44,1.04,0.99,3.42,3.42,2.71,2.41,-1.1400000000000001,2.5,0.19000000000000017,3.32
 ELETRODOMÉSTICOS E EQUIPAMENTOS,4.64,4.710000000000001,2.48,2.4800000000000004,5.39,3.74,2.49,1.93,4.34,3.76,3.8000000000000003,2.73,4.909999999999999,-1.2399999999999998,2.9800000000000004,1.5400000000000003,4.1
 REFRIGERADOR,4.23,2.75,3.37,-0.5800000000000001,5.85,4.5,1.8,1.68,2.06,5.31,4.13,1.7799999999999998,2.87,-4.87,1.6499999999999997,2.38,3.77
 AR-CONDICIONADO,11.07,14.18,0.0,14.180000000000001,18.67,14.32,8.5,10.43,16.65,18.77,13.430000000000001,9.78,20.03,9.09,0.0,8.05,15.059999999999999
 MÁQUINA DE LAVAR ROUPA,-1.4900000000000002,1.1600000000000001,-1.5899999999999999,1.8199999999999998,1.1700000000000002,-1.3599999999999999,-1.67,-6.29,-1.14,-1.69,-0.8599999999999999,-0.6099999999999999,-1.33,-5.34,1.73,-2.0300000000000002,-0.25
 VENTILADOR,0.0,0.0,0.0,0.9,0.0,0.0,4.21,3.0300000000000002,0.0,0.0,0.0,0.0,8.09,-2.51,4.8100000000000005,-3.4199999999999995,3.0300000000000002
 FOGÃO,7.5,5.12,5.51,2.48,4.77,3.4400000000000004,7.470000000000001,4.59,5.11,2.4099999999999993,0.5199999999999997,5.69,4.34,-1.28,4.85,1.08,4.63
 CHUVEIRO ELÉTRICO,0.0,0.0,6.029999999999999,0.0,0.0,0.0,0.0,0.0,0.0,0.0,0.0,0.0,0.0,0.0,0.0,0.0,6.029999999999999
" TV, SOM E INFORMÁTICA",2.58,1.7499999999999996,1.79,0.56,5.3100000000000005,4.1899999999999995,-1.3699999999999999,0.16999999999999982,-2.76,3.11,3.0,2.7,-1.1000000000000003,-0.95,2.0,-0.96,2.5700000000000003
 TELEVISOR,4.24,3.0,3.2399999999999998,-0.2300000000000001,5.51,4.77,-2.11,1.8099999999999998,0.52,4.2,1.8900000000000001,3.62,0.050000000000000155,-2.05,2.02,0.7300000000000003,3.3299999999999996
 APARELHO DE SOM,0.0,0.0,0.0,0.56,0.0,0.0,0.0,0.0,1.3900000000000001,0.0,0.0,0.0,0.0,0.0,2.0,3.78,1.44
 VIDEOGAME (CONSOLE),0.0,0.0,0.0,0.56,0.0,0.0,0.0,0.0,0.0,0.0,0.0,0.0,0.0,0.0,0.0,0.0,0.56
 COMPUTADOR PESSOAL,0.14000000000000012,-0.2400000000000002,-0.08999999999999986,1.6099999999999999,5.0600000000000005,3.8699999999999997,-0.010000000000000231,-2.05,-9.27,1.8100000000000005,4.380000000000001,1.4199999999999997,-3.02,0.9199999999999999,1.9699999999999998,-4.72,1.5799999999999998
 CONSERTOS E MANUTENÇÃO,3.16,2.12,1.5100000000000002,-1.13,7.61,2.17,4.23,6.5,2.04,8.620000000000001,-0.6399999999999999,-0.96,4.5,2.27,2.91,5.710000000000001,4.59
 CONSERTOS E MANUTENÇÃO,3.16,2.12,1.5100000000000002,-1.13,7.61,2.17,4.23,6.5,2.04,8.620000000000001,-0.6399999999999999,-0.96,4.5,2.27,2.91,5.710000000000001,4.59
 CONSERTO DE REFRIGERADOR,0.0,-0.39,0.0,2.23,0.0,0.0,0.63,0.0,0.31000000000000005,0.0,0.73,0.0,0.0,0.0,0.42,0.0,0.63
 CONSERTO DE TELEVISOR,0.0,0.0,0.0,0.0,0.0,0.0,0.52,0.0,0.0,0.0,0.0,0.0,0.0,0.0,0.0,0.0,0.52
 CONSERTO DE MÁQUINA DE LAVAR ROUPA,0.0,3.28,0.0,0.0,0.0,0.0,0.0,0.0,0.0,0.0,0.0,0.0,0.0,0.0,0.0,0.0,3.28
 REFORMA DE ESTOFADO,-1.2300000000000002,-0.8399999999999999,4.26,-5.8,2.11,2.74,0.0,-2.76,3.84,0.0,0.0,1.8900000000000001,7.640000000000001,1.1700000000000002,0.0,6.7299999999999995,1.2999999999999998
 CONSERTO DE APARELHO CELULAR,0.0,3.48,-1.01,0.6599999999999999,-1.2000000000000002,-2.83,2.5700000000000003,5.1,-1.04,5.54,-1.27,-0.8,-1.8599999999999999,2.51,0.10000000000000009,4.550000000000001,0.6599999999999999
 CONSERTO DE BICICLETA,4.08,3.2600000000000007,2.31,-0.5499999999999999,10.419999999999998,3.87,7.81,11.559999999999999,5.779999999999999,9.32,-1.1700000000000002,-1.2999999999999998,9.17,2.46,7.6,6.44,7.18
 VESTUÁRIO,1.9300000000000002,0.6699999999999999,3.07,3.2800000000000002,1.16,2.33,1.1900000000000002,3.3000000000000003,0.04999999999999999,1.71,3.84,3.04,2.94,2.0300000000000002,2.72,0.0,1.77
 ROUPAS,2.83,1.22,3.94,3.73,0.81,2.6500000000000004,0.9299999999999997,3.27,-0.17999999999999994,1.27,4.42,3.0700000000000003,2.88,2.21,2.3899999999999997,0.06000000000000005,1.8599999999999999
 ROUPA MASCULINA,4.5200000000000005,1.28,4.07,3.58,0.4500000000000002,5.35,1.19,3.83,2.67,3.04,5.41,2.9000000000000004,3.92,2.6799999999999997,2.06,-0.1299999999999999,2.4299999999999997
 CALÇA COMPRIDA MASCULINA,-0.9799999999999998,1.25,2.46,2.2,-0.96,2.5600000000000005,-0.6799999999999997,-0.97,-0.3099999999999996,3.1500000000000004,6.07,1.43,2.1900000000000004,1.0899999999999999,5.389999999999999,-3.4000000000000004,0.9199999999999999
 AGASALHO MASCULINO,0.0,-1.8699999999999999,0.0,0.0,0.0,0.0,0.0,0.0,0.0,0.33999999999999997,0.0,0.0,0.0,0.0,0.0,0.0,-1.08
 BERMUDA/SHORT MASCULINO,5.41,4.63,4.3,7.4399999999999995,5.33,4.05,2.76,3.9300000000000006,2.8600000000000003,3.7800000000000002,4.78,5.13,2.81,4.11,1.9000000000000004,0.04999999999999982,4.28
 CUECA,0.0,0.0,0.0,0.0,0.0,0.0,1.63,0.0,0.0,0.0,0.0,0.0,0.0,3.56,5.76,0.0,2.83
 CAMISA/CAMISETA MASCULINA,5.81,1.6100000000000003,5.01,2.7600000000000002,0.16999999999999993,6.99,1.38,5.67,3.9800000000000004,3.2600000000000002,5.24,2.81,5.55,3.19,0.2600000000000001,1.2000000000000004,2.77
 ROUPA FEMININA,1.92,0.37,3.88,4.22,1.0799999999999998,1.36,0.050000000000000266,1.74,-3.46,-0.44000000000000017,4.7700000000000005,3.16,2.9899999999999998,1.6999999999999997,3.9699999999999998,0.44999999999999996,1.35
 CALÇA COMPRIDA FEMININA,0.8999999999999999,-0.31,3.11,2.08,0.48999999999999977,-0.31000000000000016,-2.6700000000000004,-0.2500000000000002,-8.620000000000001,2.34,7.869999999999999,-1.5599999999999998,2.84,-0.94,-0.02999999999999975,-1.450000000000001,0.6399999999999999
 AGASALHO FEMININO,0.0,-4.44,-7.069999999999999,0.0,0.0,0.0,0.0,0.0,0.0,-1.0499999999999998,0.0,0.0,1.69,0.0,0.0,0.0,-4.220000000000001
 SAIA,0.0,0.0,0.0,1.16,0.0,0.0,-3.64,0.0,0.0,0.0,0.0,0.0,0.0,5.59,-0.5700000000000003,-3.76,-0.9600000000000002
 VESTIDO,3.3899999999999997,3.43,5.460000000000001,3.66,3.0999999999999996,1.83,2.54,2.5299999999999994,-2.03,-0.6300000000000003,-0.34999999999999964,5.640000000000001,7.74,1.8299999999999998,6.800000000000001,1.31,2.61
 BLUSA,0.9199999999999999,0.34999999999999987,4.0,6.16,-0.5800000000000001,1.8600000000000003,-1.6899999999999997,1.36,-5.8100000000000005,-1.11,6.37,4.0,-0.26000000000000006,0.32000000000000006,4.16,1.7300000000000002,0.64
 LINGERIE,0.0,3.5,5.73,3.5,5.65,0.0,2.33,6.82,1.17,-2.58,3.27,0.0,3.26,5.3100000000000005,7.02,-0.7799999999999996,3.67
 BERMUDA/SHORT FEMININO,5.05,0.0,6.699999999999999,4.699999999999999,0.0,0.0,1.7299999999999998,2.09,2.65,-1.6500000000000001,3.27,1.42,4.14,5.8,3.75,0.10999999999999999,3.2199999999999998
 ROUPA INFANTIL,1.95,3.16,3.8999999999999995,2.9499999999999997,0.8599999999999999,1.4200000000000002,2.45,6.28,0.42000000000000004,2.07,2.03,3.15,1.1700000000000002,2.34,-0.039999999999999925,-0.25,1.93
 UNIFORME ESCOLAR,0.0,0.0,-1.28,-1.66,0.15000000000000036,4.34,8.219999999999999,2.19,0.0,2.41,-0.5,1.5,0.0,0.0,7.800000000000001,-0.5800000000000001,1.4900000000000002
 CALÇA COMPRIDA INFANTIL,0.0,4.540000000000001,3.07,0.0,4.67,-1.04,0.0,0.0,-0.37999999999999995,5.0600000000000005,-0.15000000000000002,0.0,1.6399999999999997,0.8900000000000001,-1.4600000000000004,0.0,3.37
 AGASALHO INFANTIL,0.0,-1.1399999999999997,0.0,0.0,0.0,0.0,0.0,0.0,0.0,0.0,0.0,0.0,0.0,0.0,0.0,0.0,-1.1399999999999997
 VESTIDO INFANTIL,1.2799999999999998,6.15,3.42,5.42,0.0,-2.38,5.890000000000001,6.620000000000001,0.6900000000000004,0.0,4.609999999999999,9.01,5.7,2.75,-1.25,3.06,3.42
 BERMUDA/SHORT INFANTIL,2.55,0.0,0.0,6.6899999999999995,0.26000000000000023,0.0,-1.5200000000000002,6.31,1.74,0.0,0.0,3.9800000000000004,2.56,1.3599999999999999,0.8799999999999999,-0.45999999999999996,1.63
 CAMISA/CAMISETA INFANTIL,2.4299999999999997,6.26,5.03,2.83,0.7200000000000002,1.84,-1.61,8.32,-0.8400000000000001,1.94,3.58,2.75,1.44,4.609999999999999,-1.87,-2.5100000000000002,2.1
 CONJUNTO INFANTIL,0.8399999999999997,-1.95,6.99,1.92,-0.41999999999999993,0.69,-0.20999999999999996,6.41,1.2999999999999998,-0.15000000000000002,2.92,1.26,-1.7399999999999998,1.82,-3.03,0.2699999999999998,0.9299999999999999
 CALÇADOS E ACESSÓRIOS,0.20999999999999996,-0.9800000000000001,-0.05999999999999994,1.65,1.96,-0.039999999999999813,1.56,2.96,0.17,2.76,1.1099999999999999,2.61,3.09,0.1299999999999999,1.52,-1.21,1.1300000000000001
 CALÇADOS E ACESSÓRIOS,0.20999999999999996,-0.9800000000000001,-0.05999999999999994,1.65,1.96,-0.039999999999999813,1.56,2.96,0.17,2.76,1.1099999999999999,2.61,3.09,0.1299999999999999,1.52,-1.21,1.1300000000000001
 SAPATO MASCULINO,0.9699999999999998,0.8899999999999999,2.0,-4.26,3.75,2.93,-2.52,3.39,-6.33,5.09,-0.69,2.28,3.31,-0.5699999999999998,-4.82,-2.9799999999999995,0.65
 SAPATO FEMININO,-3.02,-6.66,-2.26,3.48,0.6400000000000001,-2.09,3.06,0.5099999999999998,1.8199999999999998,3.7399999999999998,-1.19,2.96,-0.2899999999999999,2.34,0.49999999999999983,0.039999999999999925,-0.22999999999999998
 SAPATO INFANTIL,0.0,0.0,0.0,-0.4600000000000002,0.0,0.0,5.27,0.0,-4.7,-1.56,0.3999999999999999,0.0,-3.9099999999999997,-1.5599999999999998,0.7099999999999999,-0.41000000000000003,-1.14
 BOLSA,5.489999999999999,2.8899999999999997,-1.12,2.1100000000000003,0.0,1.06,0.17000000000000015,1.77,2.8699999999999997,-4.04,0.5800000000000003,0.0,4.72,5.43,3.31,-3.05,1.3
 MOCHILA,0.0,0.0,0.0,2.03,0.0,0.0,0.77,-2.0600000000000005,0.0,0.0,0.0,0.0,0.0,5.85,-2.71,0.0,-0.030000000000000027
 TÊNIS,0.4999999999999999,-0.030000000000000027,0.78,4.27,2.5300000000000002,0.6599999999999998,3.48,4.05,1.4300000000000002,2.88,4.33,2.8099999999999996,6.12,-2.9499999999999993,2.63,2.79,2.0
 SANDÁLIA/CHINELO,0.4299999999999997,4.99,-0.10999999999999976,2.32,1.3599999999999999,-0.3700000000000001,4.06,4.43,2.13,4.42,-0.21999999999999997,2.3200000000000003,2.96,-1.3900000000000001,3.86,-4.43,1.8399999999999999
 JOIAS E BIJUTERIAS,-0.31000000000000005,1.3,6.369999999999999,6.470000000000001,1.6,5.99,2.99,6.859999999999999,1.2599999999999998,2.27,7.89,4.59,3.77,7.35,13.120000000000001,3.33,3.58
 JOIAS E BIJUTERIAS,-0.31000000000000005,1.3,6.369999999999999,6.470000000000001,1.6,5.99,2.99,6.859999999999999,1.2599999999999998,2.27,7.89,4.59,3.77,7.35,13.120000000000001,3.33,3.58
 BIJUTERIA,0.0,0.0,6.17,0.0,0.0,5.36,0.0,0.0,0.6599999999999999,0.0,0.0,0.0,0.0,0.0,0.0,-0.20999999999999996,3.73
 JOIA,-2.74,0.04999999999999993,6.44,5.67,1.0,6.220000000000001,2.8600000000000003,5.16,0.0,1.4699999999999998,8.95,4.59,3.77,9.64,14.629999999999999,8.12,3.19
 RELÓGIO DE PULSO,5.640000000000001,4.85,0.0,7.58,3.5300000000000002,0.0,3.3900000000000006,10.16,1.9699999999999998,4.99,3.5100000000000002,4.619999999999999,0.0,6.01,9.13,0.08000000000000007,4.68
 TECIDOS E ARMARINHO,3.63,5.21,6.83,0.9600000000000004,3.43,2.58,2.59,1.25,4.72,1.65,4.99,3.71,-0.5199999999999999,2.9899999999999998,1.69,4.2,3.3
 TECIDOS E ARMARINHO,3.63,5.21,6.83,0.9600000000000004,3.43,2.58,2.59,1.25,4.72,1.65,4.99,3.71,-0.5199999999999999,2.9899999999999998,1.69,4.2,3.3
 TECIDO,3.63,5.609999999999999,6.22,0.9600000000000004,5.44,2.58,2.59,1.25,4.72,1.39,7.24,2.87,-0.5199999999999999,2.9899999999999998,1.69,4.2,3.5900000000000003
 ARTIGOS DE ARMARINHO,0.0,4.54,8.04,0.0,-0.64,0.0,0.0,0.0,0.0,2.1399999999999997,-0.3199999999999999,5.32,0.0,0.0,0.0,0.0,1.9700000000000002
 TRANSPORTES,2.81,2.81,3.6,3.48,4.789999999999999,4.12,2.33,2.25,5.66,3.7600000000000002,4.16,3.14,3.46,2.55,3.16,3.16,3.8800000000000003
 TRANSPORTES,2.81,2.81,3.6,3.48,4.789999999999999,4.12,2.33,2.25,5.66,3.7600000000000002,4.16,3.14,3.46,2.55,3.16,3.16,3.8800000000000003
 TRANSPORTE PÚBLICO,5.890000000000001,9.87,7.79,11.54,10.309999999999999,19.14,8.47,8.32,9.05,17.880000000000003,14.629999999999999,10.45,10.26,8.69,3.71,7.14,9.8
 ÔNIBUS URBANO,0.0,-3.2199999999999998,0.0,0.0,0.0,0.0,0.0,0.0,0.0,0.0,0.0,0.0,0.0,0.0,0.0,0.0,-0.25
 TÁXI,0.0,0.0,0.0,0.0,0.0,0.0,0.0,0.0,0.0,0.0,0.0,0.0,0.0,0.0,0.0,0.0,0.0
 TREM,0.0,0.0,0.0,0.0,0.0,0.0,0.0,0.0,0.0,0.0,0.0,0.0,0.0,0.0,0.0,0.0,0.0
 ÔNIBUS INTERMUNICIPAL,0.0,-1.36,-4.529999999999999,0.17999999999999972,0.22,0.0,0.0,0.0,-2.45,0.0,3.32,-0.5700000000000001,-0.3899999999999999,0.0,-6.409999999999999,0.0,-0.81
 ÔNIBUS INTERESTADUAL,1.69,0.0,-1.33,-1.9700000000000002,3.5999999999999996,10.049999999999999,-2.66,8.780000000000001,-12.100000000000001,-2.03,3.8499999999999996,5.880000000000001,-0.5599999999999996,0.9999999999999999,6.87,-2.3800000000000003,0.8699999999999997
 PASSAGEM AÉREA,65.92,56.16,73.87,85.25,76.5,68.55,59.95,68.17,74.75,82.78,80.78999999999999,58.84,63.620000000000005,36.61,63.449999999999996,73.79,71.1
 METRÔ,0.0,0.0,0.0,0.0,0.0,0.0,0.0,0.0,0.0,0.0,0.0,0.0,0.0,0.0,0.0,0.0,0.0
 TRANSPORTE ESCOLAR,0.0,0.0,0.0,0.0,0.0,2.11,0.0,0.0,0.0,0.0,0.0,0.0,-0.66,0.0,0.0,0.0,0.06
 TRANSPORTE POR APLICATIVO,18.86,33.01,24.080000000000002,21.65,11.67,19.259999999999998,0.0,35.03,24.810000000000002,0.0,29.749999999999996,15.4,24.46,0.0,31.81,12.020000000000001,20.94
 INTEGRAÇÃO TRANSPORTE PÚBLICO,0.0,0.0,0.0,0.0,0.0,0.0,0.0,0.0,0.0,0.0,0.0,0.0,0.0,0.0,0.0,0.0,0.0
 VEÍCULO PRÓPRIO,1.46,0.8099999999999999,1.87,0.66,2.12,0.87,1.6800000000000002,0.8,2.66,2.15,2.23,1.84,1.52,2.22,1.7,2.46,1.7999999999999998
 AUTOMÓVEL NOVO,1.5799999999999998,1.5000000000000002,2.09,-0.53,2.7800000000000002,-0.36,1.8599999999999999,0.14,1.42,2.01,2.0700000000000003,2.0,-0.04999999999999982,2.54,1.52,2.92,1.83
 EMPLACAMENTO E LICENÇA,0.9199999999999999,1.08,0.9199999999999999,0.81,0.8999999999999999,0.76,0.75,0.8999999999999999,0.75,1.0499999999999998,0.96,0.9299999999999999,0.6000000000000001,0.8400000000000001,0.75,0.71,0.8999999999999999
 SEGURO VOLUNTÁRIO DE VEÍCULO,6.6,-6.84,5.9799999999999995,-3.4100000000000006,7.4399999999999995,4.84,0.3,4.83,0.75,5.37,7.8100000000000005,-9.68,2.42,4.6899999999999995,4.609999999999999,3.94,4.48
 MULTA,0.0,0.0,0.0,0.0,0.0,0.0,0.0,0.0,0.0,0.0,0.0,0.0,0.0,0.0,0.0,0.0,0.0
 ÓLEO LUBRIFICANTE,0.0,6.640000000000001,3.5600000000000005,2.66,4.7299999999999995,4.43,-0.9400000000000003,2.94,5.22,5.84,0.040000000000000036,0.0,1.0899999999999999,3.9699999999999998,0.13,3.5300000000000002,3.9699999999999998
 ACESSÓRIOS E PEÇAS,-0.6799999999999999,3.5300000000000002,0.6799999999999997,2.44,0.26,0.5900000000000001,-0.13000000000000034,-1.3599999999999999,2.34,-0.1399999999999999,4.08,3.6399999999999997,3.15,5.9799999999999995,-3.95,-0.06000000000000005,0.97
 PNEU,0.0,8.75,8.7,9.879999999999999,8.42,10.74,8.91,8.42,11.15,9.790000000000001,5.98,13.08,4.46,9.68,3.5700000000000003,8.26,8.709999999999999
 CONSERTO DE AUTOMÓVEL,-0.99,-0.09000000000000008,0.019999999999999962,2.18,-2.15,0.029999999999999902,2.04,0.6799999999999999,3.43,1.16,-0.27,2.61,2.45,3.1999999999999997,5.43,4.0,0.1
 ESTACIONAMENTO,0.0,-3.7,0.0,0.0,-1.5100000000000002,0.0,0.0,0.0,1.16,3.6999999999999997,0.0,0.0,0.0,0.0,0.0,0.0,-0.94
 PEDÁGIO,0.0,0.0,0.0,0.0,1.63,0.0,0.0,0.0,0.0,17.259999999999998,0.0,0.0,0.0,0.0,0.0,0.0,3.98
 AUTOMÓVEL USADO,1.04,1.65,2.81,0.0,4.35,-0.09,2.85,0.8400000000000003,2.92,1.8900000000000001,3.18,5.02,2.86,1.48,0.53,0.9400000000000001,2.8400000000000003
 PINTURA DE VEÍCULO,0.0,0.0,0.38,1.62,0.0,0.0,0.0,0.0,-0.5,0.0,0.0,0.0,0.0,0.0,0.0,0.0,0.37
 ALUGUEL DE VEÍCULO,24.229999999999997,0.0,0.0,0.0,0.0,0.0,0.26,0.0,20.85,0.0,0.0,0.0,0.0,0.0,0.0,0.0,15.649999999999999
 MOTOCICLETA,-0.10999999999999999,2.06,1.17,1.51,-0.7,1.63,2.02,0.27,3.51,2.49,0.5800000000000001,1.19,-0.11999999999999997,0.51,0.42999999999999994,-0.51,0.79
 COMBUSTÍVEIS (VEÍCULOS),2.33,3.02,4.32,3.9700000000000006,7.73,3.0,0.10000000000000009,1.8000000000000003,8.95,3.9299999999999997,5.4399999999999995,3.62,5.25,0.9099999999999998,5.4,1.4100000000000001,4.91
 GASOLINA,1.4900000000000002,3.0100000000000002,3.58,4.03,6.1,2.8899999999999997,0.1399999999999999,1.8399999999999996,8.98,2.7699999999999996,4.23,3.58,5.42,0.77,5.529999999999999,1.37,4.029999999999999
 ETANOL,6.329999999999999,0.0,11.1,2.76,14.22,11.96,0.0,0.0,11.85,10.12,12.34,0.0,5.1899999999999995,0.0,0.0,0.0,12.46
 ÓLEO DIESEL,1.9300000000000002,3.4600000000000004,3.31,4.59,3.41,3.0199999999999996,-1.0500000000000003,1.8399999999999999,4.99,4.199999999999999,3.5,4.21,0.7200000000000002,1.99,3.080000000000001,2.49,3.2100000000000004
 GÁS VEICULAR,5.95,0.0,0.0,0.0,0.0,0.0,0.0,-0.31999999999999984,0.0,0.0,0.0,0.0,0.0,0.0,0.0,0.0,5.62
 SAÚDE E CUIDADOS PESSOAIS,-0.07000000000000003,0.54,0.5,0.9299999999999999,0.61,0.26999999999999996,0.20999999999999996,0.07000000000000006,1.05,0.64,0.4400000000000001,-0.060000000000000005,1.19,0.98,1.67,1.7599999999999998,0.55
 PRODUTOS FARMACÊUTICOS E ÓTICOS,-2.26,-0.78,-1.56,0.5,-0.2,-1.1600000000000001,-0.7000000000000001,1.0299999999999998,1.06,-0.59,-0.25,-0.7100000000000001,1.9000000000000001,-0.86,1.44,1.9900000000000002,-0.47
 PRODUTOS FARMACÊUTICOS,-2.24,-0.97,-1.56,0.3399999999999999,0.12,-1.7900000000000003,-0.89,0.97,0.96,-0.37,-0.23999999999999977,-0.6,1.65,-0.6400000000000001,1.52,1.8699999999999999,-0.44
 ANTI-INFECCIOSO E ANTIBIÓTICO,-3.78,-3.2199999999999998,-2.11,-0.8899999999999997,1.5899999999999999,-2.0300000000000002,-1.83,3.4699999999999998,1.1900000000000004,-0.8599999999999999,3.71,-0.5700000000000003,1.75,-5.76,2.4599999999999995,4.66,-0.30999999999999994
 ANALGÉSICO E ANTITÉRMICO,-0.14000000000000012,2.17,0.3400000000000001,3.03,-0.69,-0.4,3.54,-0.1599999999999997,0.30000000000000004,0.9700000000000001,1.9900000000000007,0.17000000000000004,-1.33,0.5300000000000002,3.95,4.9399999999999995,0.6100000000000001
 ANTI-INFLAMATÓRIO E ANTIRREUMÁTICO,-2.6799999999999997,-1.47,-2.06,1.2299999999999998,-5.09,-1.37,0.5800000000000001,-0.6999999999999997,0.29000000000000004,-0.16000000000000003,-1.0499999999999998,-0.8399999999999999,2.2600000000000002,-2.68,1.9099999999999997,0.7899999999999999,-1.8
 ANTIGRIPAL E ANTITUSSÍGENO,1.8900000000000001,2.55,-1.07,0.4099999999999999,-0.9099999999999999,1.0299999999999998,0.11000000000000018,-1.07,-3.39,-0.44999999999999996,-0.97,-2.89,-2.1799999999999997,1.1400000000000001,-2.0999999999999996,0.8500000000000001,-0.43999999999999995
 DERMATOLÓGICO,-1.16,0.5199999999999998,-0.19000000000000017,-0.3300000000000001,1.21,-1.07,0.0,3.1799999999999997,1.9,-0.16000000000000017,0.0,0.72,2.81,0.7100000000000002,1.8400000000000003,1.6400000000000001,0.62
 ANTIALÉRGICO E BRONCODILATADOR,-0.8999999999999999,-4.27,-2.1399999999999997,-0.04999999999999993,-0.42000000000000004,0.69,-4.73,0.4299999999999997,1.32,-1.17,-0.6799999999999999,-0.1100000000000001,2.98,-0.28000000000000025,0.66,0.3899999999999999,-0.96
 GASTROPROTETOR,1.03,-0.26,-2.41,-0.7499999999999999,1.69,0.0,0.6999999999999998,0.73,0.7999999999999999,1.5499999999999998,-0.7000000000000002,0.16999999999999993,0.51,-0.82,-0.6100000000000001,2.3699999999999997,0.43000000000000005
 VITAMINA E FORTIFICANTE,-2.4299999999999997,-1.94,-1.29,0.41999999999999993,-1.3000000000000003,-2.1500000000000004,1.68,0.19999999999999996,2.0,0.1299999999999999,-2.44,-0.13,2.07,1.02,-1.8199999999999998,2.0700000000000003,-0.85
 HORMONAL,-2.52,-1.9600000000000002,-1.7199999999999998,0.41999999999999993,-0.08999999999999986,-6.380000000000001,-2.92,0.64,2.92,-1.89,-2.5100000000000002,0.07,1.2500000000000002,-5.3,2.32,-0.37,-1.09
 PSICOTRÓPICO E ANOREXÍGENO,-5.25,-0.76,-2.61,0.3599999999999999,-2.6900000000000004,-4.27,-2.78,2.22,-0.38000000000000006,-0.74,-2.2299999999999995,-0.9099999999999999,2.79,0.96,1.6199999999999999,2.13,-2.14
 HIPOTENSOR E HIPOCOLESTEROLÊMICO,-3.79,-1.1600000000000001,-2.25,0.7200000000000001,3.8400000000000003,-1.6300000000000001,-5.57,1.38,1.9099999999999997,-1.23,-0.1599999999999997,-1.7999999999999998,4.01,-2.25,0.3500000000000001,2.07,0.09000000000000008
 OFTALMOLÓGICO,1.42,-1.73,-0.98,-1.13,3.45,0.69,1.5199999999999998,3.22,2.75,0.0,-0.85,-0.56,2.91,0.0,4.27,0.5,1.33
 ANTIDIABÉTICO,1.46,-1.9199999999999997,0.32,-2.1900000000000004,0.00999999999999962,-2.4800000000000004,-6.55,1.5600000000000003,-0.3800000000000001,-3.9800000000000004,-0.04999999999999982,-0.44000000000000006,3.26,2.21,8.41,0.94,-0.35999999999999993
 NEUROLÓGICO,-8.49,-4.72,-2.95,-1.87,-3.12,0.14999999999999947,-3.4999999999999996,1.51,4.06,2.1799999999999997,-0.7200000000000001,0.8400000000000001,4.08,-0.1100000000000001,3.6199999999999997,-1.6800000000000002,-2.54
 PRODUTOS ÓTICOS,-2.6399999999999997,1.7399999999999998,-1.54,1.7900000000000003,-3.33,5.300000000000001,0.4600000000000002,1.67,2.11,-3.2,-0.5299999999999998,-2.43,3.98,-5.970000000000001,0.8300000000000001,3.91,-0.8499999999999999
 ÓCULOS DE GRAU,-2.6399999999999997,1.7399999999999998,-1.54,1.7900000000000003,-3.33,5.300000000000001,0.4600000000000002,1.67,2.11,-3.2,-0.5299999999999998,-2.43,3.98,-5.970000000000001,0.8300000000000001,3.91,-0.8499999999999999
 SERVIÇOS DE SAÚDE,0.27,0.48,0.45,0.010000000000000009,0.26,0.13,-0.06,0.13,0.9099999999999999,0.72,0.16999999999999998,0.21000000000000002,0.53,0.27,1.07,0.36,0.35
 SERVIÇOS MÉDICOS E DENTÁRIOS,1.5899999999999999,2.17,1.36,0.30000000000000004,1.37,1.6600000000000001,-1.38,0.43,3.21,1.7,0.32,1.01,1.64,0.4600000000000001,0.41000000000000003,1.95,1.43
 MÉDICO,1.52,0.36,1.98,0.20999999999999996,1.23,0.71,-1.91,0.26,3.67,1.9900000000000002,0.4799999999999999,0.33,0.88,0.17,1.52,1.7400000000000002,1.23
 DENTISTA,2.02,3.8400000000000003,0.92,0.44999999999999996,1.62,2.19,0.16,0.8899999999999999,2.64,1.4,0.2,1.51,2.58,2.5,-2.01,2.44,1.71
 APARELHO ORTODÔNTICO,0.0,0.0,0.7,0.0,0.0,0.0,0.0,0.0,0.0,0.0,0.020000000000000018,0.0,0.4,0.0,0.0,0.0,0.53
 FISIOTERAPEUTA,0.0,0.0,0.0,0.0,0.0,0.0,0.0,0.0,0.0,0.0,0.0,0.0,0.0,-2.32,0.0,0.0,-2.32
 PSICÓLOGO,0.0,3.22,0.0,0.0,0.54,0.0,0.0,0.0,0.0,0.0,0.0,0.0,0.0,0.0,0.0,0.0,0.9299999999999999
 SERVIÇOS LABORATORIAIS E HOSPITALARES,0.33,0.22999999999999998,0.9400000000000001,-0.5799999999999998,0.27,-0.9,2.35,0.39,2.3200000000000003,1.6400000000000001,0.5,0.96,1.1400000000000001,0.41000000000000003,2.42,-0.16,0.6
 EXAME DE LABORATÓRIO,1.28,0.69,0.2300000000000001,-0.37,4.8999999999999995,-0.010000000000000009,1.33,-0.14,1.96,0.26,-0.04000000000000001,1.31,0.65,0.0,6.19,-0.42999999999999994,1.75
 HOSPITALIZAÇÃO E CIRURGIA,0.020000000000000018,-0.08,1.54,-0.85,-0.57,-0.54,2.96,0.4,4.38,2.31,0.06,-0.02,0.0,0.0,1.9,0.15,0.3
 EXAME DE IMAGEM,0.96,0.59,0.13999999999999999,-0.3799999999999999,0.51,-3.18,2.12,0.8,0.6500000000000001,1.31,2.03,2.0199999999999996,1.9,1.04,-0.32999999999999996,-0.45000000000000007,0.5099999999999999
 PLANO DE SAÚDE,0.0,0.0,0.0,0.0,0.0,0.0,0.0,0.0,0.0,0.0,0.0,0.0,0.0,0.0,0.0,0.0,0.0
 PLANO DE SAÚDE,0.0,0.0,0.0,0.0,0.0,0.0,0.0,0.0,0.0,0.0,0.0,0.0,0.0,0.0,0.0,0.0,0.0
 CUIDADOS PESSOAIS,1.88,1.97,2.76,2.26,2.0,2.29,0.85,-0.65,1.22,1.7600000000000002,1.46,0.12000000000000005,1.44,2.27,2.1,3.36,1.78
 HIGIENE PESSOAL,1.88,1.97,2.76,2.26,2.0,2.29,0.85,-0.65,1.22,1.7600000000000002,1.46,0.12000000000000005,1.44,2.27,2.1,3.36,1.78
 PRODUTO PARA CABELO,2.87,2.0599999999999996,2.3899999999999997,3.46,1.0200000000000002,0.39999999999999997,0.3999999999999999,0.10999999999999988,0.71,3.38,1.4600000000000004,0.8100000000000003,2.4499999999999997,1.5799999999999998,1.66,2.4699999999999998,1.6400000000000001
 FRALDA DESCARTÁVEL,5.77,-0.7,0.78,-1.2300000000000004,1.3699999999999997,3.17,0.31,1.0499999999999998,4.640000000000001,2.65,3.0,-0.6299999999999999,1.38,5.34,4.37,-0.1200000000000001,1.81
 PRODUTO PARA BARBA,1.49,4.39,-0.67,4.09,-1.99,-1.58,1.96,1.8699999999999997,1.1600000000000001,-3.12,2.37,0.7899999999999999,-0.98,-0.030000000000000082,0.5200000000000001,6.609999999999999,0.32000000000000006
 PRODUTO PARA PELE,5.39,2.38,5.31,5.47,5.3,5.239999999999999,1.6300000000000003,1.0999999999999996,3.64,2.4699999999999998,3.04,2.43,4.03,2.8100000000000005,4.680000000000001,5.640000000000001,4.18
 PRODUTO PARA HIGIENE BUCAL,2.95,-1.8099999999999996,2.83,-1.96,3.23,4.13,-1.93,0.39,-1.3499999999999996,2.41,-0.7000000000000002,-0.32,5.8100000000000005,1.6800000000000004,0.31999999999999995,5.27,1.58
 PRODUTO PARA UNHA,0.0,0.0,0.0,0.0,0.0,0.0,-2.1500000000000004,0.0,0.0,0.0,0.0,0.0,0.0,3.6100000000000003,0.0,0.0,-1.43
 PERFUME,1.3700000000000003,2.7499999999999996,3.91,2.3099999999999996,1.3,2.62,0.7900000000000005,-1.5100000000000002,1.7800000000000002,1.2799999999999998,1.29,1.0,1.84,2.39,2.9299999999999997,2.8600000000000003,1.6300000000000003
 DESODORANTE,0.3500000000000001,4.4,1.1500000000000004,2.83,2.7300000000000004,-0.06000000000000005,3.46,-1.58,0.42,0.9500000000000002,2.46,-1.83,-0.17000000000000015,2.6,-0.65,4.37,1.79
 ABSORVENTE HIGIÊNICO,1.92,4.27,2.02,-0.45999999999999996,-0.07000000000000028,2.2699999999999996,4.33,-0.42999999999999994,1.8199999999999998,1.35,-3.61,-0.49,0.63,-1.0499999999999998,3.0999999999999996,4.11,1.03
 SABONETE,2.2199999999999998,3.5100000000000002,4.290000000000001,4.5,1.78,2.75,2.26,2.3999999999999995,3.45,4.44,4.859999999999999,1.29,1.86,1.9200000000000002,-0.08999999999999986,3.73,2.85
 PAPEL HIGIÊNICO,-0.31000000000000005,-1.6999999999999997,1.7400000000000002,-2.6399999999999997,4.91,4.4799999999999995,1.7299999999999998,0.050000000000000044,-0.1499999999999999,0.6099999999999998,0.9,0.15000000000000002,-0.26,2.67,0.8000000000000002,3.45,2.06
 ARTIGOS DE MAQUIAGEM,-3.27,-1.7399999999999993,2.33,2.2600000000000002,-1.259999999999999,1.1299999999999994,-2.4899999999999998,-5.95,-9.23,-1.8699999999999994,-3.4699999999999998,-10.03,-4.98,0.5599999999999996,-0.7700000000000004,3.119999999999999,-1.7800000000000002
 DESPESAS PESSOAIS,0.24999999999999992,-0.13999999999999996,0.94,0.27,1.17,1.05,1.1,1.2599999999999998,0.65,1.07,0.8300000000000001,0.63,1.27,0.72,1.06,1.0,0.8500000000000001
 SERVIÇOS PESSOAIS,0.48000000000000004,0.42999999999999994,0.43000000000000005,-0.06999999999999999,0.36,0.65,0.9099999999999999,0.7899999999999999,0.8400000000000001,0.39,0.29000000000000004,0.17000000000000004,1.16,0.25,1.08,1.2200000000000002,0.47
 SERVIÇOS PESSOAIS,0.48000000000000004,0.42999999999999994,0.43000000000000005,-0.06999999999999999,0.36,0.65,0.9099999999999999,0.7899999999999999,0.8400000000000001,0.39,0.29000000000000004,0.17000000000000004,1.16,0.25,1.08,1.2200000000000002,0.47
 COSTUREIRA,0.0,0.0,0.0,1.73,0.0,0.0,0.6799999999999999,0.0,0.0,0.0,0.0,0.0,0.0,0.7300000000000002,2.38,1.02,1.22
 MANICURE,1.61,0.6,-0.24,0.020000000000000018,0.52,-0.1599999999999997,5.83,4.92,1.26,2.29,-3.16,-0.77,1.55,0.029999999999999805,0.91,5.9799999999999995,0.79
 EMPREGADO DOMÉSTICO,0.22999999999999998,0.22999999999999998,0.22999999999999998,0.22999999999999998,0.22999999999999998,0.22999999999999998,0.22999999999999998,0.22999999999999998,0.22999999999999998,0.22999999999999998,0.22999999999999998,0.22999999999999998,0.22999999999999998,0.22999999999999998,0.22999999999999998,0.22999999999999998,0.22999999999999998
 CABELEIREIRO E BARBEIRO,0.3699999999999999,0.49,0.35,-2.05,-1.1400000000000001,2.3699999999999997,1.3499999999999999,1.42,2.19,-0.45,0.77,0.28,3.0300000000000002,-0.6900000000000001,3.1799999999999997,1.9200000000000002,0.09999999999999998
 DEPILAÇÃO,0.0,0.0,0.28,0.0,0.31999999999999995,2.5500000000000003,0.0,0.0,2.2399999999999998,1.02,-1.98,0.0,0.12000000000000005,0.0,0.0,5.33,0.65
 CARTÓRIO,0.0,0.0,0.0,0.0,0.0,0.0,0.0,0.0,0.0,0.0,0.0,0.0,0.0,0.0,0.0,0.0,0.0
 DESPACHANTE,0.0,0.0,3.9000000000000004,0.0,4.859999999999999,0.0,0.0,0.0,0.0,-0.07000000000000006,-0.94,-13.330000000000002,0.0,0.0,0.0,0.0,3.26
 SERVIÇO BANCÁRIO,0.8200000000000001,0.8200000000000001,0.8200000000000001,0.8200000000000001,0.8200000000000001,0.8200000000000001,0.8200000000000001,0.8200000000000001,0.8200000000000001,0.8200000000000001,0.8200000000000001,0.8200000000000001,0.8200000000000001,0.8200000000000001,0.8200000000000001,0.8200000000000001,0.8200000000000001
 CONSELHO DE CLASSE,0.0,0.33,0.0,0.0,0.36,0.48,0.0,0.0,0.0,0.0,0.67,0.48,0.0,0.0,0.0,0.0,0.39
 SOBRANCELHA,1.17,-2.88,1.1600000000000001,-0.33999999999999986,3.3400000000000003,2.57,0.0,-1.25,2.9099999999999997,0.7700000000000001,2.8600000000000003,1.08,7.319999999999999,3.71,0.8800000000000001,0.8399999999999999,1.71
 RECREAÇÃO E FUMO,-0.15000000000000002,-1.04,1.7999999999999998,0.88,2.62,1.87,1.49,2.07,0.27999999999999997,1.9900000000000002,1.54,1.7000000000000002,1.48,1.73,1.01,0.6000000000000001,1.5299999999999998
 RECREAÇÃO,-0.19,-0.030000000000000027,2.0300000000000002,1.02,3.58,1.98,1.65,2.4,0.30000000000000004,2.29,1.83,1.91,1.73,2.0100000000000002,1.1600000000000001,0.64,2.06
 CLUBE,0.0,0.0,13.21,0.0,0.41,2.92,0.0,0.0,0.0,0.0,0.0,0.0,0.0,0.0,0.0,0.0,3.0
 INSTRUMENTO MUSICAL,0.0,0.0,0.0,0.0,0.0,6.91,0.0,0.0,2.05,0.0,3.22,0.0,0.0,3.1399999999999997,0.0,0.0,3.6100000000000003
 TRATAMENTO DE ANIMAIS (CLÍNICA),-1.19,2.47,0.53,-1.2200000000000002,-0.42000000000000015,-0.8300000000000001,2.7700000000000005,0.12,0.52,2.17,-1.67,0.33,0.67,2.82,2.5100000000000002,1.87,0.18000000000000005
 BICICLETA,0.0,5.539999999999999,0.7300000000000002,0.52,9.79,4.04,6.66,0.0,9.11,9.739999999999998,4.46,6.81,-3.2199999999999998,2.0700000000000003,3.61,0.0,6.65
 ALIMENTO PARA ANIMAIS,-1.1,0.30999999999999983,2.17,0.5099999999999998,0.4900000000000002,3.05,3.7800000000000002,1.58,0.13999999999999999,3.11,3.5999999999999996,1.8199999999999998,6.48,2.92,2.6799999999999997,-3.2199999999999998,1.25
 BRINQUEDO,-0.060000000000000275,1.5,1.0399999999999996,4.2,2.05,-3.7,1.95,1.5700000000000003,1.02,3.8699999999999997,3.52,-2.12,0.1100000000000001,1.58,2.9099999999999997,3.86,1.58
 CASA NOTURNA,-0.05,0.0,-1.02,0.0,-1.18,0.0,0.0,0.0,0.0,0.0,0.0,0.0,-1.42,0.0,0.0,0.0,-0.91
 JOGOS DE AZAR,0.0,0.0,0.0,0.0,0.0,0.0,0.0,0.0,0.0,0.0,0.0,0.0,0.0,0.0,0.0,0.0,0.0
 MATERIAL DE CAÇA E PESCA,0.0,0.0,0.0,0.0,0.0,0.0,0.0,0.0,0.0,0.0,1.6900000000000002,0.0,0.0,2.0100000000000002,0.0,0.0,1.72
 HOSPEDAGEM,5.59,-1.67,2.11,7.22,-0.3800000000000001,1.26,4.17,4.4,-1.23,-0.6400000000000001,0.6700000000000002,6.79,7.07,3.98,6.029999999999999,6.9399999999999995,0.88
 PACOTE TURÍSTICO,4.09,-1.15,5.73,-0.81,14.709999999999999,10.76,0.0,6.359999999999999,2.3399999999999994,8.87,5.960000000000001,6.57,3.3000000000000003,0.0,0.4600000000000001,2.17,9.7
 SERVIÇO DE HIGIENE PARA ANIMAIS,0.97,2.5700000000000003,0.030000000000000027,0.0,3.0599999999999996,-1.32,0.0,0.6399999999999999,1.99,1.49,1.09,0.74,-1.82,0.0,0.0,0.0,1.86
" CINEMA, TEATRO E CONCERTOS",-5.699999999999999,-1.85,-1.85,-1.75,1.23,0.31,0.16999999999999993,2.85,-2.67,0.0,-0.4799999999999999,-2.42,0.0,0.0,-1.19,-1.42,-0.7499999999999999
 FUMO,0.0,-5.010000000000001,0.0,0.05,-2.66,0.08,0.0,0.05,0.05,0.0,0.08,0.0,0.0,0.0,0.05,0.0,-1.6600000000000001
 CIGARRO,0.0,-5.010000000000001,0.0,0.05,-2.66,0.08,0.0,0.05,0.05,0.0,0.08,0.0,0.0,0.0,0.05,0.0,-1.6600000000000001
 EDUCAÇÃO,3.11,0.8400000000000001,-0.28,0.11000000000000001,0.16000000000000003,0.55,0.64,3.75,-2.38,0.22999999999999998,-1.76,3.7,-0.18,0.83,3.37,-0.75,0.42
" CURSOS, LEITURA E PAPELARIA",3.11,0.8400000000000001,-0.28,0.11000000000000001,0.16000000000000003,0.55,0.64,3.75,-2.38,0.22999999999999998,-1.76,3.7,-0.18,0.83,3.37,-0.75,0.42
 CURSOS REGULARES,4.19,1.57,-0.62,-0.06,0.31,0.7,-0.34,4.61,-3.31,0.43,-2.52,3.68,-0.42,0.5,4.48,-0.78,0.55
 CRECHE,4.1,0.09,1.59,-2.79,1.6,0.25,0.0,1.61,0.0,5.19,-3.25,5.05,-0.58,1.58,0.0,-2.43,1.54
 PRÉ-ESCOLA,4.37,5.42,-2.86,0.06,0.36,0.63,-1.33,10.57,-5.33,3.92,-2.37,4.29,-0.66,0.0,0.97,-2.39,0.82
 ENSINO FUNDAMENTAL,6.2,1.07,0.29,0.0,0.45,0.18,-0.88,5.51,-5.95,2.7,-2.63,5.84,-0.64,0.92,2.08,-1.18,0.84
 ENSINO MÉDIO,6.75,1.5,0.19,0.0,0.78,0.25,0.89,6.12,-3.52,1.14,2.95,9.23,0.04,2.47,3.66,-0.72,1.19
 ENSINO SUPERIOR,0.8,2.52,-1.11,0.0,0.0,1.49,0.0,2.42,-0.05,-1.86,-2.72,2.22,-0.17,0.0,7.31,0.0,0.18
 PÓS-GRADUAÇÃO,0.0,-1.79,0.0,0.0,0.0,0.0,0.0,3.02,0.65,-12.14,-8.19,-2.11,-1.57,0.0,4.44,-1.97,-0.77
 EDUCAÇÃO DE JOVENS E ADULTOS,7.82,0.0,0.0,0.0,0.0,0.21,0.0,5.81,0.0,1.92,0.0,0.0,0.0,1.69,2.57,0.0,3.83
 CURSO TÉCNICO,0.0,-2.24,0.34,0.0,0.0,0.0,0.0,0.0,-1.05,0.0,0.0,0.0,0.0,0.0,0.0,0.0,-0.79
 LEITURA,-0.53,-3.16,-0.7100000000000001,0.03,-1.66,-2.2,0.29,0.17,-0.56,-1.63,-0.21,8.18,-0.24999999999999994,-0.33000000000000007,0.42,-0.75,-1.06
 JORNAL DIÁRIO,0.0,0.0,0.0,0.0,0.0,0.0,0.0,0.0,0.0,0.0,0.0,31.28,0.0,0.0,0.0,0.0,2.0300000000000002
 REVISTA,0.0,0.0,0.0,0.0,-4.709999999999999,0.0,0.0,0.0,0.0,0.0,0.0,0.0,0.0,-4.709999999999999,0.0,0.0,-4.709999999999999
 LIVRO DIDÁTICO,-0.08,-2.59,0.35,0.24,0.18,-0.64,0.39,0.17,-0.08,-0.61,-0.21,-0.46,0.97,1.06,0.42,-0.06,-0.06
 LIVRO NÃO DIDÁTICO,-3.2600000000000002,-6.870000000000001,-5.31,-1.33,-4.25,-6.3100000000000005,0.0,0.0,-3.18,-5.090000000000001,0.0,0.0,-2.79,0.0,0.0,-8.120000000000001,-4.82
 PAPELARIA,0.21999999999999997,0.62,1.82,5.5600000000000005,-0.45000000000000007,0.78,7.09,-1.07,0.6000000000000001,-0.8099999999999998,2.85,3.22,-2.59,1.4999999999999998,4.640000000000001,-0.1499999999999999,1.15
 CADERNO,-2.0999999999999996,2.55,1.57,1.82,-0.7999999999999998,0.8700000000000001,7.760000000000001,-0.8300000000000003,3.17,-2.12,3.01,3.02,-6.040000000000001,4.7,5.1899999999999995,-0.98,1.42
 ARTIGOS DE PAPELARIA,1.1,-0.59,2.01,8.13,-0.2899999999999999,0.7599999999999999,6.43,-1.22,-1.02,-0.16000000000000014,2.74,3.37,-0.9700000000000001,-1.6399999999999997,4.199999999999999,0.3799999999999999,1.03
 CURSOS DIVERSOS,0.78,-0.03999999999999998,0.8700000000000001,0.0,0.2799999999999999,1.66,3.29,0.0,0.72,0.32999999999999996,0.5600000000000002,0.82,1.33,2.8899999999999997,0.0,-0.43000000000000005,0.57
 CURSO PREPARATÓRIO,0.0,0.0,0.0,0.0,0.0,0.0,0.0,0.0,0.0,0.0,1.78,0.0,0.0,0.0,0.0,0.0,0.28
 CURSO DE IDIOMA,0.0,0.0,0.0,0.0,0.0,0.0,0.0,0.0,0.0,0.0,0.0,0.0,0.0,0.0,0.0,0.0,0.0
 CURSO DE INFORMÁTICA,0.0,0.0,0.0,0.0,0.0,0.0,0.0,0.0,0.0,0.0,0.0,0.0,0.0,0.0,-0.37000000000000005,0.0,-0.37000000000000005
 AUTOESCOLA,0.0,0.0,1.15,0.0,0.0,0.0,-2.8600000000000003,0.0,5.56,1.6400000000000003,0.0,0.0,-1.7500000000000002,8.59,0.0,0.46999999999999975,1.3199999999999998
 ATIVIDADES FÍSICAS,1.7,-0.04999999999999996,1.48,0.0,0.6000000000000001,3.2199999999999998,21.19,0.0,-0.37,0.009999999999999787,-0.5899999999999999,1.3299999999999998,4.04,-0.65,0.3999999999999999,-1.1,0.96
 COMUNICAÇÃO,0.84,1.3399999999999999,1.71,1.09,0.9299999999999999,1.07,-0.36,0.9099999999999999,0.9400000000000001,0.38000000000000006,0.21000000000000002,0.7100000000000001,0.05999999999999994,0.05,0.52,-0.6699999999999999,0.8899999999999999
 COMUNICAÇÃO,0.84,1.3399999999999999,1.71,1.09,0.9299999999999999,1.07,-0.36,0.9099999999999999,0.9400000000000001,0.38000000000000006,0.21000000000000002,0.7100000000000001,0.05999999999999994,0.05,0.52,-0.6699999999999999,0.8899999999999999
 COMUNICAÇÃO,0.84,1.3399999999999999,1.71,1.09,0.9299999999999999,1.07,-0.36,0.9099999999999999,0.9400000000000001,0.38000000000000006,0.21000000000000002,0.7100000000000001,0.05999999999999994,0.05,0.52,-0.6699999999999999,0.8899999999999999
 CORREIO,0.0,0.0,0.0,0.0,0.0,0.0,0.0,0.0,0.0,0.0,0.0,0.0,0.0,0.0,0.0,0.0,0.0
 PLANO DE TELEFONIA FIXA,3.73,2.59,3.12,2.76,1.29,3.0,2.8,2.72,2.71,2.86,2.36,2.75,2.66,2.64,2.68,2.7,2.44
 PLANO DE TELEFONIA MÓVEL,0.0,0.0,0.3899999999999999,0.3899999999999999,0.0,0.0,0.020000000000000018,0.020000000000000018,0.020000000000000018,0.020000000000000018,0.0,0.020000000000000018,0.0,0.0,0.020000000000000018,0.0,0.06
 TV POR ASSINATURA,0.0,0.0,0.0,0.0,0.0,0.0,0.0,0.0,0.0,0.0,0.0,0.0,0.0,0.0,0.0,0.0,0.0
 ACESSO À INTERNET,0.0,0.0,0.0,0.0,0.0,0.0,0.0,0.0,0.0,0.0,0.0,0.0,0.0,0.0,0.0,0.0,0.0
 APARELHO TELEFÔNICO,0.5799999999999998,5.24,6.21,2.79,6.03,2.27,-2.7300000000000004,2.31,2.6799999999999997,-0.94,-1.1799999999999997,2.0799999999999996,-1.4400000000000004,-1.05,0.8700000000000001,-3.790000000000001,2.84
 SERVIÇOS DE STREAMING,0.0,0.0,0.0,0.0,0.0,0.0,0.0,0.0,0.0,0.0,0.0,0.0,0.0,0.0,0.0,0.0,0.0
" COMBO DE TELEFONIA, INTERNET E TV POR ASSINATURA",1.38,1.38,1.38,1.38,0.0,1.38,1.38,1.38,1.38,1.38,1.38,1.38,1.38,1.38,1.38,1.38,0.85
