Variacoes - JANEIRO - MARÇO,RJ,POA,BH,REC,SP,DF,BEL,FOR,SAL,CUR,GOI,VIT,CG,NACIONAL
 ÍNDICE GERAL,1.46,0.6599999999999999,0.9400000000000001,1.11,0.81,0.6699999999999999,0.85,1.58,1.28,1.02,0.08000000000000002,1.01,0.9400000000000001,0.9600000000000001
 ALIMENTAÇÃO E BEBIDAS,0.27,1.31,-0.39,0.38999999999999996,0.18000000000000002,0.13,-0.019999999999999962,1.0,0.66,-0.19999999999999998,-0.8699999999999999,0.10000000000000009,-0.09999999999999998,0.24
 ALIMENTAÇÃO NO DOMICÍLIO,0.18999999999999995,0.76,-0.8200000000000001,-0.23999999999999996,-0.45000000000000007,-0.9700000000000002,-0.09999999999999998,0.9400000000000001,0.33000000000000007,-1.4700000000000002,-1.6,-0.45999999999999996,-1.2400000000000002,-0.27
" CEREAIS, LEGUMINOSAS E OLEAGINOSAS",-13.379999999999999,0.13999999999999996,-13.64,-10.26,-14.45,-9.81,-12.879999999999999,-3.15,-11.5,-14.190000000000001,-10.26,-14.33,-9.35,-11.28
 ARROZ,-0.16999999999999998,0.13000000000000012,-4.659999999999999,-1.86,-0.9699999999999999,1.86,-4.4,-1.5300000000000002,-2.95,-2.37,-1.66,-1.6500000000000001,-0.5900000000000001,-1.85
 FEIJÃO-MULATINHO,0.0,0.0,0.0,-4.199999999999999,0.0,0.0,0.0,1.98,4.56,0.0,0.0,0.0,0.0,-0.22000000000000036
 FEIJÃO-PRETO,-29.669999999999998,0.18999999999999997,0.0,0.0,0.0,0.0,-19.910000000000004,0.0,0.0,-33.91,0.0,-29.08,-20.04,-22.08
 FEIJÃO-MACASSAR (FRADINHO),0.0,0.0,0.0,-2.0,0.0,0.0,0.0,-3.39,0.9000000000000001,0.0,0.0,0.0,0.0,-2.29
 FEIJÃO-CARIOCA (RAJADO),0.0,0.0,-29.5,-46.48,-38.0,-27.84,-26.35,-28.64,-31.339999999999996,-36.45,-27.270000000000003,-35.93,-32.629999999999995,-33.39
" FARINHAS, FÉCULAS E MASSAS",1.42,-0.73,1.73,1.6600000000000001,-1.87,2.6399999999999997,0.27,5.31,10.67,-3.46,-0.07999999999999985,2.31,-1.01,1.77
 FARINHA DE ARROZ,0.0,0.0,0.0,0.0,0.0,0.0,0.0,0.6999999999999998,-0.09000000000000002,0.0,0.0,0.0,0.0,0.22
 MACARRÃO,-0.8999999999999997,1.3399999999999999,3.3499999999999996,0.4600000000000004,-2.3600000000000003,2.02,-3.53,1.14,0.19999999999999996,-0.8599999999999999,1.8900000000000001,0.63,0.51,-0.30000000000000004
 FUBÁ DE MILHO,0.0,0.0,0.16000000000000003,-5.28,0.0,0.0,0.0,0.0,3.35,0.0,4.390000000000001,0.0,0.0,-1.17
 AMIDO DE MILHO,0.0,0.0,0.0,0.0,0.0,0.0,0.0,0.5700000000000001,0.0,0.0,0.0,0.0,0.0,0.5700000000000001
 FLOCOS DE MILHO,0.0,0.0,0.0,0.4699999999999999,0.0,1.52,0.0,0.0,0.0,0.0,0.0,0.0,0.0,0.6100000000000001
 FARINHA DE TRIGO,-0.08000000000000007,-6.09,-0.18000000000000005,0.0,-6.380000000000001,0.0,-7.71,0.0,0.0,-7.71,-7.09,-1.49,-6.65,-5.58
 FARINHA VITAMINADA,0.0,0.0,0.0,-1.0099999999999998,0.0,0.0,0.0,2.7199999999999998,0.0,0.0,0.0,0.0,0.0,0.72
 FARINHA DE MANDIOCA,9.17,0.0,0.0,9.52,0.0,4.58,1.62,12.67,16.39,0.0,0.0,8.65,0.0,8.54
 MASSA SEMIPREPARADA,4.24,1.0099999999999998,0.18000000000000016,0.0,2.1,2.8000000000000003,0.0,0.0,0.0,-2.04,-1.2900000000000005,0.4399999999999999,2.79,1.3399999999999999
" TUBÉRCULOS, RAÍZES E LEGUMES",6.379999999999999,-12.280000000000001,0.5700000000000001,-2.08,-3.51,-2.8000000000000003,-4.789999999999999,1.7599999999999998,6.300000000000001,-5.050000000000001,6.34,9.18,-7.7700000000000005,-1.3600000000000003
 BATATA-INGLESA,2.339999999999999,-18.380000000000003,-3.4299999999999997,-3.3699999999999997,-10.100000000000001,-19.4,-17.95,-12.49,-4.0,-10.56,-6.829999999999999,10.17,-11.989999999999998,-8.46
 INHAME,0.0,0.0,0.0,-19.849999999999998,0.0,0.0,0.0,0.0,0.0,0.0,0.0,0.0,0.0,-19.849999999999998
 MANDIOCA (AIPIM),0.0,6.52,0.0,-3.0600000000000005,0.0,0.0,0.0,0.0,0.0,0.0,0.0,11.83,-9.040000000000001,0.5
 ABÓBORA,-6.87,0.0,-13.6,0.0,0.0,-11.01,0.0,0.0,0.0,0.0,-14.29,0.0,0.0,-11.33
 PIMENTÃO,0.0,0.0,0.0,0.0,0.0,0.0,0.0,0.0,6.0,0.0,0.0,0.0,0.0,6.0
 QUIABO,0.0,0.0,-16.189999999999998,0.0,0.0,0.0,0.0,0.0,0.0,0.0,0.0,0.0,0.0,-16.18
 TOMATE,7.56,-10.639999999999999,10.62,15.159999999999997,6.9300000000000015,1.2299999999999995,-1.2699999999999996,11.020000000000001,11.74,-3.2299999999999986,15.28,14.980000000000002,-4.4799999999999995,5.3100000000000005
 CEBOLA,-5.550000000000001,-6.299999999999999,-11.84,6.39,-10.129999999999999,-7.47,1.75,1.9000000000000004,-0.8100000000000005,-19.6,-6.27,2.460000000000001,-8.39,-6.12
 CENOURA,45.22,0.0,24.73,0.0,15.13,27.439999999999998,0.0,22.169999999999998,29.78,45.11999999999999,37.699999999999996,4.199999999999999,0.0,26.580000000000002
 MANDIOQUINHA (BATATA-BAROA),0.0,0.0,0.0,0.0,-26.630000000000003,0.0,0.0,0.0,0.0,0.0,0.0,0.0,0.0,-26.630000000000003
 AÇÚCARES E DERIVADOS,-1.1100000000000003,-1.3699999999999997,-2.96,0.52,-0.15000000000000013,2.0900000000000003,-6.3100000000000005,-0.16000000000000003,-2.74,-1.03,-3.77,-0.95,-1.4000000000000004,-1.3900000000000001
 AÇÚCAR REFINADO,-5.1000000000000005,-1.38,0.0,0.0,-1.95,0.0,-1.5099999999999998,3.31,0.0,-0.9199999999999999,0.0,0.0,0.0,-2.04
 AÇÚCAR CRISTAL,0.07000000000000006,-2.4299999999999997,-6.42,2.05,0.24,5.7,-9.11,-3.99,-4.620000000000001,0.7299999999999998,-5.339999999999999,-2.04,-1.7399999999999998,-2.8299999999999996
 BALAS,0.0,3.08,0.0,0.0,0.0,0.0,0.0,0.0,0.0,-4.3999999999999995,0.0,0.0,0.0,-1.22
 CHOCOLATE EM BARRA E BOMBOM,-0.9400000000000002,-3.5,4.28,-9.77,-0.8299999999999992,0.019999999999999907,-3.08,0.0,-3.04,-7.26,0.4,0.36000000000000004,-5.09,-1.9200000000000004
 SORVETE,-0.22000000000000008,0.3399999999999997,-1.58,-0.26,-0.41000000000000003,2.84,0.0,2.2,0.30000000000000004,0.3500000000000001,0.41000000000000003,1.81,1.96,-0.11999999999999994
 CHOCOLATE E ACHOCOLATADO EM PÓ,6.31,0.5,2.21,2.5900000000000003,2.2399999999999998,-1.46,-3.5,0.8799999999999999,7.29,3.42,-2.8200000000000003,1.31,-1.0300000000000002,2.2800000000000002
 DOCE  FRUTAS EM PASTA,0.0,0.0,0.0,-0.7500000000000004,0.0,-8.41,0.0,0.0,0.0,0.0,0.0,0.0,0.0,-4.43
 HORTALIÇAS E VERDURAS,5.54,35.32,0.1100000000000001,11.34,12.240000000000002,4.02,13.67,3.63,4.03,17.7,2.0300000000000002,2.7600000000000002,16.2,10.52
 ALFACE,4.5,39.9,0.18000000000000013,14.120000000000001,8.629999999999999,5.870000000000001,20.53,-1.13,3.06,22.33,-0.15000000000000036,-0.35000000000000053,7.81,10.25
 COENTRO,0.0,0.0,0.0,11.26,0.0,0.0,0.0,0.0,8.01,0.0,0.0,0.0,0.0,9.66
 COUVE,3.59,0.0,-3.2499999999999996,0.0,10.7,2.3400000000000003,0.0,0.0,0.0,13.530000000000001,2.38,3.809999999999999,0.0,5.1
 COUVE-FLOR,7.62,25.07,0.0,0.0,0.0,0.0,0.0,0.0,0.0,0.0,0.0,4.24,0.0,14.110000000000001
 REPOLHO,12.99,32.03,4.76,5.6899999999999995,17.07,7.540000000000001,12.479999999999999,0.0,9.629999999999999,9.330000000000002,8.59,20.42,52.69,14.07
 CHEIRO-VERDE,4.81,0.0,0.0,0.0,22.73,3.9700000000000006,11.26,4.43,-0.1299999999999999,0.0,0.0,0.9699999999999998,10.08,9.809999999999999
 AGRIÃO,0.0,0.0,0.0,0.0,0.0,0.0,0.0,0.0,0.0,0.0,0.0,0.0,-0.030000000000000138,-0.030000000000000138
 BRÓCOLIS,4.96,37.519999999999996,3.9099999999999997,0.0,19.32,0.9500000000000002,0.0,0.0,0.0,14.17,0.0,0.0,0.0,15.75
 FRUTAS,-0.8799999999999999,-6.710000000000001,-1.9099999999999997,11.77,-0.4199999999999997,-2.6799999999999997,-0.3600000000000003,11.9,2.7,-7.63,-1.3599999999999999,-0.08999999999999997,-4.32,-0.67
 BANANA-DA-TERRA,0.0,0.0,0.0,-3.71,0.0,0.0,0.0,0.0,-16.78,0.0,0.0,-10.6,0.0,-10.96
 ABACAXI,25.82,6.9300000000000015,8.04,3.6500000000000004,6.64,0.0,0.0,0.0,0.0,-1.4899999999999998,0.48,0.0,4.469999999999999,7.539999999999999
 ABACATE,0.0,0.0,0.0,0.0,0.0,0.0,-60.0,0.0,0.0,0.0,0.0,0.0,0.0,-60.0
 BANANA-D'AGUA,-9.479999999999999,-13.500000000000002,0.0,0.0,-7.05,-16.69,0.0,0.0,0.0,-27.830000000000002,0.0,0.0,-27.51,-13.079999999999998
 BANANA-MAÇÃ,0.0,0.0,0.0,0.0,0.0,0.0,0.0,0.0,0.0,0.0,-13.56,0.0,-11.27,-13.16
 BANANA-PRATA,-3.8200000000000003,-6.1000000000000005,-7.720000000000001,22.380000000000003,4.51,-10.33,7.360000000000001,27.64,3.54,-10.409999999999998,-2.42,-2.75,0.0,3.75
 LARANJA-BAIA,0.0,4.42,0.0,0.0,0.0,0.0,0.0,0.0,0.0,0.0,0.0,0.0,0.0,4.42
 LIMÃO,0.0,0.0,0.0,0.0,0.0,0.0,-59.68,0.0,0.0,0.0,0.0,0.0,0.0,-59.68
 MAÇÃ,-16.38,-3.7699999999999996,-27.87,-15.84,-7.640000000000001,-12.360000000000001,-6.199999999999999,-17.06,-8.7,-15.459999999999999,-12.32,-14.010000000000002,-22.970000000000002,-13.219999999999999
 MAMÃO,-5.869999999999999,-7.929999999999999,-5.75,-14.26,0.6799999999999995,-7.69,33.839999999999996,-7.760000000000001,-20.119999999999997,-17.229999999999997,0.0,3.7300000000000004,-9.73,-5.89
 MANGA,30.77,0.0,0.0,28.94,0.0,13.97,0.0,0.0,0.0,0.0,0.0,41.92999999999999,0.0,27.900000000000002
 MARACUJÁ,0.0,0.0,0.0,0.0,0.0,0.0,0.0,-16.180000000000003,1.8499999999999979,0.0,0.0,0.0,0.0,-4.760000000000002
 MELANCIA,0.0,0.0,26.599999999999998,7.2,5.17,22.150000000000002,4.59,13.549999999999999,12.16,3.1200000000000006,18.75,0.0,35.120000000000005,10.599999999999998
 PÊRA,-4.19,0.0,0.0,0.0,-11.379999999999999,-4.99,0.0,0.0,0.0,0.0,1.1999999999999997,-10.67,0.0,-8.43
 TANGERINA,0.0,-6.710000000000001,0.0,0.0,-0.4199999999999997,0.0,0.0,0.0,0.0,0.0,0.0,-0.08999999999999997,0.0,-6.34
 UVA,-6.81,0.0,-6.91,10.430000000000001,-8.45,8.17,-11.75,-9.41,2.33,5.08,-2.5699999999999994,-7.13,-11.27,-4.85
 LARANJA-PÊRA,16.29,0.0,27.050000000000004,42.34,17.290000000000003,11.65,4.85,29.62,25.81,21.5,8.67,15.9,18.59,20.46
 MORANGO,0.0,-12.63,4.73,0.0,0.0,0.0,0.0,0.0,0.0,16.740000000000002,0.0,0.0,0.0,3.59
 GOIABA,0.0,0.0,0.0,0.0,0.0,0.0,0.0,-1.1700000000000002,0.0,0.0,0.0,0.0,0.0,-1.1600000000000001
 CARNES,-4.249999999999999,1.69,-2.4299999999999997,-0.6599999999999999,-1.22,-4.37,0.3800000000000001,-0.5,-2.9299999999999997,-4.9799999999999995,-5.16,-3.24,-1.71,-1.8699999999999997
 FÍGADO,0.0,0.0,0.0,-2.14,0.0,0.0,-0.8200000000000003,0.0,-3.8600000000000003,0.0,0.0,0.0,0.0,-1.9700000000000002
 CARNE DE PORCO,0.8699999999999997,2.5000000000000004,4.04,1.4200000000000002,4.7700000000000005,0.81,3.03,0.81,-1.5599999999999996,-3.0599999999999996,2.0200000000000005,-3.3,1.22,2.25
 CARNE DE CARNEIRO,0.0,0.0,0.0,0.0,0.0,0.0,0.0,4.84,3.0,0.0,0.0,0.0,0.0,3.46
 CONTRAFILÉ,-5.859999999999999,3.66,-3.6500000000000004,-1.68,-2.3899999999999997,-4.030000000000001,0.20000000000000018,-1.4100000000000001,0.9500000000000002,-6.609999999999999,-6.619999999999999,-3.38,-2.9299999999999997,-2.61
 FILÉ-MIGNON,-11.52,0.0,0.0,4.0600000000000005,0.0,0.0,1.76,0.0,-2.31,-9.07,-4.32,0.0,1.5299999999999998,-4.8500000000000005
 CHÃ DE DENTRO,-3.03,2.6100000000000003,-3.5999999999999996,-0.8,-4.720000000000001,-4.66,3.5300000000000002,-2.48,-2.02,-2.6,-5.71,-6.109999999999999,-0.8600000000000003,-2.6100000000000003
 ALCATRA,-6.029999999999999,3.9000000000000004,-6.700000000000001,-2.6900000000000004,-3.5599999999999996,-5.859999999999999,2.29,-2.5500000000000007,-1.5899999999999999,-12.62,-5.88,-1.29,-1.97,-3.78
 PATINHO,-6.13,2.22,0.52,0.2600000000000007,1.0999999999999999,-4.75,3.87,-0.29000000000000004,-0.20000000000000018,-3.65,-4.0600000000000005,-0.8399999999999999,-3.7600000000000002,-0.5699999999999998
 LAGARTO REDONDO,0.0,0.0,0.0,0.0,0.0,0.0,2.74,0.0,-2.7299999999999995,0.0,0.0,0.0,0.0,0.8799999999999999
 LAGARTO COMUM,0.0,0.0,0.0,0.0,-3.0500000000000003,-5.34,0.0,-1.4999999999999996,-1.42,0.0,-5.170000000000001,0.0,-2.1500000000000004,-3.3400000000000003
 MÚSCULO,2.76,3.04,-1.9300000000000002,-0.9,-1.17,0.0,-5.109999999999999,0.0,-6.26,0.1900000000000004,-7.6499999999999995,-4.94,0.1499999999999999,-1.5599999999999998
 PÁ,0.0,-0.7400000000000002,0.0,1.5299999999999998,3.77,-2.3499999999999996,-1.7700000000000002,0.0,-1.5499999999999998,3.51,0.0,0.0,2.38,0.67
 ACÉM,0.69,-3.1900000000000004,-2.84,-2.03,1.9599999999999997,-0.39000000000000057,-3.33,0.8700000000000006,-4.130000000000001,-7.08,-7.0,-3.19,1.8800000000000003,-0.76
 PEITO,0.0,0.0,0.0,0.0,0.0,0.0,-4.359999999999999,0.02999999999999997,-13.920000000000002,0.0,-5.69,0.0,-2.2800000000000002,-7.460000000000001
 CAPA DE FILÉ,0.0,0.0,0.0,0.0,0.0,0.0,0.0,0.0,0.0,0.0,0.0,0.0,-1.0,-1.0
 COSTELA,-5.15,1.1099999999999999,-0.6299999999999999,-0.07999999999999963,-5.65,-5.300000000000001,1.49,-0.07000000000000006,-5.380000000000001,-1.27,-4.63,-2.92,-5.15,-2.22
 PESCADOS,8.23,6.25,4.819999999999999,3.72,1.7699999999999998,3.2599999999999993,10.67,5.1,6.53,1.1399999999999995,2.85,2.96,-0.4500000000000002,6.220000000000001
 PEIXE-ANCHOVA,16.12,0.0,0.0,0.0,0.0,0.0,0.0,0.0,0.0,0.0,0.0,0.0,0.0,16.12
 PEIXE-BADEJO,0.0,0.0,0.0,0.0,0.0,0.0,0.0,0.0,0.0,0.0,0.0,2.25,0.0,2.25
 PEIXE-CORVINA,16.54,0.0,0.0,2.4299999999999997,0.0,0.0,0.0,0.0,0.34999999999999987,0.0,0.0,0.0,0.0,4.729999999999999
 PEIXE-CAVALINHA,0.0,0.0,0.0,-4.4799999999999995,0.0,0.0,0.0,0.0,0.0,0.0,0.0,0.0,0.0,-4.4799999999999995
 PEIXE,0.0,6.25,4.819999999999999,0.0,0.0,3.2599999999999993,0.0,0.0,0.0,1.1399999999999995,2.85,0.0,0.0,3.8099999999999996
 PEIXE-SARDINHA,0.0,0.0,0.0,3.0700000000000003,-1.08,0.0,0.0,0.0,13.030000000000001,0.0,0.0,0.0,-3.62,2.5700000000000003
 CAMARÃO,5.4399999999999995,0.0,0.0,16.439999999999998,0.0,0.0,6.04,0.0,12.28,0.0,0.0,11.25,-3.36,8.44
 PEIXE-VERMELHO,0.0,0.0,0.0,0.0,0.0,0.0,0.0,0.0,6.95,0.0,0.0,0.0,0.0,6.95
 PEIXE-CAVALA,0.0,0.0,0.0,0.0,0.0,0.0,0.0,2.8199999999999994,0.19000000000000006,0.0,0.0,0.0,0.0,1.2500000000000004
 PEIXE-PACU,0.0,0.0,0.0,0.0,0.0,0.0,0.0,0.0,0.0,0.0,0.0,0.0,-0.16000000000000103,-0.16000000000000103
 PEIXE-DOURADO,0.0,0.0,0.0,0.0,0.0,0.0,0.0,0.0,0.0,0.0,0.0,18.509999999999998,0.0,18.5
 PEIXE-CAÇÃO,-5.43,0.0,0.0,0.0,-0.5599999999999996,0.0,0.0,0.0,0.0,0.0,0.0,3.4399999999999995,0.0,-2.5799999999999996
 PEIXE-MERLUZA,3.9,0.0,0.0,6.66,8.360000000000001,0.0,0.0,0.0,7.729999999999999,0.0,0.0,0.0,4.590000000000002,6.34
 PEIXE-SERRA,0.0,0.0,0.0,0.0,0.0,0.0,3.4400000000000004,0.79,0.0,0.0,0.0,0.0,0.0,2.2600000000000002
 PEIXE-PESCADA,19.75,0.0,0.0,-1.12,-0.29999999999999993,0.0,14.68,0.0,3.42,0.0,0.0,-11.35,0.0,8.99
 CARANGUEJO,0.0,0.0,0.0,0.0,0.0,0.0,2.7399999999999993,0.0,0.0,0.0,0.0,0.0,0.0,2.7299999999999995
 PEIXE-CASTANHA,0.0,0.0,0.0,-2.889999999999999,0.0,0.0,0.0,0.0,0.0,0.0,0.0,0.0,0.0,-2.880000000000001
 PEIXE-SALMÃO,0.0,0.0,0.0,0.0,4.329999999999999,0.0,0.0,5.1,0.0,0.0,0.0,0.0,-0.4500000000000002,3.88
 PEIXE-TILÁPIA,0.0,0.0,0.0,0.0,0.0,0.0,0.0,6.06,0.0,0.0,0.0,0.0,0.0,6.06
 PEIXE-TUCUNARÉ,0.0,0.0,0.0,0.0,0.0,0.0,10.67,0.0,0.0,0.0,0.0,0.0,0.0,10.67
 PEIXE-DOURADA,0.0,0.0,0.0,0.0,0.0,0.0,11.27,0.0,0.0,0.0,0.0,0.0,0.0,11.27
 PEIXE-PEROA,0.0,0.0,0.0,0.0,0.0,0.0,0.0,0.0,0.0,0.0,0.0,-3.5799999999999983,0.0,-3.5799999999999983
 PEIXE-PINTADO,0.0,0.0,0.0,0.0,0.0,0.0,0.0,0.0,0.0,0.0,0.0,0.0,8.6,8.59
 CARNES E PEIXES INDUSTRIALIZADOS,-0.25999999999999995,0.8500000000000001,4.15,0.25,1.88,2.17,0.9199999999999999,1.12,-1.41,-0.6399999999999999,3.48,4.75,0.6200000000000001,1.06
 PRESUNTO,2.95,5.6,-0.9099999999999999,0.0,0.48,1.09,-0.7899999999999998,5.0600000000000005,9.41,-0.9099999999999999,7.380000000000001,4.62,0.3099999999999996,1.82
 SALSICHA ,0.71,-0.5800000000000001,0.5399999999999999,2.79,5.83,2.21,-6.67,0.0,0.0,-1.8299999999999998,1.99,5.44,-3.45,2.25
 LINGUIÇA,-1.78,0.7300000000000001,9.129999999999999,5.290000000000001,1.52,2.9299999999999997,6.24,3.35,1.57,-0.21999999999999997,1.48,6.54,1.1599999999999997,2.38
 MORTADELA,0.27,-0.36,-1.4,0.5399999999999999,-0.21999999999999986,0.0,0.5499999999999999,0.5599999999999996,0.0,-0.45999999999999996,0.0,2.49,3.38,-0.11
 SALAME ,0.0,0.44999999999999973,0.0,0.0,0.0,0.0,0.0,0.0,0.0,0.0,0.0,0.0,0.0,0.44999999999999973
 CARNE-SECA E DE SOL,-1.88,0.0,0.0,-1.17,0.0,0.0,0.6299999999999999,-4.920000000000001,-3.79,0.0,0.0,-1.9900000000000007,0.0,-2.16
 CARNE DE PORCO SALGADA E DEFUMADA,0.0,0.0,-0.20000000000000012,0.0,0.0,0.0,0.0,0.0,-1.1599999999999997,0.0,0.0,0.0,0.0,-0.77
 HAMBÚRGUER,0.0,0.0,0.0,0.0,0.0,1.83,0.0,0.0,0.0,0.0,0.0,0.0,0.0,1.83
 AVES E OVOS,1.81,0.1999999999999999,-1.5400000000000003,-6.09,-1.42,-0.42999999999999994,-1.36,-3.25,-1.99,0.9899999999999998,-2.0100000000000002,-8.42,2.48,-1.5400000000000003
 FRANGO INTEIRO,-4.23,-4.9,-5.85,-9.34,-4.890000000000001,-1.9,-1.2200000000000002,-4.869999999999999,-2.15,-3.1400000000000006,-4.73,-16.52,1.2600000000000002,-4.66
 FRANGO EM PEDAÇOS,1.24,0.3099999999999996,-3.17,-3.3100000000000005,-4.0200000000000005,-2.9699999999999998,-4.8,-4.08,-2.1699999999999995,-3.79,-8.29,-8.17,0.45999999999999996,-2.35
 OVO DE GALINHA,11.309999999999999,4.25,10.23,2.66,7.630000000000001,7.15,0.16000000000000003,3.09,-0.49000000000000066,16.16,12.250000000000002,9.07,8.559999999999999,6.53
 LEITES E DERIVADOS,3.8200000000000003,8.22,2.7899999999999996,-1.42,1.6400000000000001,0.2900000000000001,-6.29,0.32000000000000006,-1.51,6.1000000000000005,1.45,0.78,0.54,1.85
 LEITE LONGA VIDA,10.709999999999999,11.76,2.8099999999999996,-7.95,3.3200000000000003,0.5200000000000001,-12.510000000000002,-2.72,-7.949999999999999,9.03,1.1199999999999997,1.95,1.8399999999999999,3.58
 LEITE CONDENSADO,0.0,0.06000000000000005,0.0,0.0,0.0,0.0,-8.25,0.9800000000000001,0.0,0.0,0.0,0.0,-0.8099999999999999,-2.16
 LEITE EM PÓ,-0.64,2.81,0.0,0.1200000000000001,-2.24,0.0,-6.23,1.42,0.8699999999999999,2.56,2.84,0.24,2.17,-0.9700000000000001
 QUEIJO,-2.6900000000000004,4.88,2.7,-3.0700000000000003,0.33,-0.9299999999999997,-4.7700000000000005,-1.17,2.27,1.27,1.0099999999999998,-2.37,-3.56,0.08000000000000007
 CREME DE LEITE,0.0,0.0,0.0,0.0,0.0,0.0,0.0,6.63,0.0,0.0,0.0,0.0,0.0,6.63
 IOGURTE E BEBIDAS LÁCTEAS,3.6599999999999997,5.02,2.94,6.31,-1.0100000000000002,1.31,1.3900000000000001,5.0600000000000005,1.58,3.13,3.9899999999999998,-1.2799999999999998,3.7800000000000002,1.9
 MANTEIGA,0.0,0.0,0.0,12.82,0.0,0.0,-2.38,13.25,3.2399999999999998,0.0,0.0,6.1,0.0,5.53
 PANIFICADOS,2.7800000000000002,0.26,1.04,1.17,1.02,0.41000000000000003,-1.7100000000000002,0.96,3.6500000000000004,-0.040000000000000036,0.6000000000000001,2.5,0.44,1.1600000000000001
 BISCOITO,1.81,1.4,0.6400000000000001,-0.74,-1.26,2.2,-2.21,1.18,-0.10999999999999988,0.6199999999999999,0.18000000000000005,0.8699999999999999,-1.6400000000000001,0.029999999999999978
 PÃO FRANCÊS,2.49,-0.8600000000000001,1.1300000000000001,1.6600000000000001,0.29000000000000004,-0.32999999999999996,-1.79,1.0,5.7,-1.24,0.010000000000000037,2.38,1.88,1.01
 PÃO DOCE,3.71,3.2800000000000002,-1.2400000000000002,0.0,0.52,2.17,-4.13,-1.6799999999999997,-0.3400000000000001,0.23000000000000032,0.0,2.74,-2.9499999999999997,0.62
 PÃO DE FORMA,4.08,-3.88,3.32,0.0,4.92,1.15,0.0,0.0,0.0,5.53,5.5,7.930000000000001,-2.8600000000000003,3.21
 BOLO,8.04,6.95,2.48,6.39,11.129999999999999,0.10000000000000007,4.26,1.26,5.83,0.2599999999999998,4.64,3.07,0.98,6.04
 PÃO DE QUEIJO,0.0,0.0,1.2000000000000002,0.0,0.0,-0.3500000000000001,0.0,0.0,0.0,0.0,-0.33999999999999986,0.0,0.0,0.62
 ÓLEOS E GORDURAS,4.4,7.01,5.890000000000001,3.81,5.85,1.67,10.620000000000001,4.43,4.6899999999999995,9.709999999999999,3.4699999999999998,7.58,3.57,5.93
 ÓLEO DE SOJA,5.419999999999999,5.890000000000001,5.51,4.890000000000001,9.59,1.8900000000000001,16.130000000000003,4.9,3.1599999999999997,12.88,3.33,8.92,4.6,7.46
 AZEITE DE OLIVA,-2.9000000000000004,0.0,0.0,0.0,-0.3800000000000001,0.0,0.0,0.0,0.0,0.0,0.0,-3.67,0.0,-1.41
 MARGARINA,7.1,9.65,7.25,2.8899999999999997,1.9,1.46,0.9100000000000001,3.87,7.48,3.11,4.19,11.04,0.5700000000000003,4.49
 BEBIDAS E INFUSÕES,1.22,0.6699999999999999,0.5599999999999999,0.89,0.3600000000000001,2.77,7.289999999999999,1.08,1.8399999999999999,0.8300000000000001,2.34,2.91,1.02,1.3499999999999999
 SUCO DE FRUTAS,-0.040000000000000036,3.8900000000000006,0.08999999999999969,2.3099999999999996,-1.9800000000000004,4.01,-0.09000000000000008,2.3,-2.76,-1.2299999999999998,2.7600000000000002,2.0,1.5,-0.4099999999999999
 AÇAÍ (EMULSÃO),0.0,0.0,0.0,0.0,0.0,0.0,22.18,0.0,0.0,0.0,0.0,0.0,0.0,22.18
 CAFÉ MOÍDO,5.11,0.94,5.45,4.03,4.8500000000000005,6.050000000000001,2.4,5.640000000000001,10.030000000000001,3.9900000000000007,8.040000000000001,6.49,3.3499999999999996,5.109999999999999
 CAFÉ SOLÚVEL,0.0,-0.52,0.0,3.4800000000000004,0.0,0.0,0.0,0.0,0.0,0.0,0.0,0.0,0.0,0.8600000000000001
 CHÁ,0.0,-0.4600000000000004,0.0,0.0,0.0,0.0,0.0,0.0,0.0,-0.12,0.0,0.0,-1.5399999999999998,-0.45999999999999996
 REFRIGERANTE E ÁGUA MINERAL,0.86,1.92,-0.3700000000000001,0.009999999999999998,0.6200000000000001,1.99,1.62,-0.3500000000000001,-0.2200000000000001,1.33,0.75,3.66,1.54,0.7100000000000001
 CERVEJA,-0.65,-1.4900000000000002,-4.09,-1.2100000000000002,-2.71,-0.010000000000000009,1.91,-6.800000000000001,-2.12,-2.59,-0.4999999999999999,0.5499999999999999,-1.03,-2.08
 OUTRAS BEBIDAS ALCOÓLICAS,0.5700000000000001,1.9800000000000002,2.2600000000000002,-0.17999999999999994,0.47,3.8000000000000003,-1.03,0.49,-0.9199999999999999,1.6099999999999999,1.5800000000000003,-1.88,0.0,0.73
 ENLATADOS E CONSERVAS,-1.92,0.79,0.12,2.49,2.2699999999999996,2.06,-1.6400000000000001,1.53,1.75,-1.17,0.6699999999999999,-2.75,-0.96,0.62
 COCO RALADO,0.0,0.0,0.0,0.0,6.83,2.4699999999999998,0.0,0.0,0.0,0.9,0.0,0.0,2.6900000000000004,4.6
 ERVILHA EM CONSERVA,-0.5599999999999999,1.5299999999999998,0.0,0.0,0.0,8.16,0.0,0.0,4.83,0.0,0.0,0.0,4.87,1.88
 PALMITO EM CONSERVA,2.0300000000000002,0.0,4.0600000000000005,0.0,3.9299999999999997,0.0,0.0,0.0,0.0,-0.26999999999999924,-1.3199999999999998,-5.93,0.0,2.2800000000000002
 PEPINO EM CONSERVA,0.0,0.15999999999999992,0.0,0.0,0.0,0.0,0.0,0.0,0.0,-1.2699999999999996,0.0,0.0,-0.5599999999999999,-0.3899999999999999
 SARDINHA EM CONSERVA,-3.4000000000000004,-2.94,-3.26,1.1400000000000001,-0.7200000000000002,0.0,-0.33000000000000007,0.24000000000000005,-2.73,1.32,-1.32,-1.06,-1.56,-0.9
 SALSICHA EM CONSERVA,0.0,0.0,0.0,7.4399999999999995,0.0,2.31,-0.11999999999999994,3.8899999999999997,0.0,0.0,0.0,0.0,0.0,2.54
 CARNE EM CONSERVA,0.0,0.0,0.0,2.83,0.0,0.0,-5.539999999999999,3.02,0.0,0.0,0.0,0.0,0.0,-0.5900000000000001
 PATÊ,1.33,0.7200000000000001,0.0,0.0,0.0,0.0,0.0,0.0,0.0,0.0,0.0,0.0,0.0,0.9500000000000001
 SOPA  DESIDRATADA,0.0,7.619999999999999,-0.44000000000000006,0.0,4.0,2.92,0.0,0.0,0.0,0.0,3.6400000000000006,1.41,0.0,3.19
 AZEITONA,0.3899999999999999,0.0,3.05,5.299999999999999,3.16,-0.6000000000000001,-1.17,0.0,0.8099999999999996,-3.51,2.96,-6.05,-3.3000000000000003,1.2800000000000002
 MILHO-VERDE EM CONSERVA,-4.68,1.91,-1.1599999999999993,1.1,0.9300000000000002,1.44,-0.8300000000000001,3.6199999999999997,7.84,-2.02,-2.32,-1.45,-1.19,0.0
 ATUM EM CONSERVA,-4.46,-1.3700000000000006,-2.72,0.0,0.8600000000000001,1.0,0.0,0.81,0.08000000000000002,-2.88,0.0,0.0,0.0,-1.07
 SAL E CONDIMENTOS,0.009999999999999676,1.02,-0.10000000000000009,-0.4700000000000001,-1.83,0.2200000000000002,1.53,-0.07,3.0999999999999996,-1.71,2.01,3.15,-4.75,-0.32999999999999996
 LEITE DE COCO,0.0,0.0,0.0,0.0,0.0,0.0,0.0,0.0,12.910000000000002,0.0,0.0,0.0,0.0,12.910000000000002
 ATOMATADO,5.02,1.26,1.52,-0.8900000000000006,-0.32999999999999985,2.83,1.76,2.69,5.4,-0.38,2.63,3.6300000000000003,0.48,1.2999999999999998
 ALHO,-3.670000000000001,0.0,-2.7600000000000002,-5.49,-5.17,3.51,-2.22,-2.31,-2.2600000000000002,-6.5,3.809999999999999,5.99,-14.330000000000002,-3.67
 SAL ,0.0,0.0,0.0,0.0,0.0,1.6799999999999997,-0.07999999999999996,4.529999999999999,0.0,0.0,-1.6,0.0,-2.8299999999999996,0.07999999999999996
 FERMENTO,0.0,1.3199999999999994,0.0,0.0,0.0,0.0,0.0,0.0,0.0,-1.6999999999999995,0.0,-1.06,0.0,-0.5899999999999999
 MAIONESE,1.1600000000000001,-0.020000000000000462,-1.77,4.77,-1.09,0.84,1.1100000000000003,-2.67,0.0,-1.39,1.0000000000000002,-1.4300000000000002,0.04999999999999982,-0.5199999999999998
 VINAGRE,0.0,0.0,0.0,6.33,0.0,0.0,1.38,0.0,0.0,0.0,0.0,0.0,0.0,3.81
 CALDO CONCENTRADO,2.29,1.05,5.9399999999999995,0.6000000000000001,4.8,6.37,0.0,0.9899999999999998,0.6499999999999999,0.0,0.0,1.27,0.0,3.1
 TEMPERO MISTO,0.0,2.13,0.15000000000000013,-0.14,-2.57,-8.26,7.83,4.09,0.76,1.18,1.35,1.31,0.7399999999999998,0.16999999999999998
 ALIMENTAÇÃO FORA DO DOMICÍLIO,0.39000000000000007,2.51,0.54,1.97,1.1400000000000001,1.63,0.2599999999999999,1.22,1.43,2.05,0.6200000000000001,1.22,2.74,1.21
 ALIMENTAÇÃO FORA DO DOMICÍLIO,0.39000000000000007,2.51,0.54,1.97,1.1400000000000001,1.63,0.2599999999999999,1.22,1.43,2.05,0.6200000000000001,1.22,2.74,1.21
 REFEIÇÃO,-0.24,2.99,0.5,1.75,1.0899999999999999,2.2600000000000002,0.6699999999999999,2.0300000000000002,0.81,2.83,0.6500000000000001,1.42,2.2800000000000002,1.2200000000000002
 LANCHE,1.8499999999999999,1.2200000000000002,0.41999999999999993,2.69,1.87,0.5800000000000001,0.59,0.81,2.48,0.7100000000000001,0.38999999999999996,0.49,5.1,1.44
 CAFÉ DA MANHÃ,-0.43999999999999995,0.9199999999999999,0.6900000000000001,1.96,0.4,1.79,-4.22,0.0,5.49,0.0,0.0,-1.77,0.0,0.7999999999999999
 REFRIGERANTE E ÁGUA MINERAL,1.0299999999999998,1.5999999999999992,1.1900000000000002,1.11,-2.28,-0.14,0.19999999999999996,0.11999999999999988,1.5499999999999998,0.9200000000000002,0.76,4.140000000000001,0.2599999999999998,-0.020000000000000018
 CAFEZINHO,-0.54,2.63,0.0,0.0,-0.35000000000000003,0.0,0.0,0.0,0.0,0.0,0.6300000000000008,0.0,0.0,0.019999999999999907
 CERVEJA,3.74,3.71,1.0999999999999999,3.15,1.9000000000000001,-0.97,-0.44999999999999996,-1.2399999999999998,1.43,0.8199999999999998,1.34,2.25,0.53,1.6
 OUTRAS BEBIDAS ALCOÓLICAS,0.72,0.0,0.73,-2.3899999999999997,0.0,1.72,-0.039999999999999925,-0.7900000000000001,5.04,0.0,0.0,-2.03,0.0,0.06
 DOCES,1.83,2.02,0.07000000000000006,1.4099999999999997,0.9800000000000001,0.27,-0.6899999999999997,0.7399999999999998,-0.20000000000000018,1.83,0.48,3.1899999999999995,3.17,0.98
 HABITAÇÃO,2.9400000000000004,1.69,2.2,0.44,1.3000000000000003,1.27,0.06999999999999998,1.68,1.35,1.25,0.89,2.02,1.69,1.5899999999999999
 ENCARGOS E MANUTENÇÃO,1.6600000000000001,1.22,0.72,0.8500000000000001,0.55,0.76,0.54,1.4100000000000001,0.75,0.36,0.74,0.7999999999999999,2.45,0.85
 ALUGUEL E TAXAS,1.88,1.6099999999999999,0.73,1.0,0.58,0.78,0.84,1.79,0.75,0.28,0.8,0.98,3.11,0.96
 ALUGUEL RESIDENCIAL,0.04999999999999999,1.52,0.32,0.63,0.5700000000000001,0.23,0.88,1.9000000000000001,0.7899999999999999,-0.29,1.03,1.52,0.5499999999999999,0.53
 CONDOMÍNIO,2.96,-0.8499999999999999,3.62,0.75,1.09,2.9299999999999997,1.44,4.61,1.3900000000000001,2.05,1.53,1.03,2.96,1.7100000000000002
 TAXA DE ÁGUA E ESGOTO,7.03,3.56,0.0,2.43,0.0,0.0,0.0,0.0,0.0,0.0,0.0,0.0,8.35,1.25
 MUDANÇA,0.0,0.0,0.0,0.0,0.0,0.0,0.0,0.0,0.0,4.65,0.1600000000000002,0.0,-3.75,2.2800000000000002
 REPAROS,1.44,0.9500000000000001,0.64,0.9600000000000001,1.1,1.43,0.51,0.93,1.52,1.01,1.06,0.38,1.5,1.04
 FERRAGENS,0.0,0.0,1.9,0.0,0.9199999999999999,0.0,0.0,0.05000000000000002,0.0,1.8299999999999998,1.2599999999999998,0.08000000000000002,0.0,1.15
 MATERIAL DE ELETRICIDADE,0.0,1.9200000000000004,0.0,0.0,0.0,0.0,-2.33,0.0,0.0,4.62,0.0,0.0,0.0,2.19
 MATERIAL DE PINTURA,0.0,0.0,-0.43000000000000016,0.0,0.0,0.0,0.0,0.0,-1.4299999999999997,0.0,0.0,-2.95,1.44,-0.6699999999999999
 VIDRO,4.85,0.0,-1.8300000000000003,0.0,0.0,0.0,0.0,0.0,0.0,0.0,0.0,0.0,0.0,2.01
 TINTA,0.69,0.7899999999999999,0.16999999999999998,0.9899999999999998,1.02,1.1500000000000004,-1.63,1.19,0.53,0.4,-0.5,-0.07000000000000006,0.72,0.63
 REVESTIMENTO DE PISO E PAREDE,-5.21,-3.54,0.5099999999999998,0.08999999999999997,2.4899999999999998,0.54,0.42999999999999994,-4.0600000000000005,2.93,-2.92,1.5799999999999998,-2.29,5.04,0.35000000000000014
 CIMENTO,1.5799999999999998,-0.9199999999999999,-7.1899999999999995,0.45999999999999985,-3.83,-0.8500000000000001,-0.6499999999999999,1.37,0.56,-2.2,-2.58,-2.26,-2.13,-1.85
 TIJOLO,0.0,0.5199999999999998,0.010000000000000009,-0.26,-0.21000000000000008,1.5499999999999998,-0.07999999999999999,-0.07000000000000006,5.25,-0.28,2.7399999999999998,-2.43,0.0,0.45
 MATERIAL HIDRÁULICO,0.0,0.0,-0.15999999999999992,0.0,0.19999999999999996,0.0,-2.24,0.0,2.3899999999999997,0.98,0.0,-1.1,0.0,0.2300000000000001
 MÃO DE OBRA,1.56,1.56,1.56,1.56,1.56,1.56,1.56,1.56,1.56,1.56,1.56,1.56,1.56,1.56
 AREIA ,1.94,0.0,0.19000000000000006,0.0,0.0,0.0,0.0,0.7100000000000002,0.30999999999999983,2.5,1.51,0.8299999999999998,0.0,1.32
 TELHA,3.1,0.0,0.73,0.0,0.0,0.0,1.2,0.69,1.1102230246251565e-16,0.060000000000000026,-0.31000000000000005,-0.21999999999999997,0.0,0.94
 ARTIGOS DE LIMPEZA,-0.29000000000000004,-0.61,0.87,-0.5199999999999999,-1.1099999999999999,-1.2199999999999998,-0.19,-0.050000000000000044,-1.3900000000000001,-0.9800000000000001,-0.5900000000000001,0.89,-0.54,-0.6
 ÁGUA SANITÁRIA,-0.37000000000000016,0.0,5.04,0.029999999999999805,-0.8200000000000001,-1.1700000000000002,-1.4100000000000001,2.42,-4.93,0.8199999999999998,0.0,0.0,0.0,-0.39
 DETERGENTE,0.7299999999999998,-2.28,-2.3400000000000003,-4.25,-0.38,1.19,-3.3,0.050000000000000044,-4.1,-3.6200000000000006,-0.61,-0.79,0.99,-1.4300000000000002
 SABÃO EM PÓ,-0.6900000000000001,-0.01999999999999999,0.06000000000000005,-1.1099999999999999,-1.87,-2.6599999999999997,1.93,0.12,-1.6099999999999999,-1.7799999999999998,-2.0299999999999994,1.0199999999999996,-1.7199999999999998,-0.97
 DESINFETANTE,0.7599999999999999,-3.49,0.3,-0.5700000000000001,0.0,0.34999999999999987,-0.4500000000000002,1.07,-1.7499999999999998,-4.31,0.6000000000000001,-0.39,-0.9400000000000001,-0.8900000000000001
 INSETICIDA,-0.6600000000000001,0.0,0.0,0.0,0.0,0.0,0.0,0.0,0.0,0.0,0.0,0.0,0.0,-0.6600000000000001
 SABÃO EM BARRA,-1.2000000000000002,-2.0199999999999996,5.18,1.99,2.08,-3.46,-4.01,-1.64,1.7999999999999998,2.1799999999999997,1.0100000000000002,2.8,5.07,1.04
 ESPONJA DE LIMPEZA,0.0,-1.9600000000000004,2.05,0.8399999999999999,-1.1099999999999999,0.0,2.52,-1.7000000000000002,0.0,-2.8499999999999996,0.7,-0.44000000000000006,-1.3900000000000001,-0.30999999999999994
 AMACIANTE,0.050000000000000044,1.25,0.9500000000000001,0.0,-1.55,0.78,-0.7999999999999999,1.17,1.61,1.88,0.28,2.63,-2.31,-0.05999999999999994
 COMBUSTÍVEIS E ENERGIA,5.93,2.6399999999999997,5.77,-0.49,3.2700000000000005,2.8600000000000003,-0.43,2.2399999999999998,2.9099999999999997,3.4699999999999998,1.34,4.390000000000001,0.42000000000000026,3.29
 COMBUSTÍVEIS (DOMÉSTICOS),2.6799999999999997,-1.6400000000000001,4.57,-1.8599999999999999,1.5699999999999998,-2.04,-1.3599999999999999,-0.3799999999999999,2.1199999999999997,-0.6000000000000001,-0.6200000000000001,0.5899999999999999,1.3800000000000001,0.97
 CARVÃO VEGETAL,0.0,-5.83,0.0,0.0,0.0,0.0,0.0,0.0,0.0,0.0,0.0,0.0,0.0,-5.83
 GÁS DE BOTIJÃO,0.09999999999999998,-1.32,4.57,-1.8599999999999999,1.7300000000000002,-2.04,-1.3599999999999999,-0.3799999999999999,2.1199999999999997,-0.6499999999999999,-0.6200000000000001,0.5899999999999999,1.3800000000000001,0.75
 GÁS ENCANADO,11.04,0.0,0.0,0.0,0.0,0.0,0.0,0.0,0.0,0.0,0.0,0.0,0.0,5.67
 ENERGIA ELÉTRICA RESIDENCIAL,7.01,4.26,6.319999999999999,0.1699999999999997,3.7800000000000002,4.14,-0.039999999999999813,3.83,3.4499999999999997,4.8,2.17,5.57,0.07999999999999963,4.15
 ENERGIA ELÉTRICA RESIDENCIAL,7.01,4.26,6.319999999999999,0.1699999999999997,3.7800000000000002,4.14,-0.039999999999999813,3.83,3.4499999999999997,4.8,2.17,5.57,0.07999999999999963,4.15
 ARTIGOS DE RESIDÊNCIA,0.05999999999999994,-0.14999999999999994,-0.07000000000000006,-0.51,0.0,-1.55,0.29,-0.23000000000000007,-0.9299999999999998,0.06000000000000006,-1.4600000000000002,-0.03,-0.32999999999999996,-0.21
 MÓVEIS E UTENSÍLIOS,0.32000000000000006,1.0,0.6199999999999999,-0.21999999999999997,0.8300000000000001,-1.57,-8.326672684688674e-17,0.8200000000000001,-0.040000000000000036,0.18000000000000002,-1.31,0.52,0.0900000000000003,0.38
 MOBILIÁRIO,-0.22999999999999993,0.21999999999999997,0.32000000000000006,-0.029999999999999916,0.9600000000000002,-2.3600000000000003,0.33000000000000007,1.7000000000000002,0.4299999999999997,0.62,-1.9200000000000002,0.74,-0.6699999999999999,0.30999999999999994
 MÓVEL PARA SALA,-0.9299999999999999,-0.07000000000000017,2.05,2.5,0.9299999999999997,-4.6,0.09000000000000008,0.5,2.68,0.4099999999999997,-2.74,0.19999999999999996,-3.12,0.53
 MÓVEL PARA QUARTO,0.99,1.8699999999999999,-1.09,-2.22,0.03999999999999959,1.4299999999999997,1.29,3.7500000000000004,-1.79,1.6900000000000002,-3.68,1.9500000000000002,0.6699999999999999,0.33000000000000007
 MÓVEL PARA COPA E COZINHA,-1.6300000000000001,-2.4299999999999997,-3.0999999999999996,-1.0199999999999996,5.540000000000001,-1.87,-0.54,1.1800000000000002,0.24,-0.28,-0.7099999999999997,-0.47,2.33,0.6899999999999998
 MÓVEL INFANTIL,0.0,0.0,0.0,-0.77,0.0,0.0,-1.88,-2.6500000000000004,0.0,0.0,-6.6,0.0,0.0,-2.5999999999999996
 COLCHÃO,0.050000000000000044,-0.9400000000000002,1.46,-3.92,-1.67,0.74,-0.22999999999999998,3.5700000000000003,-5.010000000000001,-1.0499999999999998,6.62,-3.21,0.31999999999999995,-1.04
 UTENSÍLIOS E ENFEITES,0.8200000000000001,2.2,1.12,-0.020000000000000018,1.5899999999999999,0.20999999999999996,-1.1099999999999999,-1.65,-0.050000000000000044,-0.19999999999999996,1.2999999999999998,-0.46,1.1199999999999999,0.8600000000000001
 TAPETE,-7.2299999999999995,5.4399999999999995,1.3800000000000001,-1.5800000000000003,-0.8399999999999999,-2.9699999999999998,-4.03,0.0,-6.140000000000001,7.34,-3.16,-2.3200000000000003,-0.7099999999999997,0.30000000000000004
 CORTINA,1.3599999999999999,3.4299999999999997,4.48,0.6900000000000001,1.9099999999999997,-0.19999999999999968,-0.9399999999999998,-0.6999999999999998,1.74,-2.16,2.6,-1.56,2.11,1.75
 UTENSÍLIOS DE METAL,2.8200000000000003,3.04,-1.59,-0.4299999999999997,-0.6400000000000001,-0.3500000000000001,2.6100000000000003,-1.27,-1.9000000000000004,-0.6900000000000002,0.1499999999999999,1.1600000000000001,5.359999999999999,0.0
 UTENSÍLIOS DE VIDRO E LOUÇA,0.5999999999999999,-0.3500000000000001,-2.7899999999999996,-6.93,0.9100000000000001,2.05,-3.67,-3.3200000000000003,4.17,2.19,3.24,1.42,2.5500000000000003,-0.37999999999999995
 UTENSÍLIOS DE PLÁSTICO,-7.41,-1.8199999999999998,0.0,10.989999999999998,1.02,-4.64,-1.1400000000000001,-4.859999999999999,0.74,1.3899999999999997,5.86,5.78,-1.5799999999999998,0.04000000000000001
 FLORES NATURAIS,0.0,1.2400000000000002,0.0,0.0,-0.06000000000000005,0.0,0.0,0.0,0.57,-2.49,0.0,0.0,4.02,0.040000000000000036
 UTENSÍLIOS DIVERSOS,3.24,1.3800000000000003,1.5,-0.3799999999999999,5.73,3.73,-2.48,0.29000000000000004,1.1799999999999997,-2.97,1.25,-1.25,-1.02,2.09
" CAMA, MESA E BANHO",2.96,1.7499999999999998,0.9099999999999999,-0.94,-1.44,-0.6999999999999997,0.47,-0.02000000000000024,-1.46,-0.77,-2.86,1.2699999999999998,1.7800000000000002,-0.15000000000000002
 ROUPA DE CAMA,2.28,2.6999999999999997,-0.56,0.3400000000000001,-3.4099999999999997,-0.6999999999999997,0.78,-1.0,-2.17,-1.6400000000000001,-2.86,2.44,0.79,-0.7699999999999999
 ROUPA DE BANHO,5.01,-0.8300000000000001,4.970000000000001,-3.94,2.75,0.0,-0.9199999999999999,2.42,1.69,2.0999999999999996,0.0,-1.47,4.46,1.6899999999999997
 APARELHOS ELETROELETRÔNICOS,-0.65,-1.82,-1.32,-1.24,-1.0,-2.43,0.55,-0.61,-2.52,0.21000000000000002,-0.97,-1.2,-0.99,-1.05
 ELETRODOMÉSTICOS E EQUIPAMENTOS,0.5799999999999998,-0.6100000000000001,-0.68,-1.99,0.8500000000000001,-2.0900000000000003,0.63,-0.35999999999999993,-1.0800000000000003,1.65,-2.52,-0.71,-0.19,-0.07999999999999996
 REFRIGERADOR,3.4299999999999997,-0.16000000000000014,-0.060000000000000275,-1.9399999999999997,1.76,-2.8699999999999997,4.09,0.51,-0.8300000000000003,2.9099999999999997,-3.15,0.16000000000000003,1.3200000000000003,0.84
 AR-CONDICIONADO,-0.83,1.46,0.0,-2.86,0.0,0.0,-6.32,0.0,0.0,-0.1499999999999999,0.0,0.6099999999999999,-1.0799999999999998,-1.27
 MÁQUINA DE LAVAR ROUPA,-3.1300000000000003,-1.45,-0.32999999999999996,2.33,1.7200000000000002,-1.15,-1.7000000000000004,0.019999999999999574,1.82,1.1400000000000001,-0.95,-3.1299999999999994,-5.95,0.08999999999999998
 LIQUIDIFICADOR,0.0,0.0,0.0,0.0,0.0,0.0,-2.29,0.0,0.0,0.0,0.0,0.0,0.0,-2.29
 VENTILADOR,-3.9199999999999995,0.0,0.0,-4.07,0.0,0.0,0.16000000000000014,1.09,0.0,0.0,0.0,0.0,-0.79,-2.0700000000000003
 FOGÃO,0.6000000000000001,-1.1500000000000001,-1.58,-2.8899999999999997,-0.2600000000000001,-0.8600000000000001,-1.4800000000000002,-3.48,-4.12,0.8900000000000001,-2.8099999999999996,-0.8400000000000001,1.0299999999999998,-1.22
 CHUVEIRO ELÉTRICO,0.0,2.0999999999999996,0.0,0.0,-0.16000000000000014,0.0,0.0,0.0,0.0,0.0,0.0,0.0,0.0,0.45000000000000007
 FORNO DE MICRO-ONDAS,0.0,-3.18,-3.23,0.0,-2.37,0.0,0.0,0.0,0.0,-0.7400000000000003,-2.19,0.0,0.0,-2.36
" TV, SOM E INFORMÁTICA",-2.2,-4.01,-2.18,-0.020000000000000018,-3.6499999999999995,-2.86,0.42000000000000004,-0.96,-4.42,-2.3899999999999997,1.31,-1.8800000000000001,-2.39,-2.5
 TELEVISOR,0.47,0.69,0.53,-1.4200000000000002,1.1500000000000001,-1.6,4.29,2.54,-3.3400000000000003,0.8600000000000001,-0.1399999999999999,1.3499999999999999,2.0199999999999996,0.56
 APARELHO DE SOM,-3.4099999999999997,-2.64,-4.94,0.5900000000000001,-4.24,0.71,-6.75,0.29,-1.07,-3.3,1.4,-0.6100000000000001,4.39,-2.75
 APARELHO DE DVD,2.0300000000000002,-0.73,-3.0500000000000003,-5.57,-5.05,-1.83,3.5100000000000002,-1.6,-1.6400000000000001,-0.8199999999999998,0.5299999999999998,-2.52,-2.16,-2.05
 ANTENA,0.0,0.0,0.0,-0.020000000000000018,0.0,0.0,0.42000000000000004,-0.96,0.0,0.0,2.08,0.0,0.0,0.26000000000000006
 MICROCOMPUTADOR,-4.1899999999999995,-7.74,-2.9399999999999995,2.84,-6.4,-4.170000000000001,-2.1399999999999997,-4.09,-6.029999999999999,-4.6,2.1799999999999997,-4.31,-6.17,-4.54
 CONSERTOS  E  MANUTENÇÃO,1.7000000000000002,0.44,0.050000000000000044,1.83,-0.3,2.6500000000000004,0.48000000000000004,-4.56,2.3200000000000003,-1.1,-3.83,1.48,0.42999999999999994,0.1
 CONSERTOS E MANUTENÇÃO,1.7000000000000002,0.44,0.050000000000000044,1.83,-0.3,2.6500000000000004,0.48000000000000004,-4.56,2.3200000000000003,-1.1,-3.83,1.48,0.42999999999999994,0.1
 CONSERTO DE REFRIGERADOR,6.24,0.2800000000000001,-3.18,0.5800000000000005,2.6199999999999997,0.39,0.57,0.0,0.5700000000000001,3.9000000000000004,2.72,0.0,1.18,1.89
 CONSERTO DE TELEVISOR,1.17,4.0600000000000005,-0.13000000000000012,4.81,-1.2,-5.210000000000001,0.0,0.93,1.3599999999999999,0.0,6.16,7.890000000000001,-5.23,0.8300000000000001
 CONSERTO DE APARELHO DE SOM,0.0,0.0,-1.0799999999999998,0.0,0.0,0.0,0.0,0.0,1.66,0.0,0.0,0.0,0.0,-0.4099999999999999
 CONSERTO DE MÁQUINA DE LAVAR ROUPA ,-1.06,-1.7800000000000002,0.0,0.0,0.64,15.610000000000001,2.74,0.0,0.0,-4.15,0.0,0.0,10.93,0.040000000000000036
 REFORMA DE ESTOFADO,0.0,1.8099999999999998,2.38,1.15,-1.8299999999999996,1.7999999999999998,-0.6200000000000001,-7.08,3.81,-1.35,-9.82,-0.43,2.1900000000000004,-1.16
 MANUTENÇÃO DE MICROCOMPUTADOR,0.0,0.0,0.0,0.0,0.0,0.0,0.0,0.0,0.0,0.0,0.0,0.8999999999999999,-5.99,-2.7299999999999995
 VESTUÁRIO,-0.45999999999999996,-2.56,-0.85,-1.42,0.11,0.47,-0.9100000000000001,-1.6400000000000001,-0.7,0.010000000000000009,-0.41000000000000014,-0.010000000000000009,-0.94,-0.61
 ROUPAS,-0.7600000000000001,-3.31,-1.2200000000000002,-1.71,-0.49,0.5,-0.8200000000000001,-1.9100000000000001,-0.5299999999999998,-0.30000000000000004,0.56,0.19000000000000006,-0.2599999999999999,-0.8999999999999999
 ROUPA MASCULINA,0.4099999999999999,-3.7,-0.19999999999999996,0.2699999999999999,-0.49,1.8699999999999999,0.64,-0.87,0.8800000000000001,-0.8899999999999999,-0.47,-2.2399999999999998,0.54,-0.42999999999999994
 CALÇA COMPRIDA MASCULINA ,-0.52,-1.87,-1.1400000000000001,2.05,-0.6500000000000004,0.62,-1.4699999999999993,-1.66,2.04,0.61,-0.09999999999999987,1.0899999999999999,-0.2799999999999998,-0.33999999999999997
 TERNO,4.26,1.67,1.81,3.4399999999999995,0.0,0.0,0.0,0.0,0.0,-0.74,2.8,4.74,0.0,1.9700000000000002
 AGASALHO MASCULINO,0.0,-4.78,-0.56,0.0,0.6299999999999999,1.8699999999999999,0.0,0.0,0.0,-0.8899999999999999,0.0,-2.2399999999999998,0.54,-1.1
 SHORT E BERMUDA MASCULINA,0.76,-5.2,-4.029999999999999,-0.44000000000000006,-2.230000000000001,-1.9500000000000002,2.8,-2.63,-0.5299999999999999,-3.34,1.2199999999999998,-3.17,-3.41,-1.25
 CUECA,0.0,-3.58,0.0,1.17,0.0,0.0,2.3,4.01,0.95,0.0,0.0,0.0,0.0,0.42000000000000004
 CAMISA / CAMISETA MASCULINA,-0.20000000000000018,-5.25,1.24,-0.9500000000000002,-0.050000000000000044,3.88,0.43000000000000016,0.17999999999999977,1.08,-1.8399999999999999,-1.8200000000000003,-4.67,2.54,-0.39999999999999997
 ROUPA FEMININA,-1.52,-3.25,-2.28,-3.81,-0.08999999999999997,-0.2200000000000002,-2.18,-2.54,-0.6499999999999999,-0.69,0.8899999999999999,1.7,0.11000000000000007,-1.25
 CALÇA COMPRIDA FEMININA,-0.48,-3.4699999999999998,-1.84,-2.1799999999999997,1.1900000000000002,-1.4500000000000002,-5.050000000000001,-2.6500000000000004,-3.33,0.6799999999999997,4.069999999999999,-2.36,-0.9500000000000002,-0.89
 AGASALHO FEMININO,0.0,-3.25,-2.28,0.0,-0.08999999999999997,0.0,0.0,0.0,0.0,-0.69,0.0,0.0,0.11000000000000007,-1.58
 SAIA,0.0,0.0,0.0,-2.6,0.0,0.0,2.36,-3.7800000000000002,2.88,0.0,-4.74,-2.0700000000000003,0.0,-0.3399999999999999
 VESTIDO,-1.65,-9.95,-3.0700000000000003,-2.08,1.1599999999999997,-2.77,-7.74,-5.880000000000001,0.4400000000000004,-5.0600000000000005,-1.5100000000000002,2.2399999999999998,-0.19999999999999996,-1.98
 BLUSA,-1.5899999999999999,-1.3900000000000006,-2.9299999999999997,-6.84,-1.9300000000000002,1.4600000000000004,0.11000000000000032,-1.3299999999999996,0.6600000000000001,-0.020000000000000018,-0.019999999999999907,5.16,0.9999999999999999,-1.4100000000000001
 LINGERIE,-0.98,-0.18000000000000005,0.25000000000000006,2.7755575615628914e-17,1.4300000000000002,1.9700000000000002,-1.25,1.72,-0.9400000000000002,-0.4800000000000002,2.11,-0.5300000000000002,-2.9600000000000004,0.27
 BERMUDA E SHORT FEMININO,-4.7,-7.11,-0.9699999999999999,-5.6899999999999995,0.0,0.3600000000000003,1.8000000000000003,-2.94,-2.14,-1.4,-0.13999999999999968,-1.1900000000000002,6.35,-2.3
 ROUPA INFANTIL,-0.9099999999999999,-2.66,-0.45999999999999974,-1.1099999999999999,-1.4,-0.62,-0.65,-2.17,-3.31,2.23,1.7499999999999996,1.25,-2.28,-0.97
 UNIFORME ESCOLAR,3.32,0.0,0.0,0.0,1.9300000000000002,0.0,3.76,0.0,3.0199999999999996,5.13,0.0,0.0,0.0,3.0100000000000002
 CALÇA COMPRIDA INFANTIL,0.45999999999999996,0.6300000000000003,1.17,0.04999999999999982,-2.2600000000000002,-2.91,0.6500000000000001,2.5100000000000002,0.4700000000000002,1.02,3.23,-1.05,-3.91,-0.21999999999999997
 AGASALHO INFANTIL,0.0,0.42000000000000015,3.12,0.0,1.3900000000000001,-0.62,0.0,0.0,0.0,-0.73,0.0,1.25,-2.28,0.9600000000000001
 VESTIDO INFANTIL,-4.43,0.0,-1.2000000000000006,-1.9699999999999998,-1.5399999999999996,-3.02,-1.8900000000000003,-1.32,-4.49,4.97,6.6,-2.5100000000000002,-1.05,-1.21
 SHORT E BERMUDA INFANTIL,-2.48,-5.63,-2.9099999999999997,-1.46,-2.8200000000000003,-1.5899999999999999,1.6400000000000003,-3.24,2.6399999999999997,1.13,2.5700000000000003,3.2199999999999998,-1.9099999999999997,-1.37
 CAMISA / CAMISETA INFANTIL,-0.46999999999999975,-4.66,-0.28000000000000025,-0.32999999999999974,-0.9199999999999999,1.6400000000000001,-2.18,-4.18,-8.18,2.54,-0.35,2.55,-1.87,-1.5299999999999998
 CONJUNTO INFANTIL,0.0,0.0,-0.09000000000000008,-2.95,-3.83,-0.2099999999999999,-3.12,-0.17000000000000015,0.0,0.0,-3.9399999999999995,0.47,0.0,-2.29
 CALÇADOS E ACESSÓRIOS,0.22999999999999998,-1.9000000000000001,-0.28,-0.8700000000000001,1.3399999999999999,0.37000000000000016,-1.56,-2.5300000000000002,-1.9300000000000002,0.6300000000000001,-2.3800000000000003,-0.5,-2.0,-0.24999999999999997
 CALÇADOS E ACESSÓRIOS,0.22999999999999998,-1.9000000000000001,-0.28,-0.8700000000000001,1.3399999999999999,0.37000000000000016,-1.56,-2.5300000000000002,-1.9300000000000002,0.6300000000000001,-2.3800000000000003,-0.5,-2.0,-0.24999999999999997
 SAPATO MASCULINO,-1.0100000000000002,-4.77,1.1700000000000002,-3.75,1.5700000000000003,4.75,-3.0399999999999996,-0.17000000000000004,-5.21,5.669999999999999,-4.08,0.06999999999999995,-4.02,-0.3699999999999999
 SAPATO FEMININO,1.5500000000000003,-1.9299999999999997,-2.9800000000000004,0.6200000000000001,2.1300000000000003,0.6699999999999999,-7.74,-0.8099999999999998,-3.9700000000000006,-1.3699999999999999,-2.5999999999999996,-5.27,2.3999999999999995,-0.7000000000000001
 SAPATO INFANTIL,0.0,0.0,0.0,-1.96,0.0,0.0,-0.7600000000000002,0.0,1.0700000000000003,0.0,0.0,0.0,0.0,-0.3599999999999999
 SANDÁLIA / CHINELO MASCULINO,0.0,0.0,0.0,1.26,0.0,0.0,-1.1800000000000002,0.0,-1.8400000000000003,0.0,0.0,0.0,0.0,-0.69
 SANDÁLIA / CHINELO FEMININO,-3.27,-7.68,-2.3899999999999997,-3.1399999999999997,-3.61,1.3600000000000003,-2.4,-3.05,0.16000000000000025,-4.3,-4.62,2.97,-6.41,-3.0199999999999996
 SANDÁLIA / CHINELO INFANTIL,0.0,0.0,0.0,-0.4200000000000004,0.0,5.42,-1.73,-4.58,3.86,0.0,0.030000000000000027,-0.8500000000000001,-0.95,-0.22999999999999998
 BOLSA ,0.33000000000000007,1.36,0.3600000000000003,-7.62,0.3600000000000001,0.08000000000000007,1.1199999999999999,-5.21,-4.12,2.1999999999999997,-2.82,3.04,-4.75,-0.5599999999999999
 TÊNIS,1.92,-0.94,2.35,4.4,3.75,-1.15,0.9299999999999999,-1.3400000000000003,-1.8099999999999996,1.17,-0.3599999999999999,-1.4099999999999997,0.010000000000000009,1.6800000000000002
 JÓIAS E BIJUTERIAS,-1.0500000000000003,0.43999999999999984,0.009999999999999898,-1.2000000000000002,0.19,0.6400000000000001,-0.07000000000000028,5.45,2.47,-0.96,-1.34,-0.07999999999999985,-1.8199999999999998,0.15
 JÓIAS E BIJUTERIAS,-1.0500000000000003,0.43999999999999984,0.009999999999999898,-1.2000000000000002,0.19,0.6400000000000001,-0.07000000000000028,5.45,2.47,-0.96,-1.34,-0.07999999999999985,-1.8199999999999998,0.15
 BIJUTERIA,-2.1999999999999997,-3.27,-7.02,-4.93,0.47,-3.15,-1.2000000000000002,5.01,3.64,1.4099999999999997,-0.29000000000000015,1.2000000000000002,-3.41,-1.01
 JÓIA,-0.27000000000000046,2.5,5.779999999999999,5.57,-0.030000000000000027,2.5700000000000003,1.73,0.0,1.1399999999999997,-2.2,-2.12,-0.7599999999999998,-0.6199999999999999,1.1
 RELÓGIO DE PULSO,0.0,0.0,0.0,-2.31,0.0,0.0,-2.12,5.9399999999999995,0.0,0.0,0.0,0.0,0.0,0.12
 TECIDOS E ARMARINHO,0.24999999999999967,1.65,0.5199999999999999,-0.15999999999999992,0.89,0.32000000000000006,1.5600000000000005,4.03,0.6500000000000001,4.29,5.84,1.39,-0.9300000000000006,1.44
 TECIDOS E ARMARINHO,0.24999999999999967,1.65,0.5199999999999999,-0.15999999999999992,0.89,0.32000000000000006,1.5600000000000005,4.03,0.6500000000000001,4.29,5.84,1.39,-0.9300000000000006,1.44
 TECIDO,1.64,-0.6,-0.89,-0.15999999999999992,0.7,0.9700000000000002,2.61,4.4799999999999995,0.09000000000000008,4.9,6.42,-0.1,1.8600000000000003,1.4800000000000002
 ARTIGOS DE ARMARINHO,0.0,2.17,2.95,0.0,5.19,-0.5599999999999998,0.16999999999999993,0.0,0.0,2.67,4.13,4.12,-5.83,2.9800000000000004
 ACORTINADO (MOSQUITEIRO),-2.37,4.68,0.0,0.0,-2.020000000000001,0.0,0.0,3.1100000000000003,3.9299999999999997,0.0,0.0,0.0,0.0,-0.6400000000000001
 TRANSPORTES,0.76,-2.23,0.73,2.33,-1.08,-0.41999999999999993,3.2800000000000002,4.13,2.5100000000000002,0.91,-1.6,0.6699999999999999,0.99,0.15000000000000002
 TRANSPORTES,0.76,-2.23,0.73,2.33,-1.08,-0.41999999999999993,3.2800000000000002,4.13,2.5100000000000002,0.91,-1.6,0.6699999999999999,0.99,0.15000000000000002
 TRANSPORTE PÚBLICO,0.2399999999999999,-1.75,4.83,7.4,-2.05,-2.3900000000000006,6.119999999999999,11.57,4.48,7.799999999999999,-1.5299999999999998,2.55,1.69,1.63
 ÔNIBUS URBANO,0.0,0.0,9.38,14.77,0.0,23.68,14.329999999999998,17.08,9.1,19.72,0.0,16.16,6.61,5.48
 TÁXI,0.0,0.0,0.0,7.76,0.0,0.0,0.0,0.0,0.0,0.0,0.0,0.0,0.0,0.42000000000000004
 TREM,13.39,0.0,0.0,0.0,0.0,0.0,0.0,0.0,0.0,0.0,0.0,0.0,0.0,2.5
 ÔNIBUS INTERMUNICIPAL,11.95,0.05,8.13,4.1,6.47,0.0,0.23,11.19,6.14,12.56,1.53,5.76,0.24,6.9
 ÔNIBUS  INTERESTADUAL,0.060000000000000005,-1.27,-1.84,-0.8899999999999999,-1.7999999999999998,-8.190000000000001,-3.85,-5.54,1.0,-0.05,0.48,0.30000000000000004,2.04,-1.14
 PASSAGEM AÉREA,-22.340000000000003,-31.79,-33.94,-27.86,-29.98,-35.19,-28.22,-16.58,-24.6,-34.06,-24.549999999999997,-26.990000000000002,-23.130000000000003,-29.28
 METRÔ,0.0,0.0,0.0,0.0,0.0,0.0,0.0,0.0,0.0,0.0,0.0,0.0,0.0,0.0
 TRANSPORTE HIDROVIÁRIO,0.0,0.0,0.0,0.0,0.0,0.0,-8.36,0.0,0.0,0.0,0.0,0.0,0.0,-8.36
 TRANSPORTE ESCOLAR,0.0,6.7700000000000005,2.02,2.29,3.67,1.38,0.0,0.0,0.0,0.95,0.0,2.42,0.0,2.96
 VEÍCULO PRÓPRIO,1.7,-1.27,-0.61,1.78,0.2,-0.24,1.88,2.08,1.42,1.3900000000000001,-0.98,1.63,0.8100000000000002,0.45
 AUTOMÓVEL  NOVO,-0.22000000000000003,-2.5999999999999996,-0.92,2.0,-1.02,-0.030000000000000027,2.2199999999999998,2.4699999999999998,3.0300000000000002,1.4700000000000002,-2.6399999999999997,3.09,3.09,-0.07
 EMPLACAMENTO E  LICENÇA,1.03,1.02,0.78,1.02,1.1099999999999999,1.02,1.17,2.53,1.02,0.98,0.99,1.0,1.02,1.0499999999999998
 SEGURO VOLUNTÁRIO DE VEÍCULO,34.42,1.98,-1.8399999999999999,6.920000000000001,-0.7099999999999997,2.23,0.0,0.8300000000000001,9.83,8.19,-0.46,0.13999999999999968,-4.320000000000001,4.6
 MULTA,0.0,0.0,0.0,0.0,0.0,0.0,0.0,0.0,0.0,0.0,0.0,0.0,0.0,0.0
 ÓLEO LUBRIFICANTE,1.95,0.09000000000000008,-0.19999999999999996,1.6600000000000001,-2.1900000000000004,1.67,0.25,0.029999999999999916,-0.21999999999999997,0.56,-0.78,0.0,0.0,-0.52
 ACESSÓRIOS E PEÇAS,0.61,2.5300000000000002,-1.0599999999999998,0.8199999999999998,3.62,6.41,-4.95,1.27,-0.42000000000000004,0.06000000000000005,-1.1,-0.1499999999999999,-1.23,1.21
 PNEU ,1.8199999999999996,1.1,-0.69,1.98,-0.63,4.05,-0.1800000000000002,1.2299999999999998,6.02,2.11,-0.36999999999999994,-0.83,1.8299999999999998,0.9500000000000001
 CONSERTO DE AUTOMÓVEL,-0.18,-0.79,0.7,1.8900000000000001,1.31,-1.53,8.52,0.6799999999999999,-0.030000000000000027,-0.32999999999999996,2.67,1.52,0.3899999999999999,0.74
 ESTACIONAMENTO,1.49,0.73,0.15,0.0,-0.16000000000000003,0.0,0.0,1.05,0.0,0.0,0.0,0.0,0.0,0.64
 PEDÁGIO,0.58,0.0,0.0,0.0,0.0,0.0,0.0,0.0,0.0,0.0,0.0,2.62,0.0,0.14
 LUBRIFICAÇÃO E LAVAGEM,0.0,0.0,0.0,8.26,-1.3299999999999996,0.0,0.0,0.0,0.0,5.220000000000001,0.0,0.0,0.1900000000000004,1.21
 AUTOMÓVEL USADO,3.0500000000000003,-7.09,-3.02,0.0,1.0,-3.37,0.5800000000000005,-5.29,-0.98,3.07,-3.9899999999999998,0.3299999999999999,-6.369999999999999,-0.64
 PINTURA DE VEÍCULO,0.0,0.0,0.0,3.0300000000000002,2.25,1.1800000000000002,0.0,0.0,-0.8300000000000001,5.67,0.0,0.6499999999999999,0.0,2.32
 ALUGUEL DE VEÍCULO,0.3400000000000001,0.0,0.0,0.0,0.0,0.0,0.0,0.0,0.0,0.0,0.0,0.0,0.0,0.3400000000000001
 MOTOCICLETA,-1.5999999999999999,3.47,0.6,-0.25000000000000006,-0.19999999999999998,3.19,1.23,6.88,1.19,-0.2999999999999998,-1.3199999999999998,-1.88,0.030000000000000138,0.6699999999999999
 COMBUSTÍVEIS (VEÍCULOS),0.3400000000000001,-3.92,-0.43999999999999995,-2.6999999999999997,-2.290000000000001,1.1900000000000004,-0.29999999999999993,-1.0300000000000002,2.6600000000000006,-3.99,-2.35,-2.34,1.02,-1.6500000000000001
 GASOLINA,-0.24,-4.37,-0.7400000000000002,-3.8099999999999996,-1.21,0.8900000000000001,-0.44999999999999996,-1.1800000000000004,1.5599999999999987,-4.15,-2.0799999999999996,-2.7,0.73,-1.58
 ETANOL,-0.07999999999999963,-0.010000000000000231,1.6100000000000003,0.9499999999999998,-4.630000000000001,3.8900000000000006,0.0,-0.1599999999999997,8.36,-3.91,-6.17,0.6699999999999999,4.67,-2.7199999999999993
 ÓLEO DIESEL,0.0,1.4499999999999997,1.5499999999999998,0.0,-0.09000000000000008,0.0,1.4200000000000002,-0.7,1.54,-0.07000000000000028,3.2300000000000004,2.16,0.3900000000000001,0.99
 GÁS VEICULAR,4.55,0.0,0.0,4.43,-0.34,0.0,0.0,0.0,0.47,0.0,0.0,1.6300000000000001,0.0,2.35
 SAÚDE E CUIDADOS PESSOAIS,2.1599999999999997,1.92,1.3399999999999999,1.93,2.09,1.58,1.77,1.38,0.94,2.85,1.55,1.26,1.32,1.89
 PRODUTOS FARMACÊUTICOS E ÓTICOS,1.2100000000000002,0.31999999999999995,-0.37,0.6900000000000001,1.08,0.37,0.71,0.69,-0.31,5.26,0.38,-0.6399999999999999,0.6899999999999998,0.99
 PRODUTOS FARMACÊUTICOS,1.4200000000000002,0.36,-0.43000000000000005,0.73,1.26,0.25,0.88,1.23,-0.42,5.54,0.41000000000000003,-0.51,0.5699999999999998,1.1099999999999999
 ANTI-INFECCIOSO E ANTIBIÓTICO,1.12,-2.28,0.47999999999999965,3.86,3.93,0.56,0.61,-0.9199999999999999,0.9800000000000002,4.53,1.7,0.36,1.4500000000000002,1.8099999999999998
 ANALGÉSICO E ANTITÉRMICO,1.44,0.96,-0.5699999999999998,1.25,0.8099999999999999,0.75,1.25,1.79,0.79,7.1899999999999995,0.9099999999999999,-1.0100000000000002,1.22,1.38
 ANTI-INFLAMATÓRIO E ANTIRREUMÁTICO,0.029999999999999916,-1.1800000000000002,-3.5999999999999996,-1.9900000000000002,3.3099999999999996,0.15999999999999992,1.25,1.57,-0.33999999999999997,3.52,-1.3599999999999999,0.29000000000000004,0.4600000000000004,0.9500000000000001
 ANTIGRIPAL E ANTITUSSÍGENO,3.23,0.78,1.61,-0.8499999999999999,1.87,-1.3,2.9,-0.7800000000000002,-3.47,4.859999999999999,0.26,-1.92,3.79,1.33
 DERMATOLÓGICO,0.8299999999999998,-0.8400000000000001,-1.2199999999999998,0.6599999999999999,2.17,0.0,0.13,2.03,-1.06,5.59,-0.27,-1.4100000000000001,1.1000000000000003,0.8200000000000001
 ANTIALÉRGICO E  BRONCODILATADOR,1.54,1.58,1.1300000000000001,0.35,0.88,0.41000000000000003,-0.8099999999999999,0.9000000000000001,0.6400000000000001,6.31,-0.6199999999999999,-0.99,-0.31999999999999984,1.17
 GASTROPROTETOR,3.01,0.81,0.91,-0.13000000000000012,0.37,0.85,2.4,1.66,0.7,10.45,1.7200000000000002,1.17,-1.0,1.7399999999999998
 VITAMINA E FORTIFICANTE,0.6299999999999997,1.65,0.49,2.06,3.56,0.32,0.21000000000000002,1.04,3.58,7.05,0.59,-1.2200000000000002,1.06,2.46
 HORMÔNIO,0.07000000000000028,1.3699999999999999,-1.84,-0.8400000000000001,-0.16000000000000003,-0.050000000000000044,-0.07999999999999999,0.4600000000000002,-1.14,4.74,0.6700000000000002,-1.59,1.22,0.15
 PSICOTRÓPICO E ANOREXÍGENO,3.74,1.38,0.47000000000000003,1.72,0.6199999999999999,-0.07999999999999999,0.06999999999999995,1.44,-2.8600000000000003,5.59,0.19,-0.99,0.74,1.46
 HIPOTENSOR E HIPOCOLESTEROLEMICO,1.03,-0.24000000000000002,-0.8099999999999998,1.0499999999999998,-0.19999999999999996,0.28,-0.04999999999999999,2.5,-1.44,4.05,0.54,0.35000000000000003,-1.1800000000000002,0.35
 OFTALMOLÓGICO,0.27,0.78,0.13,0.6,5.33,0.0,0.51,0.32000000000000006,0.59,6.890000000000001,0.26,-0.9,0.009999999999999981,2.2
 PRODUTOS ÓTICOS,-3.05,-0.16999999999999998,0.5,0.44,-1.46,2.76,-1.44,-2.07,0.7000000000000001,1.0099999999999998,0.039999999999999813,-2.6,2.17,-0.6
 ARMAÇÃO DE ÓCULOS,0.0,-6.34,0.0,0.0,-1.6,0.0,0.0,-1.05,4.28,0.81,0.0,0.0,0.0,-1.1999999999999997
 ÓCULOS SEM GRAU,-7.09,0.40000000000000013,-0.15000000000000013,2.88,-5.16,0.0,1.3800000000000003,-0.08000000000000006,-0.52,2.55,-0.7,2.13,1.1400000000000001,-1.3399999999999999
 LENTES DE ÓCULOS E DE CONTATO,0.0,1.71,0.99,-1.3800000000000001,1.3900000000000001,2.76,-3.33,-2.86,0.040000000000000036,0.25,1.02,-4.880000000000001,2.7199999999999998,0.060000000000000026
 SERVIÇOS DE SAÚDE,2.92,2.88,2.59,2.93,2.81,2.42,2.69,2.88,2.3,1.67,2.79,2.4,2.44,2.68
 SERVIÇOS MÉDICOS E DENTÁRIOS,2.08,1.06,2.29,1.27,2.22,0.54,1.65,2.52,0.77,1.74,1.77,0.6799999999999999,1.1600000000000001,1.8399999999999999
 MÉDICO,0.52,1.06,1.92,0.8300000000000001,3.41,0.2799999999999999,0.0,1.05,1.15,0.0,2.33,0.0,1.6000000000000005,1.49
 DENTISTA,2.11,1.48,3.1,1.98,1.9900000000000002,0.99,4.21,3.34,0.3600000000000001,2.2600000000000002,1.6,2.4,0.34,2.09
 APARELHO ORTODONTICO,0.0,1.31,0.0,0.0,2.17,0.0,0.0,0.0,0.0,3.8,0.0,0.0,3.0300000000000002,2.5
 ARTIGOS ORTOPÉDICOS,0.0,0.0,0.0,0.0,0.0,0.0,0.0,0.0,0.0,0.0,-0.62,0.0,0.0,-0.62
 FISIOTERAPEUTA,5.5200000000000005,0.0,0.0,0.0,2.58,0.0,0.0,0.0,0.0,0.0,0.0,0.0,0.0,3.0900000000000003
 PSICÓLOGO,4.72,-0.31000000000000005,0.32,1.06,-0.15,0.0,0.0,2.65,0.0,0.0,0.0,0.0,0.0,1.1400000000000001
 SERVIÇOS LABORATORIAIS E HOSPITALARES,0.7999999999999999,3.8600000000000003,1.02,4.279999999999999,0.77,1.97,1.42,1.12,1.7999999999999998,-1.56,3.2800000000000002,1.94,0.49,1.2000000000000002
 EXAME DE LABORATÓRIO,1.9499999999999997,0.8599999999999999,1.2899999999999998,8.01,0.0,2.23,1.35,0.8400000000000001,1.45,-0.23999999999999994,6.32,0.49,0.76,2.15
 HOSPITALIZAÇÃO E CIRURGIA,-0.74,5.23,0.8400000000000001,2.57,0.71,1.5,2.77,1.2999999999999998,2.41,-1.98,1.8900000000000001,3.1999999999999997,0.0,0.9600000000000001
 EXAME DE IMAGEM,3.1799999999999997,1.2800000000000002,1.06,2.2,1.1400000000000001,0.0,0.019999999999999907,1.25,0.87,0.17,0.8699999999999999,0.1,1.23,1.17
 PLANO DE SAÚDE,3.21,3.1500000000000004,3.18,3.21,3.21,3.21,3.21,3.21,3.16,3.21,3.21,3.1700000000000004,3.1500000000000004,3.21
 PLANO DE SAÚDE,3.21,3.1500000000000004,3.18,3.21,3.21,3.21,3.21,3.21,3.16,3.21,3.21,3.1700000000000004,3.1500000000000004,3.21
 CUIDADOS PESSOAIS,1.67,2.81,1.44,1.64,1.5499999999999998,2.07,1.99,0.5900000000000001,0.57,1.35,1.3,2.13,0.14999999999999997,1.55
 HIGIENE PESSOAL,1.67,2.81,1.44,1.64,1.5499999999999998,2.07,1.99,0.5900000000000001,0.57,1.35,1.3,2.13,0.14999999999999997,1.55
 PRODUTO PARA CABELO,1.7600000000000002,6.890000000000001,-0.41000000000000003,-1.4200000000000002,2.57,0.8300000000000001,3.56,1.46,3.1100000000000003,-0.30000000000000004,0.58,1.08,1.15,2.05
 FRALDA DESCARTÁVEL,0.0,8.55,5.0,5.010000000000001,0.0,0.33999999999999986,-3.51,0.0,0.16999999999999993,-2.4200000000000004,3.0,0.0,-3.579999999999999,2.56
 PRODUTO PARA BARBA,0.0,-1.02,0.0,0.0,0.0,0.0,-1.75,0.0,0.0,0.0,0.0,3.7699999999999996,0.0,-0.5399999999999999
 PRODUTO PARA PELE,0.77,1.58,0.19,-1.22,2.3,2.5700000000000003,1.4,-2.9899999999999998,1.57,1.27,0.36,0.2799999999999999,2.83,1.1600000000000001
 PRODUTO PARA HIGIENE BUCAL,3.18,1.1899999999999997,3.08,-2.63,-1.0500000000000003,3.1399999999999997,1.8599999999999999,1.89,-4.64,3.86,0.47000000000000003,4.57,-8.32,0.69
 PRODUTO PARA UNHAS,2.3999999999999995,6.4,2.37,4.660000000000001,0.38999999999999996,0.0,0.039999999999999925,5.37,-2.34,0.0,0.1100000000000001,0.0,0.5299999999999998,1.72
 PERFUME,0.8,1.71,0.94,2.59,1.6600000000000001,2.1500000000000004,3.2199999999999998,0.3900000000000001,0.6900000000000001,1.21,1.59,1.8699999999999999,1.51,1.53
 DESODORANTE,5.84,1.88,3.59,2.61,3.2199999999999998,2.5999999999999996,-1.0700000000000003,-2.87,2.09,0.9099999999999999,1.38,1.2,0.02999999999999997,2.34
 ABSORVENTE HIGIÊNICO,0.0,0.0,0.0,-1.25,0.0,0.0,1.9500000000000002,0.30000000000000004,0.0,0.0,0.0,0.0,0.0,0.41999999999999993
 SABONETE,2.2,2.8,2.9000000000000004,2.16,0.4800000000000001,-1.0999999999999999,0.7799999999999999,2.75,-3.29,3.04,2.48,5.4,-2.53,1.32
 PAPEL HIGIÊNICO,0.77,0.7,-0.09000000000000002,1.3600000000000003,-0.4700000000000001,0.95,-2.95,0.8200000000000001,-0.8799999999999999,1.9200000000000004,-1.1600000000000001,1.63,0.18999999999999995,0.1499999999999999
 ARTIGO DE MAQUIAGEM,6.040000000000001,6.679999999999998,3.869999999999999,5.779999999999999,4.77,7.489999999999998,3.4699999999999998,7.479999999999997,4.48,2.8700000000000006,5.17,5.209999999999999,7.34,4.8100000000000005
 DESPESAS PESSOAIS,1.1600000000000001,1.05,0.9299999999999999,1.1600000000000001,1.71,1.2,0.5800000000000001,0.6200000000000001,0.89,1.46,1.4300000000000002,1.21,1.66,1.28
 SERVIÇOS PESSOAIS,1.8400000000000003,1.31,0.95,1.1199999999999999,1.3299999999999998,1.36,0.71,0.45999999999999996,0.97,1.58,1.8199999999999998,1.18,1.8699999999999999,1.31
 SERVIÇOS PESSOAIS,1.8400000000000003,1.31,0.95,1.1199999999999999,1.3299999999999998,1.36,0.71,0.45999999999999996,0.97,1.58,1.8199999999999998,1.18,1.8699999999999999,1.31
 COSTUREIRA,0.0,0.0,1.54,6.18,0.0,0.0,-4.08,-2.1300000000000003,0.18000000000000016,1.35,0.0,0.0,0.0,0.58
 MANICURE,1.1400000000000001,0.33,2.81,2.1199999999999997,0.47000000000000003,0.63,0.07000000000000028,-0.65,-1.24,3.1900000000000004,-0.72,0.3600000000000001,4.46,0.94
 CABELEIREIRO,3.5900000000000003,0.79,-1.98,-0.8099999999999998,0.6299999999999999,0.5700000000000001,-0.33999999999999997,-1.81,0.17000000000000015,1.3299999999999998,3.8899999999999997,0.16999999999999993,3.21,0.6499999999999999
 EMPREGADO  DOMÉSTICO,1.56,1.56,1.56,1.56,1.56,1.56,1.56,1.56,1.56,1.56,1.56,1.56,1.56,1.56
 DEPILAÇÃO,0.0,0.0,0.0699999999999999,0.0,0.0,0.0,0.0,0.0,0.0,0.0,0.0,0.0,-2.1799999999999997,-0.4399999999999999
 DESPACHANTE,0.0,2.83,2.34,0.0,3.19,0.0,0.0,0.0,0.0,0.0,0.0,0.0,0.0,3.05
 SERVIÇO BANCÁRIO,1.01,1.01,1.01,1.1400000000000001,1.01,1.01,1.1400000000000001,1.1400000000000001,1.1400000000000001,1.01,1.1400000000000001,1.1400000000000001,1.1400000000000001,1.04
 CONSELHO DE CLASSE,0.0,0.0,0.0,2.1799999999999997,0.0,0.0,0.0,0.0,0.0,2.15,0.0,0.0,2.1399999999999997,2.16
" RECREAÇÃO, FUMO E FILMES",0.12000000000000001,0.72,0.88,1.22,2.29,0.8099999999999999,0.37,0.8900000000000001,0.73,1.31,0.5700000000000001,1.27,1.07,1.26
 RECREAÇÃO,-0.03,0.97,0.8500000000000001,1.27,2.01,0.78,0.45999999999999996,0.89,0.7699999999999999,0.9400000000000001,0.32000000000000006,1.62,1.1700000000000002,1.11
 CINEMA,1.11,2.9699999999999998,-0.25,2.06,1.4599999999999997,3.85,-2.63,0.0,5.67,1.450000000000001,10.040000000000001,11.26,2.95,1.98
 CD E DVD,0.0,0.0,1.15,-4.17,3.97,-1.84,1.27,2.88,1.9100000000000001,5.5600000000000005,0.0,0.0,1.2699999999999998,2.1599999999999997
 INGRESSO PARA JOGO,0.0,0.0,0.0,-3.98,0.0,0.0,-1.9,0.0,-9.540000000000001,0.0,0.0,0.0,0.0,-5.81
 CLUBE,1.1399999999999997,5.680000000000001,5.35,0.0,8.36,0.0,0.0,0.0,0.0,4.27,-0.87,0.0,11.09,5.79
 INSTRUMENTO MUSICAL,0.28,-3.24,0.0,0.0,-2.01,0.0,0.0,0.0,0.0,0.0,0.0,-3.22,-1.1400000000000001,-1.54
 TRATAMENTO DE ANIMAIS,-0.09000000000000008,1.58,2.77,3.12,2.86,1.73,2.71,3.06,6.32,0.53,-0.16999999999999993,1.5999999999999999,3.13,2.15
 BICICLETA,-0.3999999999999999,0.0,1.1,-0.13000000000000012,2.25,1.1500000000000004,0.13,0.16000000000000003,3.2199999999999998,-1.34,0.15,-0.49,-7.210000000000001,0.7100000000000001
 ALIMENTO  PARA ANIMAIS,0.7799999999999999,3.06,1.38,4.1499999999999995,2.74,5.6,0.68,2.88,0.2400000000000001,4.01,2.44,6.93,3.09,2.46
 BRINQUEDO,-0.31999999999999995,2.13,-1.75,-2.33,-0.12000000000000001,1.0899999999999999,2.8,-0.3400000000000001,-0.6699999999999999,1.7199999999999998,-0.65,1.27,2.71,0.020000000000000018
 LOCAÇÃO DE DVD,4.88,-2.62,3.5,0.8600000000000001,-0.5100000000000002,1.93,0.8900000000000001,-2.11,0.8900000000000001,-0.99,0.8999999999999999,2.41,0.0,0.6799999999999999
 BOATE E DANCETERIA,5.31,-5.619999999999999,-1.4400000000000002,1.18,-0.22999999999999998,0.0,0.2899999999999999,0.029999999999999805,0.0,1.76,-2.4,4.16,0.30999999999999994,-0.6800000000000002
 JOGOS DE AZAR,0.0,0.0,0.0,0.0,0.0,0.0,0.0,0.0,0.0,0.0,0.0,0.0,0.0,0.0
 MOTEL,0.0,0.0,0.0,0.0,0.0,0.0,0.64,0.0,0.0,0.0,0.0,0.0,0.0,0.64
 HOTEL,-2.5700000000000003,1.36,-1.96,4.05,2.1,-2.92,-3.63,4.57,1.1600000000000001,-1.2200000000000002,0.09999999999999998,0.43999999999999995,2.8000000000000003,0.48
 EXCURSÃO,-1.17,7.209999999999999,2.4799999999999995,1.1199999999999997,12.760000000000002,2.03,0.51,5.5600000000000005,0.0,0.4700000000000002,-4.48,-1.3200000000000003,-10.61,2.0399999999999996
 FUMO,0.96,0.0,0.96,0.88,2.96,0.88,0.0,0.85,0.85,3.06,0.99,0.0,0.84,1.68
 CIGARRO,0.96,0.0,0.96,0.88,2.96,0.88,0.0,0.85,0.85,3.06,0.99,0.0,0.84,1.68
 FOTOGRAFIA E FILMAGEM,-3.6900000000000004,3.2600000000000002,1.2900000000000005,3.05,2.9,2.13,1.44,1.44,-0.8299999999999998,-0.30999999999999983,1.26,0.85,-1.0099999999999998,1.2200000000000002
 MÁQUINA FOTOGRÁFICA,-1.53,2.0200000000000005,3.84,1.4100000000000001,2.9,0.6499999999999999,1.44,1.3800000000000001,3.33,2.52,-0.8300000000000001,-0.08999999999999997,1.48,2.24
 REVELAÇÃO E CÓPIA,-5.43,4.82,-0.4299999999999997,4.37,0.0,2.71,0.0,1.5799999999999998,-2.7,-2.6,2.3400000000000003,2.1,-3.23,-0.3999999999999998
 EDUCAÇÃO,7.040000000000001,6.279999999999999,6.819999999999999,7.05,6.01,4.26,5.48,6.47,7.79,5.4799999999999995,5.109999999999999,6.1,5.680000000000001,6.28
" CURSOS, LEITURA E PAPELARIA",7.040000000000001,6.279999999999999,6.819999999999999,7.05,6.01,4.26,5.48,6.47,7.79,5.4799999999999995,5.109999999999999,6.1,5.680000000000001,6.28
 CURSOS REGULARES,9.65,8.280000000000001,8.91,8.83,7.460000000000001,5.27,9.17,8.26,10.120000000000001,7.45,6.23,7.89,8.76,8.18
 CRECHE,0.0,9.83,0.0,0.0,0.0,0.0,0.0,0.0,0.0,0.0,0.0,0.0,0.0,9.83
 EDUCAÇÃO INFANTIL,9.59,13.08,9.85,11.4,9.81,11.29,11.8,12.65,9.48,10.06,7.83,8.85,10.99,10.129999999999999
 ENSINO FUNDAMENTAL,9.8,12.48,10.35,10.9,9.14,11.88,11.42,9.53,10.049999999999999,9.07,8.75,11.14,12.899999999999999,9.95
 ENSINO MÉDIO,8.72,14.43,10.3,10.48,8.9,10.88,11.33,10.42,10.82,9.34,11.87,10.62,17.099999999999998,9.739999999999998
 ENSINO SUPERIOR,11.95,6.03,8.76,7.1,8.33,2.09,8.71,6.13,10.86,6.79,3.65,6.03,5.59,7.87
 PÓS - GRADUAÇÃO ,-1.13,13.86,3.55,0.0,-6.59,0.37,0.59,1.22,4.64,5.359999999999999,6.26,4.14,1.29,-0.78
 LEITURA,3.5199999999999996,2.73,1.2200000000000002,3.09,3.25,2.59,0.6,2.22,5.09,2.1900000000000004,1.78,1.4100000000000001,2.5,2.87
 JORNAL DIÁRIO,5.66,0.0,0.0,0.0,3.19,0.0,0.0,0.0,0.0,0.0,0.0,0.0,0.0,2.91
 ASSINATURA DE JORNAL,0.0,2.92,-4.99,2.05,0.0,0.0,0.0,0.0,0.0,0.0,0.0,2.55,0.0,-0.13
 REVISTA,3.09,3.09,3.09,3.09,3.09,3.09,3.09,3.09,3.09,3.09,3.09,3.09,3.09,3.09
 LIVRO,2.46,4.17,2.66,3.58,3.65,4.08,-2.09,1.24,7.129999999999999,3.08,2.38,1.33,1.56,3.33
 PAPELARIA,1.84,2.83,1.1,1.5699999999999998,4.65,2.6300000000000003,-0.7700000000000002,1.81,1.64,0.5599999999999999,-0.039999999999999925,1.3400000000000003,-0.8400000000000003,2.0500000000000003
 CADERNO,2.64,5.16,1.7900000000000003,-4.33,4.199999999999999,2.04,1.5400000000000005,1.1099999999999999,-3.0300000000000002,-1.01,-0.8200000000000001,0.6799999999999999,-2.27,1.7999999999999998
 FOTOCÓPIA,0.0,0.0,0.5799999999999998,3.4,0.0,0.0,-0.18000000000000005,3.4399999999999995,0.18999999999999995,0.0,0.0,0.0,0.0,1.4100000000000001
 ARTIGO DE PAPELARIA,1.25,1.08,0.8600000000000001,3.89,5.08,2.89,-4.13,1.0,5.45,1.5200000000000002,0.31999999999999984,2.01,0.9799999999999999,2.31
 CURSOS DIVERSOS,4.24,2.6300000000000003,6.5,4.19,2.4,3.2800000000000002,2.52,5.03,3.69,2.62,7.3,5.99,1.9900000000000002,3.49
 CURSO PREPARATÓRIO,5.84,-0.94,10.55,8.28,1.8199999999999998,7.57,2.77,6.61,6.43,-0.8,10.69,13.27,8.1,4.609999999999999
 CURSO TÉCNICO,0.0,5.09,2.74,0.0,-8.0,-1.88,3.59,13.06,3.83,-0.26000000000000023,0.0,1.73,0.0,-0.51
 CURSO DE IDIOMA,5.92,2.6999999999999997,10.24,4.46,7.02,6.73,10.86,5.180000000000001,3.63,1.7,6.49,8.23,-1.05,6.180000000000001
 CURSO DE INFORMÁTICA,0.0,5.27,8.620000000000001,0.88,0.7699999999999999,0.0,-0.77,-3.82,-1.53,7.8100000000000005,7.35,4.14,1.06,2.3200000000000003
 ATIVIDADES FÍSICAS,1.34,2.5300000000000002,-1.8699999999999999,3.14,0.8400000000000001,1.54,0.84,1.42,2.8600000000000003,3.01,3.87,2.92,3.76,1.24
 COMUNICAÇÃO,0.55,0.72,0.58,1.54,0.6599999999999999,0.8400000000000001,0.8799999999999999,0.52,0.31,0.42,0.62,0.9,1.08,0.66
 COMUNICAÇÃO,0.55,0.72,0.58,1.54,0.6599999999999999,0.8400000000000001,0.8799999999999999,0.52,0.31,0.42,0.62,0.9,1.08,0.66
 COMUNICAÇÃO,0.55,0.72,0.58,1.54,0.6599999999999999,0.8400000000000001,0.8799999999999999,0.52,0.31,0.42,0.62,0.9,1.08,0.66
 CORREIO,0.0,0.0,0.0,0.0,0.0,0.0,0.0,0.0,0.0,0.0,0.0,0.0,0.0,0.0
 TELEFONE FIXO,-2.89,-3.31,-2.49,-2.28,-1.83,-2.53,-2.09,-1.75,-2.27,-1.78,-1.5,-1.82,-2.49,-2.24
 TELEFONE PÚBLICO,0.0,0.0,0.0,0.0,0.8700000000000001,0.0,0.0,0.0,0.0,-0.25,-1.06,-0.09,-0.12000000000000001,0.21
 TELEFONE CELULAR,2.58,2.58,2.87,1.9,2.4699999999999998,2.51,3.13,2.26,1.99,2.91,2.55,2.18,2.8,2.52
 ACESSO À INTERNET,0.0,0.0,0.0,0.0,0.0,0.0,0.0,0.0,0.0,0.0,0.0,0.0,0.0,0.0
 APARELHO TELEFÔNICO,-5.06,-3.1199999999999997,-1.79,8.360000000000001,0.7599999999999998,2.46,-3.4499999999999997,-4.01,-3.19,-4.01,-3.1000000000000005,1.1600000000000001,0.30999999999999983,-1.1999999999999997
 TELEFONE COM INTERNET - PACOTE,0.0,0.0,0.0,0.0,0.0,0.0,0.0,0.0,0.0,0.0,0.0,0.0,0.0,0.0
 TV POR ASSINATURA COM INTERNET,6.33,7.53,4.89,7.87,4.89,4.95,0.0,5.21,5.17,5.04,4.95,6.09,7.53,5.52
