Variacoes - -OUTUBRO - DEZEMBRO,RJ,POA,BH,REC,SP,DF,BEL,FOR,SAL,CUR,GOI,VIT,CG,RB,SL,AJU,NACIONAL
 ÍNDICE GERAL,1.6,0.81,1.52,-0.16999999999999998,1.19,1.8000000000000003,0.81,1.0799999999999998,0.96,0.39,1.55,1.16,1.18,1.24,-0.19000000000000003,2.7755575615628914e-17,1.08
 ALIMENTAÇÃO E BEBIDAS,2.77,0.9500000000000001,3.4799999999999995,0.1399999999999999,2.28,2.12,0.9200000000000002,1.5999999999999999,1.1,2.0,4.01,1.76,2.72,1.9300000000000002,0.9999999999999999,0.41000000000000003,2.0500000000000003
 ALIMENTAÇÃO NO DOMICÍLIO,3.33,0.8099999999999999,4.33,-0.44000000000000006,2.67,2.7600000000000002,0.63,1.56,1.3800000000000001,2.42,4.88,1.65,3.16,2.18,1.1900000000000002,0.16999999999999993,2.36
" CEREAIS, LEGUMINOSAS E OLEAGINOSAS",11.84,9.73,9.61,4.050000000000001,11.19,17.57,9.81,12.030000000000001,8.05,10.620000000000001,19.32,8.48,14.4,12.41,11.01,12.51,11.120000000000001
 ARROZ,11.799999999999999,11.4,10.44,8.49,12.51,19.7,7.59,14.459999999999999,9.84,11.93,21.6,7.44,13.63,14.719999999999999,12.049999999999999,14.83,12.43
 FEIJÃO-MULATINHO,0.0,0.0,0.0,-2.81,0.0,0.0,0.0,0.0,-2.05,0.0,0.0,0.0,0.0,0.0,-1.9699999999999998,0.0,-2.38
 FEIJÃO-PRETO,11.97,7.629999999999999,0.0,0.0,0.0,22.880000000000003,16.41,0.0,0.0,11.73,0.0,13.239999999999998,0.0,0.0,0.0,0.0,11.54
 FEIJÃO-MACÁÇAR (FRADINHO),0.0,0.0,0.0,10.66,0.0,0.0,0.0,5.050000000000001,0.0,0.0,0.0,0.0,0.0,0.0,0.0,0.0,6.109999999999999
 FEIJÃO-CARIOCA (RAJADO),0.0,0.0,7.850000000000003,-4.45,6.77,16.550000000000004,17.78,0.0,9.14,0.0,10.399999999999999,0.0,20.990000000000002,-2.0,8.280000000000001,8.090000000000002,7.68
 MILHO (EM GRÃO),0.0,2.87,0.0,0.0,0.0,-0.20999999999999996,0.0,0.0,0.0,1.82,0.0,0.0,0.0,0.0,0.0,0.0,1.96
" FARINHAS, FÉCULAS E MASSAS",1.21,-2.0,-1.73,-2.78,0.09000000000000019,-0.94,-1.1099999999999999,0.15999999999999992,-1.9300000000000002,-2.0300000000000002,-1.33,-2.26,-0.30999999999999994,-0.34,-4.81,-0.5900000000000001,-1.0499999999999998
 FARINHA DE ARROZ,0.0,0.0,0.0,-4.57,0.0,0.0,0.0,0.0,0.0,0.0,0.0,0.0,0.0,0.0,0.0,0.0,-4.57
 MACARRÃO,3.9,-3.2800000000000002,-1.2599999999999998,3.3000000000000007,-1.8399999999999999,-2.12,-3.1999999999999997,-2.67,-0.8900000000000001,-2.92,0.91,-0.18,-1.0599999999999998,-0.6499999999999999,-5.37,-3.31,-1.1
 FUBÁ DE MILHO,0.0,0.0,0.0,-6.7,0.0,0.0,0.0,-2.5599999999999996,0.0,0.0,0.0,0.0,0.0,0.0,-9.65,-3.55,-5.65
 FLOCOS DE MILHO,0.0,0.0,0.0,-5.09,0.0,-3.57,0.0,0.0,0.0,0.0,0.0,0.0,0.0,0.0,-2.5,0.21000000000000008,-4.02
 FARINHA DE TRIGO,0.0,-4.25,-6.86,0.0,-0.43999999999999984,0.0,0.0,0.0,-5.15,0.69,-3.34,-9.02,-1.8700000000000003,0.0,0.0,0.0,-2.62
 FARINHA DE MANDIOCA,-8.129999999999999,0.0,-1.94,-5.68,-3.05,-1.73,-0.54,3.1699999999999995,-2.1900000000000004,0.0,-1.9700000000000002,-3.9800000000000004,0.0,-0.14,-4.19,1.6,-2.16
 MASSA SEMIPREPARADA,3.2699999999999996,0.43000000000000016,0.47,0.0,2.71,1.81,-3.68,1.9700000000000002,0.5499999999999998,-3.6100000000000003,-1.55,0.91,-0.33999999999999997,0.0,0.0,0.0,0.89
 MACARRÃO INSTANTÂNEO,2.8,0.0,0.0,0.0,1.69,1.33,0.0,0.0,0.0,0.42999999999999994,0.0,-1.71,3.2300000000000004,-0.5399999999999999,0.0,0.0,1.5699999999999998
" TUBÉRCULOS, RAÍZES E LEGUMES",23.549999999999997,24.07,22.4,1.7599999999999998,14.569999999999999,21.06,5.37,8.25,9.1,25.17,23.36,6.85,28.71,10.24,5.09,-0.6399999999999997,16.450000000000003
 BATATA-DOCE,-6.340000000000001,0.0,0.0,8.98,-8.38,0.0,0.0,0.0,2.1799999999999997,0.0,2.5599999999999996,0.0,0.0,-2.6900000000000004,0.0,0.0,-3.6999999999999993
 BATATA-INGLESA,60.83,25.61,66.57,22.39,29.93,59.06,19.3,29.270000000000003,25.47,37.41,48.64,57.35,54.31,11.510000000000002,18.5,24.16,39.150000000000006
 INHAME,0.0,0.0,0.0,0.0,0.0,0.0,0.0,0.0,0.0,0.0,0.0,11.319999999999999,0.0,0.0,0.0,25.48,21.27
 MANDIOCA (AIPIM),0.0,0.0,8.309999999999999,-6.8,0.0,5.380000000000001,0.0,0.0,0.42000000000000004,0.0,0.0,0.0,4.63,-0.81,0.0,0.0,2.5199999999999996
 ABOBRINHA,0.0,0.0,0.0,0.0,22.42,0.0,0.0,0.0,0.0,0.0,0.0,0.0,0.0,0.0,0.0,0.0,22.42
 PEPINO,0.0,0.0,0.0,0.0,0.0,0.0,0.0,0.0,0.0,55.85,0.0,0.0,0.0,0.0,0.0,0.0,55.85
 PIMENTÃO,0.0,0.0,0.0,0.0,3.3099999999999996,6.96,0.0,0.0,0.0,0.0,0.0,0.0,0.0,0.0,0.0,0.0,3.6400000000000006
 TOMATE,-15.76,3.8499999999999996,-7.210000000000001,-42.06,8.07,7.29,-2.4000000000000004,-18.74,-9.049999999999997,8.75,13.159999999999998,-17.67,18.220000000000002,4.26,-2.4300000000000006,-24.1,-0.8900000000000003
 CEBOLA,71.68,53.92,49.37,39.58,31.02,65.31,28.709999999999997,31.29,34.400000000000006,40.93,49.43,25.36,54.99000000000001,29.85,11.959999999999997,11.540000000000001,40.16
 CENOURA,-3.86,-1.1500000000000004,-3.5699999999999994,-11.870000000000001,-4.3100000000000005,-6.779999999999999,-9.8,-7.24,-5.73,6.26,-3.87,-12.280000000000001,0.0,0.0,0.0,-10.879999999999999,-5.13
 AÇÚCARES E DERIVADOS,2.02,0.020000000000000018,3.23,-0.74,2.49,-0.6699999999999999,3.39,1.44,0.63,1.2,3.08,1.91,3.3600000000000003,1.52,1.71,-0.15000000000000002,1.85
 AÇÚCAR REFINADO,1.27,3.8099999999999996,0.0,-3.9700000000000006,8.21,2.6,9.280000000000001,2.2800000000000002,5.11,4.12,0.0,0.0,0.0,0.3700000000000001,3.83,0.0,5.22
 AÇÚCAR CRISTAL,0.0,3.83,5.800000000000001,0.9099999999999997,0.0,1.0999999999999999,5.1899999999999995,2.17,-0.040000000000000036,1.05,8.32,3.83,3.1100000000000003,1.07,0.9600000000000004,-2.61,3.2199999999999998
 BALAS,0.0,0.18999999999999995,0.0,0.0,0.0,-0.7400000000000002,0.0,0.0,0.0,8.77,-2.64,0.0,5.5200000000000005,0.0,0.0,0.0,3.12
 CHOCOLATE EM BARRA E BOMBOM,1.7799999999999998,-2.91,2.25,-2.67,-1.4100000000000001,-2.23,-3.3600000000000003,-0.9199999999999997,-2.7800000000000002,-1.1400000000000001,-1.29,-1.6799999999999997,1.9100000000000001,3.0599999999999996,-3.2199999999999998,-0.73,-1.19
 SORVETE,1.73,-0.6299999999999999,0.39,1.0100000000000002,5.13,0.06000000000000005,-1.66,1.42,1.0299999999999998,-0.5899999999999999,0.6699999999999999,-0.6799999999999997,3.75,0.0,0.0,4.26,2.3099999999999996
 CHOCOLATE E ACHOCOLATADO EM PÓ,4.0,1.65,1.95,-1.9900000000000002,-0.020000000000000018,-2.78,3.7,0.029999999999999943,1.3099999999999996,2.01,-0.9100000000000001,3.3400000000000003,3.74,2.9800000000000004,3.609999999999999,1.8,1.21
 DOCE DE FRUTAS EM PASTA,0.0,0.0,0.0,-8.5,0.0,0.0,0.0,0.0,0.0,0.0,0.0,0.0,0.0,0.0,0.0,0.0,-8.5
 AÇÚCAR DEMERARA,0.0,0.0,0.0,0.0,0.0,0.0,0.0,0.0,0.0,0.0,0.0,0.0,0.0,0.0,0.0,2.84,2.84
 HORTALIÇAS E VERDURAS,15.44,16.700000000000003,18.28,8.54,16.21,4.55,2.79,2.56,1.71,19.32,13.700000000000001,4.14,11.51,5.279999999999999,1.6500000000000001,9.29,13.969999999999999
 ALFACE,14.25,16.56,25.189999999999998,-0.8300000000000001,18.240000000000002,5.64,6.64,-1.27,3.9900000000000007,23.07,10.670000000000002,6.42,13.479999999999999,10.389999999999999,5.04,1.9500000000000002,16.92
 COENTRO,0.0,0.0,0.0,14.279999999999998,0.0,0.0,0.0,0.0,0.53,0.0,0.0,0.0,0.0,0.0,0.0,17.1,6.2
 COUVE,11.439999999999998,0.0,3.27,0.0,12.6,0.0,0.0,0.0,0.0,0.0,0.0,2.26,0.0,3.03,0.0,3.7200000000000006,9.77
 COUVE-FLOR,26.6,0.0,0.0,0.0,0.0,3.3200000000000003,0.0,0.0,0.0,0.0,0.0,0.0,0.0,0.0,0.0,0.0,22.32
 REPOLHO,0.0,25.97,0.0,0.0,13.47,0.0,0.0,0.0,2.08,11.399999999999999,30.700000000000003,0.0,26.34,0.0,-0.08000000000000007,0.0,15.2
 CHEIRO-VERDE,7.750000000000001,1.38,7.66,15.4,11.02,6.9799999999999995,1.37,3.74,1.55,15.65,7.79,5.54,-4.859999999999999,2.8200000000000003,1.6900000000000002,0.0,6.449999999999999
 BRÓCOLIS,20.3,21.38,14.040000000000001,0.0,17.48,-0.9299999999999997,5.46,0.0,0.0,21.3,0.0,-1.8599999999999999,0.0,0.0,0.0,0.0,16.89
 FRUTAS,6.56,5.85,14.400000000000002,3.8900000000000006,7.0600000000000005,6.109999999999999,3.0599999999999996,4.59,5.46,5.03,8.58,5.720000000000001,6.210000000000001,16.17,0.7299999999999995,10.23,7.03
 BANANA-DA-TERRA,0.0,0.0,0.0,4.28,0.0,0.0,0.0,0.0,6.809999999999999,0.0,0.0,3.62,0.0,31.709999999999997,0.0,0.0,6.79
 ABACAXI,6.03,18.990000000000002,0.0,13.54,0.0,0.0,17.96,0.0,0.0,0.0,18.9,-2.8499999999999996,4.2,0.0,0.0,5.909999999999999,12.809999999999999
 ABACATE,0.0,0.0,0.0,0.0,0.0,0.0,3.2,0.0,0.0,0.0,0.0,0.0,0.0,22.93,0.0,0.0,6.679999999999999
 BANANA-D'ÁGUA,0.8600000000000003,4.040000000000001,-6.969999999999999,0.0,5.61,2.0199999999999996,0.0,0.0,0.0,1.7900000000000003,0.0,0.0,-7.930000000000001,0.0,-3.7600000000000002,0.0,2.1800000000000006
 BANANA-MAÇÃ,0.0,0.0,0.0,0.0,0.0,0.0,0.0,0.0,0.0,0.0,18.62,0.0,1.8900000000000001,0.0,0.0,0.0,14.75
 BANANA-PRATA,12.7,2.0500000000000003,29.11,-4.66,8.67,19.31,-1.1300000000000001,-1.5899999999999999,8.19,1.29,18.79,13.68,0.0,31.07,0.79,13.36,10.72
 LARANJA-BAÍA,0.0,51.919999999999995,0.0,0.0,0.0,0.0,0.0,0.0,0.0,0.0,0.0,0.0,0.0,0.0,0.0,0.0,51.919999999999995
 LARANJA-LIMA,0.0,0.0,25.12,0.0,0.0,0.0,0.0,0.0,0.0,0.0,0.0,0.0,0.0,0.0,0.0,0.0,25.12
 LIMÃO,-26.05,0.0,0.0,0.0,-26.95,-17.910000000000004,0.0,0.0,0.0,0.0,-35.15,-28.42,0.0,-11.620000000000001,0.0,0.0,-26.5
 MAÇÃ,6.33,8.64,7.140000000000001,6.95,1.78,6.799999999999999,0.9300000000000002,-5.17,5.3,5.390000000000001,6.819999999999999,3.1500000000000004,9.36,16.799999999999997,3.6500000000000004,6.609999999999999,4.9
 MAMÃO,5.33,0.11999999999999922,1.209999999999999,-14.74,-0.22999999999999954,2.5100000000000016,0.0,-9.55,-8.09,-4.039999999999999,-6.829999999999999,8.790000000000001,7.58,-4.45,0.0,-1.6399999999999997,-0.9900000000000002
 MANGA,-0.5700000000000003,-11.23,-10.91,0.0,-6.030000000000001,-4.620000000000001,0.0,-9.37,-8.24,-8.82,0.0,6.16,0.0,0.0,0.0,-0.27000000000000046,-6.919999999999998
 MARACUJÁ,0.0,0.0,0.0,0.0,0.0,0.0,0.0,41.15,21.05,0.0,0.0,0.0,0.0,0.0,0.0,26.580000000000002,28.03
 MELANCIA,0.0,0.0,32.120000000000005,-4.220000000000001,0.0,17.14,8.61,0.0,-3.35,13.08,14.779999999999998,0.0,21.01,-3.35,-1.1899999999999995,0.0,11.14
 MELÃO,6.69,0.0,0.0,22.7,0.0,-4.970000000000001,-2.8,0.0,0.0,-8.33,0.0,0.0,0.0,0.0,-0.120000000000001,0.0,-0.14000000000000012
 PERA,0.0,0.0,0.0,0.0,9.629999999999999,0.0,0.0,0.0,0.0,0.0,5.779999999999999,2.04,0.0,0.0,0.0,0.0,9.01
 TANGERINA,0.0,0.0,0.0,0.0,35.54,0.0,0.0,0.0,0.0,25.15,0.0,0.0,0.0,0.0,0.0,0.0,32.53
 UVA,7.96,1.31,7.890000000000001,13.200000000000001,4.6499999999999995,7.979999999999999,6.67,8.56,12.01,6.62,1.5399999999999998,10.329999999999998,3.5,10.43,3.98,4.4,6.33
 LARANJA-PERA,16.88,0.0,30.79,12.830000000000002,27.39,11.780000000000001,7.76,18.45,15.469999999999999,13.879999999999999,8.079999999999998,12.52,29.54,2.58,10.67,31.48,21.21
 MORANGO,0.0,5.58,0.0,0.0,0.0,0.0,0.0,0.0,0.0,0.0,0.0,0.0,0.0,0.0,0.0,0.0,5.58
 GOIABA,0.0,0.0,0.0,0.0,0.0,0.0,-1.8699999999999999,22.44,0.0,0.0,0.0,0.0,0.0,0.0,0.0,10.02,12.7
 CARNES,6.9799999999999995,-1.9099999999999997,5.31,-0.49,3.31,3.37,-1.0899999999999999,1.72,1.2600000000000002,3.8199999999999994,3.58,2.16,0.15999999999999992,0.039999999999999925,2.35,-2.9899999999999998,2.45
 FÍGADO,0.0,0.0,0.0,-9.030000000000001,0.0,0.0,-3.56,-2.92,-11.59,0.0,0.0,0.0,0.0,0.0,-1.0900000000000003,0.0,-6.9
 CARNE DE PORCO,1.33,-1.43,6.720000000000001,2.7,3.31,0.6400000000000001,-3.0199999999999996,-0.30999999999999983,5.9,6.090000000000001,1.77,-1.7000000000000002,1.5699999999999998,-2.46,1.7999999999999998,0.33999999999999997,3.27
 CARNE DE CARNEIRO,0.0,0.0,0.0,0.0,0.0,0.0,0.0,5.03,0.0,0.0,0.0,0.0,0.0,0.0,0.0,0.0,5.03
 CUPIM,0.0,0.0,0.0,0.88,0.0,0.0,0.0,0.0,0.0,0.0,-3.9600000000000004,0.0,0.0,0.0,0.0,0.0,-1.7300000000000002
 CONTRAFILÉ,11.45,-3.0700000000000003,8.53,4.19,7.97,5.359999999999999,0.39,7.6000000000000005,3.15,1.8199999999999998,6.220000000000001,0.27000000000000046,2.67,-2.4499999999999997,3.4000000000000004,-2.47,5.35
 FILÉ-MIGNON,4.91,0.0,0.0,0.0,0.0,0.0,9.68,0.0,0.0,8.160000000000002,0.0,0.0,0.0,1.14,0.0,0.0,6.77
 CHÃ DE DENTRO,5.04,-3.0100000000000002,4.66,-0.7399999999999998,3.94,4.45,-0.8600000000000001,0.20999999999999996,2.4099999999999993,4.67,5.09,5.1499999999999995,1.8399999999999999,-0.52,6.62,-2.1100000000000003,2.4699999999999998
 ALCATRA,11.89,-4.33,6.8,-0.47,2.9200000000000004,6.8100000000000005,-0.48000000000000004,3.3200000000000003,4.12,9.41,3.85,6.28,-0.8699999999999999,0.26,2.6900000000000004,-2.3800000000000003,4.46
 PATINHO,8.4,0.0,5.69,0.69,3.8499999999999996,0.0,0.63,3.2800000000000002,0.0,2.66,2.04,4.8,1.31,1.72,-0.9699999999999998,-2.1500000000000004,3.58
 LAGARTO REDONDO,0.0,0.0,0.0,0.0,0.0,0.0,-0.9099999999999999,0.0,0.0,0.0,0.0,0.0,0.0,0.0,0.0,0.0,-0.9099999999999999
 LAGARTO COMUM,0.0,-1.8699999999999999,0.0,0.0,1.7199999999999998,0.0,0.0,0.0,1.84,0.0,3.0100000000000002,0.0,6.32,0.42,0.0,0.0,1.72
 MÚSCULO,-0.6200000000000003,-2.87,2.2399999999999998,-0.9,-1.69,0.0,0.35000000000000014,0.0,1.0899999999999999,3.8099999999999996,1.23,0.0,-2.8200000000000003,-2.08,3.41,-2.67,-0.30999999999999994
 PÁ,0.0,-3.1099999999999994,4.16,-1.45,1.4300000000000002,0.0,-4.24,0.0,0.0,0.0,0.0,6.49,-1.8399999999999996,3.0,3.5199999999999996,0.31000000000000005,-0.039999999999999813
 ACÉM,5.95,-5.6899999999999995,0.9600000000000001,-1.3599999999999999,1.38,0.040000000000000036,-3.3099999999999996,0.28000000000000025,0.7999999999999998,5.090000000000001,3.1999999999999997,3.95,-5.35,1.58,1.4299999999999997,-0.6900000000000001,0.8499999999999999
 PEITO,0.0,0.0,0.0,0.0,0.0,0.0,-3.25,0.0,0.0,0.0,0.0,0.0,-2.2699999999999996,1.5500000000000003,1.8399999999999999,-3.5199999999999996,-2.38
 CAPA DE FILÉ,0.0,0.0,0.0,0.0,0.0,0.0,-1.7200000000000002,0.0,6.52,5.61,0.0,1.21,3.04,4.4799999999999995,0.0,0.0,2.74
 COSTELA,-2.04,1.33,1.6199999999999999,-1.0500000000000003,0.8299999999999996,0.6600000000000001,-1.78,-2.5,-3.3899999999999997,-1.9900000000000002,-2.1,-2.06,-1.21,1.32,2.1399999999999997,-7.15,-0.76
 PICANHA,0.0,-0.4800000000000004,7.970000000000001,0.0,0.0,4.140000000000001,0.0,3.94,0.0,0.0,0.0,0.0,0.0,0.0,0.0,0.0,3.3400000000000003
 PESCADOS,2.68,1.23,-0.039999999999999925,0.21999999999999997,0.05999999999999994,-3.5300000000000002,4.359999999999999,-1.55,0.18,1.86,-0.17999999999999972,5.1899999999999995,3.33,2.91,-1.0899999999999999,-1.16,0.9299999999999999
 PEIXE-ANCHOVA,0.0,0.0,0.0,-4.359999999999999,0.0,0.0,0.0,0.0,0.0,0.0,0.0,0.0,0.0,0.0,0.0,0.0,-4.359999999999999
 PEIXE-CORVINA,5.27,0.0,0.0,3.89,0.0,0.0,0.0,0.0,-0.6099999999999999,0.0,0.0,0.0,0.0,0.0,1.77,1.06,2.23
 PEIXE-TAINHA,0.0,0.0,0.0,0.0,0.0,0.0,0.0,0.0,0.0,0.0,0.0,0.0,0.0,0.0,-3.74,0.0,-3.73
 PEIXE-SARDINHA,0.0,2.24,0.0,-3.92,0.0,0.0,0.0,0.0,2.04,0.0,0.0,0.0,0.0,0.0,0.0,0.0,0.8400000000000001
 CAMARÃO,-1.1799999999999997,-0.67,0.0,-4.130000000000001,0.0,-0.41999999999999993,4.74,-1.1300000000000001,5.82,-3.8200000000000003,-3.1700000000000004,5.72,0.0,0.0,1.9000000000000001,-3.41,0.8700000000000001
 PEIXE-CAVALA,0.0,0.0,0.0,0.0,0.0,0.0,0.0,-6.390000000000001,0.0,0.0,0.0,0.0,0.0,0.0,0.0,0.0,-6.390000000000001
 PEIXE-CAÇÃO,0.0,0.0,0.0,0.0,4.04,0.0,0.0,0.0,0.0,0.0,0.0,0.0,0.0,0.0,0.0,0.0,4.04
 PEIXE-MERLUZA,0.0,0.0,-0.2,-0.8800000000000001,-2.97,0.0,0.0,0.0,-4.0200000000000005,0.0,-3.8500000000000005,0.0,0.0,0.0,0.0,0.0,-2.6599999999999997
 PEIXE-SERRA,0.0,0.0,0.0,0.0,0.0,0.0,0.0,-0.8400000000000003,0.0,0.0,0.0,0.0,0.0,0.0,0.0,0.0,-0.8400000000000003
 PEIXE-PESCADA,0.0,0.0,0.0,0.0,2.59,0.0,1.83,0.0,0.0,0.0,0.0,0.0,0.0,0.0,-4.180000000000001,4.069999999999999,0.76
 CARANGUEJO,1.53,0.0,0.0,0.0,0.0,0.0,-3.7800000000000002,0.0,0.0,0.0,0.0,0.0,0.0,0.0,0.0,0.0,-1.46
 PEIXE-CASTANHA,0.0,0.0,0.0,0.21999999999999997,0.0,0.0,0.0,0.0,0.0,0.0,0.0,0.0,0.0,0.0,0.0,0.0,0.21999999999999997
 PEIXE-PALOMBETA,0.0,0.0,0.0,0.0,0.0,0.0,0.0,4.0,0.0,0.0,0.0,0.0,0.0,0.0,0.0,0.0,4.0
 PEIXE-CURIMATÃ,0.0,0.0,0.0,0.0,0.0,0.0,0.0,0.0,0.0,0.0,0.0,0.0,0.0,6.72,0.0,0.0,6.709999999999999
 PEIXE-SALMÃO,2.35,0.0,0.0,0.0,-4.829999999999999,-4.8,0.0,4.47,0.4299999999999997,0.0,0.0,0.0,0.0,0.0,0.0,0.0,-1.7899999999999998
 PEIXE-TILÁPIA,0.0,1.8599999999999999,0.009999999999999842,3.63,1.95,-3.54,0.0,-2.75,0.18000000000000005,2.63,0.6799999999999999,-0.06999999999999984,3.91,0.0,0.0,-1.47,0.6100000000000001
 PEIXE-TAMBAQUI,0.0,0.0,0.0,0.0,0.0,-2.6599999999999997,1.65,0.0,0.0,0.0,4.35,0.0,-0.39,1.8800000000000001,-0.10000000000000009,0.0,0.74
 PEIXE-DOURADA,0.0,0.0,0.0,0.0,0.0,0.0,9.92,0.0,0.0,0.0,0.0,0.0,0.0,0.0,0.0,0.0,9.92
 PEIXE-FILHOTE,0.0,0.0,0.0,0.0,0.0,-6.069999999999999,17.26,0.0,0.0,0.0,0.0,0.0,0.0,0.0,0.0,0.0,13.77
 PEIXE-PEROÁ,0.0,0.0,0.0,0.0,0.0,0.0,0.0,0.0,0.0,0.0,0.0,9.32,0.0,0.0,0.0,0.0,9.32
 PEIXE-PINTADO,0.0,0.0,0.0,0.0,0.0,0.0,0.0,0.0,0.0,0.0,0.0,0.0,6.25,0.0,0.0,0.0,6.25
 PEIXE-ARUANÃ,0.0,0.0,0.0,0.0,0.0,0.0,0.0,0.0,0.0,0.0,3.1500000000000004,0.0,0.0,0.0,0.0,0.0,3.1500000000000004
 CARNES E PEIXES INDUSTRIALIZADOS,-0.94,-2.58,0.42000000000000004,-2.15,-2.5999999999999996,0.030000000000000027,-1.01,-3.57,-0.5200000000000001,-2.69,0.9400000000000001,-2.84,-0.4099999999999999,-1.33,-1.5,-3.04,-1.78
 PRESUNTO,4.09,-1.6199999999999999,1.8899999999999997,0.0,-0.8499999999999998,-0.5700000000000003,0.0,-2.5,-5.44,-5.17,0.3800000000000001,1.8100000000000003,-3.1,1.15,0.0,-1.6800000000000002,-0.74
 SALSICHA,0.0,-3.09,0.0,-3.8200000000000003,-3.46,0.0,0.0,0.0,0.0,0.41999999999999993,0.0,0.0,0.0,-4.45,0.0,0.0,-2.77
 LINGUIÇA,-1.6199999999999999,-2.93,0.02999999999999997,-1.59,-3.4000000000000004,-0.27999999999999986,1.76,-3.2800000000000002,-0.04999999999999982,-2.9599999999999995,0.8,-3.75,0.96,-0.9100000000000001,-1.53,0.94,-2.17
 MORTADELA,-7.55,0.0,1.0699999999999996,-0.29000000000000004,0.11999999999999988,0.0,0.0,-2.3000000000000003,0.0,-1.0300000000000002,3.97,0.0,-2.8200000000000003,0.0,0.0,0.0,-1.07
 SALAME,0.0,-2.0500000000000003,0.0,0.0,0.0,0.0,0.0,0.0,0.0,0.0,0.0,0.0,0.0,0.0,0.0,0.0,-2.0500000000000003
 BACALHAU,-3.83,0.0,0.0,0.0,0.0,0.0,0.0,0.0,0.0,0.0,0.0,0.0,0.0,0.0,-3.58,0.0,-3.8099999999999996
 CARNE-SECA E DE SOL,1.56,0.0,0.0,-2.3000000000000003,0.0,1.69,-2.52,-5.78,-0.09999999999999998,0.0,0.0,0.8200000000000003,0.0,0.0,-0.44,-5.37,-1.21
 CARNE DE PORCO SALGADA E DEFUMADA,0.0,0.0,-0.41000000000000014,0.0,0.0,0.0,0.0,0.0,0.0,0.0,-0.9299999999999997,-3.8200000000000003,0.0,0.0,0.0,0.0,-1.1
 AVES E OVOS,2.74,-0.8600000000000001,1.92,-1.5,1.29,0.7700000000000001,0.27,-0.34999999999999987,2.4699999999999998,1.4200000000000002,2.9899999999999998,8.93,1.8900000000000001,1.3399999999999999,2.9299999999999997,-2.25,1.25
 FRANGO INTEIRO,4.54,0.6800000000000002,4.49,-1.9900000000000002,2.96,-1.64,2.09,2.6300000000000003,3.95,5.040000000000001,4.79,14.979999999999999,6.6499999999999995,3.16,5.41,-2.0999999999999996,2.8600000000000003
 FRANGO EM PEDAÇOS,4.48,2.46,3.96,2.29,1.93,5.29,0.5,0.7100000000000001,5.2299999999999995,1.0,3.17,9.549999999999999,4.36,-2.8899999999999997,2.62,1.96,2.82
 OVO DE GALINHA,-2.51,-11.36,-4.42,-5.67,-1.3900000000000001,-1.4899999999999995,-5.93,-8.120000000000001,-5.59,-1.56,-0.7299999999999998,-1.13,-5.510000000000001,-0.6499999999999999,-8.33,-10.16,-4.25
 LEITES E DERIVADOS,-3.4799999999999995,-4.9399999999999995,-3.88,-2.37,-4.33,-5.359999999999999,-3.34,-0.9500000000000001,-2.69,-3.82,-2.72,-4.3,-3.67,-4.050000000000001,-5.05,-2.2499999999999996,-3.82
 LEITE LONGA VIDA,-6.16,-8.96,-6.529999999999999,-5.07,-8.45,-8.49,-1.0499999999999998,-0.9299999999999999,-6.609999999999999,-7.11,-4.88,-9.06,-5.5,-6.58,-5.87,-4.98,-7.32
 LEITE CONDENSADO,-4.34,-4.29,0.0,0.0,0.0,0.0,-8.35,0.0,0.0,0.0,0.0,0.0,0.0,-3.76,0.0,0.0,-5.1899999999999995
 LEITE EM PÓ,-0.38000000000000034,0.0,-2.47,-5.27,0.050000000000000044,0.0,-5.800000000000001,0.1399999999999999,-4.51,-3.37,-1.3499999999999999,-1.25,-1.28,-3.42,-5.27,-2.82,-2.93
 QUEIJO,-2.98,-1.9,-3.2,-1.66,-1.1500000000000001,-4.7,-0.4099999999999999,-1.85,1.7200000000000002,-2.64,-0.7599999999999996,0.6799999999999999,-1.1700000000000002,-4.16,-3.33,-0.6800000000000002,-1.71
 IOGURTE E BEBIDAS LÁCTEAS,0.53,2.3200000000000003,1.7200000000000002,4.48,0.5600000000000002,-0.1200000000000001,1.09,-4.07,2.4299999999999997,0.6299999999999999,1.49,-1.29,-1.8,3.0500000000000003,-1.78,0.31999999999999995,0.9700000000000001
 REQUEIJÃO,-2.36,0.0,-0.30999999999999983,0.0,-2.34,0.0,0.0,0.0,0.0,0.0,0.0,0.0,0.0,0.0,0.0,0.0,-1.9900000000000002
 MANTEIGA,-0.30999999999999983,0.0,-1.4,1.17,0.0,-1.9600000000000002,-1.14,0.32000000000000006,-2.41,0.0,-3.3499999999999996,-1.5300000000000002,0.0,-1.21,0.0,-0.8899999999999999,-1.3900000000000001
 LEITE FERMENTADO,0.0,0.0,0.0,0.0,0.0,0.0,0.0,0.0,0.0,0.46999999999999986,0.0,0.0,0.0,0.0,0.0,0.0,0.46999999999999986
 PANIFICADOS,-0.71,-0.6499999999999999,-0.04999999999999993,-0.37,0.8200000000000001,0.61,0.28000000000000014,-0.88,-0.33,-1.18,0.0,0.88,-1.97,0.09999999999999999,-4.04,-2.15,-0.12000000000000001
 BISCOITO,-1.1199999999999999,-1.46,-2.1,-2.45,-0.54,-2.3099999999999996,0.8399999999999997,-0.94,-2.0300000000000002,-2.37,-1.7999999999999998,-0.8200000000000001,-2.04,-0.19,0.51,1.21,-1.2799999999999998
 PÃO FRANCÊS,-1.3599999999999999,0.6,0.5,0.8,1.68,2.12,-0.42999999999999994,-0.78,0.030000000000000054,-2.3,-0.020000000000000018,1.25,-2.33,0.77,-7.07,-4.09,0.11
 PÃO DOCE,0.8499999999999999,2.6500000000000004,8.59,0.0,3.0199999999999996,0.0,0.0,0.0,5.0200000000000005,3.1099999999999994,0.0,3.4,0.040000000000000036,0.0,0.0,0.0,3.3600000000000003
 PÃO DE FORMA,-0.12,-5.77,5.0,0.0,1.38,-3.6399999999999997,0.0,0.0,0.0,-0.11999999999999988,0.0,2.92,0.0,0.0,0.0,0.0,0.009999999999999898
 BOLO,2.97,0.9400000000000002,-3.0999999999999996,-0.43000000000000005,-1.4700000000000002,3.05,4.16,-1.5199999999999998,2.3099999999999996,1.37,-0.55,1.83,-0.62,-4.680000000000001,3.1099999999999994,-0.20000000000000018,-0.17000000000000004
 PÃO DE QUEIJO,0.0,0.0,-0.38999999999999996,0.0,0.0,4.6899999999999995,0.0,0.0,0.0,0.0,4.9,0.0,0.0,0.0,0.0,0.0,1.77
 ÓLEOS E GORDURAS,8.2,-8.39,6.2,-0.46,5.07,10.59,6.81,-0.05999999999999994,2.6899999999999995,-1.08,5.57,10.75,5.85,6.71,-8.32,1.74,3.5700000000000003
 ÓLEO DE SOJA,10.389999999999999,-10.91,9.12,1.2699999999999998,2.4099999999999997,5.36,4.91,1.1500000000000001,2.2399999999999998,-4.739999999999999,7.620000000000001,8.85,3.2300000000000004,5.5600000000000005,-7.08,4.2,2.48
 AZEITE DE OLIVA,12.93,0.0,0.0,0.0,15.11,17.6,16.92,0.0,11.83,10.14,0.0,14.25,17.25,11.27,0.0,0.0,14.29
 MARGARINA,-0.34,-3.38,-2.4899999999999998,-2.27,-0.7499999999999998,0.0,-1.51,-1.4700000000000002,-3.3,-2.39,-1.71,0.0,-0.19999999999999973,0.0,-11.18,-0.99,-1.8900000000000001
 BEBIDAS E INFUSÕES,-0.6299999999999999,-0.79,2.0300000000000002,-0.7300000000000001,1.0,-0.72,-0.68,-0.6199999999999999,0.14,1.09,1.22,-2.21,0.59,0.8200000000000001,-1.1300000000000001,0.38,0.35000000000000003
 SUCO DE FRUTAS,1.42,3.8,3.0700000000000003,-0.76,3.33,-0.4600000000000002,0.0,-1.68,0.0,2.7300000000000004,2.81,-2.46,2.8999999999999995,0.0,0.0,0.0,2.3099999999999996
 POLPA DE FRUTA (CONGELADA),0.0,0.0,0.0,0.0,0.0,0.0,4.58,-5.13,-3.2199999999999998,0.0,0.0,0.0,0.0,6.710000000000001,-2.02,0.0,-1.51
 AÇAÍ (EMULSÃO),0.0,0.0,0.0,0.0,0.0,0.0,0.04999999999999982,0.0,0.0,0.0,0.0,0.0,0.0,13.440000000000001,-1.1300000000000001,0.0,0.16000000000000014
 CAFÉ MOÍDO,-4.83,0.54,1.7299999999999998,-4.83,-0.40000000000000013,-4.03,-2.62,-1.6600000000000001,-2.85,-2.54,-3.9699999999999998,-9.16,-3.5300000000000002,-3.5700000000000003,-4.15,-0.06000000000000005,-1.83
 CAFÉ SOLÚVEL,0.0,-6.499999999999999,0.0,0.0,0.0,0.0,0.0,0.0,0.0,0.0,0.0,0.0,0.0,0.0,0.0,0.0,-6.499999999999999
 REFRIGERANTE E ÁGUA MINERAL,0.010000000000000009,-0.30000000000000004,2.74,-1.4300000000000002,-0.020000000000000073,-1.33,2.21,0.55,1.4100000000000004,2.61,2.7199999999999998,0.8399999999999999,1.19,-0.33000000000000007,1.9500000000000002,0.43,0.5700000000000001
 CERVEJA,1.72,-0.7600000000000001,1.9300000000000002,5.85,3.83,2.0700000000000003,-1.1400000000000001,1.6,4.6,2.54,2.5700000000000003,1.74,2.64,0.0,3.51,0.6800000000000002,2.43
 OUTRAS BEBIDAS ALCOÓLICAS,0.0,0.0,0.0,0.0,0.0,0.0,-2.6200000000000006,0.0,0.0,2.98,0.0,0.0,0.0,0.0,0.0,0.0,-1.3399999999999999
 VINHO,-1.1400000000000001,1.7099999999999997,0.0,0.0,-1.48,0.0,0.0,0.0,0.0,0.7800000000000002,0.0,0.0,0.0,0.0,0.0,0.0,-0.47
 SUCO EM PÓ,0.0,-8.99,-0.7599999999999999,0.0,-0.09000000000000007,0.0,0.0,0.0,0.0,-1.6099999999999999,0.0,0.0,-0.8400000000000001,2.83,0.0,0.0,-1.73
 CHÁ MATE (ERVA MATE),0.0,-1.8199999999999998,0.0,0.0,0.0,0.0,0.0,0.0,0.0,-2.62,0.0,0.0,3.1100000000000003,0.0,0.0,0.0,-1.6199999999999997
 ENLATADOS E CONSERVAS,-2.59,-2.38,-0.020000000000000004,-2.95,1.29,-1.2699999999999998,-0.5900000000000001,0.52,-1.5699999999999998,0.8400000000000001,-0.45999999999999996,-3.51,-2.18,0.43000000000000016,-2.36,-1.7300000000000002,-0.41999999999999993
 ALIMENTO INFANTIL,0.0,0.0,0.0,0.0,0.0,0.0,-0.5,0.0,0.0,0.0,0.0,0.0,0.0,0.0,0.0,0.0,-0.5
 PALMITO EM CONSERVA,0.0,0.0,2.76,0.0,1.31,-6.09,0.0,0.0,0.0,-0.06999999999999984,0.47,0.0,0.0,0.0,0.0,0.0,0.9099999999999999
 PEPINO EM CONSERVA,0.0,-3.75,0.0,0.0,0.0,0.0,0.0,0.0,0.0,0.0,0.0,0.0,0.0,0.0,0.0,0.0,-3.75
 SARDINHA EM CONSERVA,-3.7699999999999996,-0.28,-0.2699999999999999,-4.85,-0.2800000000000001,-2.7600000000000002,-0.75,0.38,-4.9399999999999995,1.08,0.0,-2.88,-2.2800000000000002,-0.29999999999999993,-2.4,0.4899999999999999,-1.63
 SALSICHA EM CONSERVA,0.0,0.0,0.0,0.0,0.0,0.0,-1.0699999999999998,0.0,0.0,0.0,0.0,0.0,0.0,0.0,0.0,0.0,-1.0699999999999998
 SOPA DESIDRATADA,0.0,0.0,0.0,0.0,0.0,0.0,0.0,0.0,0.0,0.43000000000000016,0.0,0.0,2.72,0.0,0.0,0.0,0.78
 AZEITONA,-1.0699999999999998,-3.0699999999999994,-0.2699999999999999,-0.51,1.9499999999999997,-1.1500000000000001,0.0,-0.009999999999999992,-4.76,5.05,-0.59,-0.040000000000000036,0.8,2.78,0.0,0.0,0.6000000000000001
 MILHO-VERDE EM CONSERVA,-1.8800000000000001,-3.0,-0.6200000000000001,1.1,-0.7000000000000002,0.0,-0.11000000000000004,1.2,1.7799999999999998,-3.67,-1.4800000000000004,-7.67,-5.35,-0.65,-2.04,-6.46,-1.4999999999999998
 ATUM EM CONSERVA,-3.74,-1.7199999999999998,0.0,-2.25,3.59,3.2399999999999998,0.0,0.0,2.18,3.3,0.0,0.0,0.0,0.0,0.0,0.0,1.8199999999999998
 SAL E CONDIMENTOS,-5.63,-0.54,-0.9000000000000001,-3.05,2.3200000000000003,-2.0300000000000002,-1.71,-0.9000000000000001,-0.060000000000000164,0.02999999999999997,0.3,-6.1,-1.9700000000000002,0.48,-0.3899999999999999,-0.57,-0.4
 LEITE DE COCO,0.0,0.0,0.0,0.0,0.0,0.0,0.0,0.0,0.34999999999999987,0.0,0.0,0.0,0.0,0.0,0.0,0.0,0.34999999999999987
 ATOMATADO,-0.47,0.17000000000000004,2.09,-6.0,1.94,-2.8800000000000003,0.020000000000000018,-0.30000000000000004,-0.36999999999999966,2.51,-0.36999999999999994,-0.7899999999999999,-1.2200000000000002,0.5299999999999998,0.97,0.79,0.7
 ALHO,-10.11,0.0,-5.83,-3.91,1.2399999999999998,-2.73,-5.239999999999999,-1.4200000000000008,-1.17,-5.75,-0.9999999999999998,-10.59,-3.4699999999999998,0.08000000000000007,-2.91,-3.0000000000000004,-3.6599999999999997
 SAL,-2.8800000000000003,0.0,0.0,0.0,0.0,0.0,0.0,0.0,0.0,0.0,0.0,0.0,-1.29,1.77,-4.52,-6.29,-2.9
 COLORAU,0.0,0.0,0.0,0.0,0.0,0.0,0.0,-2.7100000000000004,0.0,0.0,0.0,0.0,0.0,0.0,0.0,0.0,-2.7100000000000004
 CALDO DE TUCUPI,0.0,0.0,0.0,0.0,0.0,0.0,-5.529999999999999,0.0,0.0,0.0,0.0,0.0,0.0,0.0,0.0,0.0,-5.529999999999999
 FERMENTO,0.0,0.91,0.0,0.0,0.0,0.0,0.0,0.0,0.0,4.369999999999999,0.0,0.0,0.0,0.0,0.0,0.0,2.89
 MAIONESE,-1.6,-4.410000000000001,1.0199999999999998,-2.4299999999999997,3.27,-0.8900000000000002,-8.02,-2.13,0.0,-0.9800000000000004,0.0,-4.93,-0.54,0.51,0.0,0.0,-0.16000000000000003
 VINAGRE,0.0,0.7999999999999998,0.0,0.41000000000000014,3.37,-0.8800000000000001,-2.68,0.0,1.7000000000000002,0.0,0.0,0.0,0.0,0.0,5.67,4.46,1.6600000000000001
 CALDO CONCENTRADO,0.0,2.07,0.0,3.3200000000000003,0.0,0.0,0.0,0.6699999999999998,1.8000000000000005,0.0,1.44,1.03,0.0,0.0,0.0,0.0,1.8
 TEMPERO MISTO,0.0,1.01,0.46,-0.96,3.46,-0.49,4.28,0.6599999999999999,2.3400000000000003,1.65,3.1100000000000003,0.9199999999999999,-0.79,0.8500000000000001,3.2899999999999996,-0.5699999999999998,2.28
 ALIMENTAÇÃO FORA DO DOMICÍLIO,1.31,1.28,1.19,1.69,1.3699999999999999,1.1,2.04,1.7300000000000002,0.25,0.81,1.65,2.08,1.3900000000000001,1.11,-0.19999999999999998,1.04,1.27
 ALIMENTAÇÃO FORA DO DOMICÍLIO,1.31,1.28,1.19,1.69,1.3699999999999999,1.1,2.04,1.7300000000000002,0.25,0.81,1.65,2.08,1.3900000000000001,1.11,-0.19999999999999998,1.04,1.27
 REFEIÇÃO,1.3599999999999999,1.0,1.06,1.83,1.46,1.25,3.23,1.6999999999999997,-0.12,0.67,1.69,2.54,1.35,0.58,0.27,1.04,1.3
 LANCHE,1.0599999999999996,2.3,1.23,1.09,1.03,0.64,0.19999999999999996,2.0,0.43000000000000005,1.11,1.51,1.74,1.1099999999999999,2.07,-0.54,1.15,1.13
 REFRIGERANTE E ÁGUA MINERAL,2.23,1.6,-0.050000000000000044,2.55,3.3400000000000003,0.3699999999999999,2.4299999999999997,0.5,1.1800000000000002,0.7300000000000001,1.72,1.31,1.86,1.6600000000000001,0.47,1.88,2.0
 CAFEZINHO,0.0,1.0800000000000005,0.0,0.0,1.6400000000000001,0.0,0.0,0.0,0.0,0.0,0.0,0.0,0.0,0.0,0.0,0.0,1.5000000000000002
 CERVEJA,1.9900000000000002,-0.5800000000000001,2.98,2.68,1.5299999999999998,2.09,-0.5900000000000001,0.8699999999999999,1.4300000000000002,0.37,1.9900000000000002,0.010000000000000037,2.75,0.72,-0.97,-1.5899999999999999,1.35
 OUTRAS BEBIDAS ALCOÓLICAS,0.0,0.0,0.0,3.87,0.0,0.0,0.0,0.0,0.0,0.0,0.0,5.39,2.53,0.0,-2.2399999999999998,0.0,2.9699999999999998
 VINHO,1.15,0.0,0.0,0.0,0.0,0.0,0.0,0.0,0.0,0.0,0.0,0.0,0.0,0.0,0.0,0.0,1.15
 DOCES,0.0,0.0,0.0,0.0,0.0,0.0,0.0,0.0,0.0,0.0,1.14,0.0,0.0,0.0,0.0,3.17,1.5
 SORVETE,0.0,0.0,0.0,0.0,1.98,0.0,0.0,1.29,2.65,1.65,3.17,0.0,2.6500000000000004,0.3400000000000001,0.0,2.41,2.06
 HABITAÇÃO,2.09,0.63,0.16999999999999998,0.16000000000000003,0.3800000000000001,2.5599999999999996,0.26000000000000023,2.11,1.7,-0.30999999999999994,3.96,-0.12,0.3400000000000001,3.51,-0.99,0.71,0.8400000000000001
 ENCARGOS E MANUTENÇÃO,3.0100000000000002,0.9299999999999999,0.46,0.06999999999999999,0.36,0.79,2.93,3.3099999999999996,1.57,-0.04000000000000001,1.28,-0.009999999999999998,0.81,0.51,-0.48,0.010000000000000009,0.9199999999999999
 ALUGUEL E TAXAS,3.3999999999999995,1.1600000000000001,0.6100000000000001,0.36000000000000004,0.45999999999999996,0.9700000000000001,3.88,4.23,2.15,0.23,1.5,0.13999999999999999,1.33,0.6699999999999999,0.23,0.27,1.18
 ALUGUEL RESIDENCIAL,0.58,1.4,1.12,0.19,0.48,0.47000000000000003,0.26,1.48,0.8600000000000001,0.29000000000000004,2.86,0.25,2.58,0.9099999999999999,0.38,0.5900000000000001,0.75
 CONDOMÍNIO,3.9299999999999997,-1.13,-0.08999999999999997,1.04,0.7,2.19,-0.039999999999999925,-0.7,0.33,0.49,0.26,0.10999999999999999,3.02,0.24,0.24000000000000002,0.050000000000000044,0.99
 TAXA DE ÁGUA E ESGOTO,10.05,2.46,0.0,0.0,0.0,0.0,15.76,14.31,6.75,0.0,0.0,0.0,0.0,0.0,0.0,0.0,2.24
 MUDANÇA,0.0,0.0,0.0,0.0,0.0,0.0,0.0,0.0,0.0,0.0,0.0,0.0,-1.31,0.0,0.0,0.0,-1.31
 REPAROS,1.46,0.6100000000000001,1.0,-0.010000000000000009,0.19999999999999996,0.37,1.29,0.82,0.22000000000000008,0.47000000000000003,1.78,-0.84,0.7,0.5000000000000001,0.7100000000000001,0.59,0.53
 FERRAGENS,0.0,0.0,0.0,0.0,0.0,0.0,0.20999999999999996,0.0,0.0,0.0,0.42999999999999994,0.0,0.0,-1.21,0.0,0.0,0.19999999999999996
 MATERIAL DE ELETRICIDADE,0.0,0.0,0.0,0.0,0.0,-2.6100000000000003,0.0,0.0,0.0,-2.1,0.0,0.0,0.0,0.0,-1.72,0.0,-2.27
 VIDRO,0.0,0.0,0.0,0.0,0.0,2.0,0.0,0.0,0.0,0.0,0.0,0.0,0.0,0.0,0.0,0.0,2.0
 TINTA,1.61,-1.1099999999999999,-0.18999999999999995,-0.18000000000000016,-0.78,-1.49,-0.5700000000000001,0.8999999999999999,-1.58,-0.1399999999999999,-1.5099999999999998,-1.8599999999999999,-0.03,-2.36,-0.9899999999999999,0.72,-0.42
 REVESTIMENTO DE PISO E PAREDE,2.37,-0.3999999999999999,0.19999999999999996,-3.8800000000000003,-2.91,0.0,2.6199999999999997,-0.20000000000000007,-1.7899999999999996,-0.53,5.04,-3.5999999999999996,0.0,0.54,0.3800000000000001,-1.1599999999999997,-1.22
 MADEIRA E TACO,0.0,0.95,0.0,0.0,0.0,0.0,0.0,-1.42,0.0,0.0,0.0,0.0,0.0,0.8299999999999996,-0.26,0.0,0.26
 CIMENTO,0.0,0.0,0.0,-1.18,0.0,0.0,1.3199999999999998,1.03,-0.6300000000000001,0.0,0.0,-0.9400000000000001,-1.62,-0.26,0.27,0.0,0.18999999999999995
 TIJOLO,-1.49,0.0,0.0,0.0,0.0,0.0,1.97,0.0,0.0,0.0,0.28,0.58,0.0,-0.3999999999999999,1.07,0.0,0.029999999999999805
 MATERIAL HIDRÁULICO,0.0,0.0,0.0,0.0,0.2400000000000002,0.0,0.0,0.0,-2.48,0.0,0.0,0.0,-3.01,0.0,0.0,0.0,-0.1499999999999999
 MÃO DE OBRA,1.9900000000000002,1.9900000000000002,1.9900000000000002,1.9900000000000002,1.9900000000000002,1.9900000000000002,1.9900000000000002,1.9900000000000002,1.9900000000000002,1.9900000000000002,1.9900000000000002,1.9900000000000002,1.9900000000000002,1.9900000000000002,1.9900000000000002,1.9900000000000002,1.9900000000000002
 AREIA,-1.2699999999999998,0.0,0.0,0.0,0.0,0.0,0.0,0.0,0.0,0.0,2.5999999999999996,0.0,0.0,0.0,3.8800000000000003,0.0,0.32000000000000006
 PEDRAS,0.0,0.0,0.0,0.0,0.0,0.0,0.0,0.0,0.0,0.0,0.0,0.0,0.0,0.9600000000000002,0.0,0.0,0.9600000000000002
 TELHA,0.0,2.37,0.43,-0.78,0.0,0.0,-0.9000000000000001,0.0,0.0,0.6099999999999999,0.0,0.0,0.0,0.0,-3.34,0.0,0.52
 ARTIGOS DE LIMPEZA,1.0,-0.20000000000000007,-1.29,-1.9000000000000001,-0.45999999999999996,-1.92,0.09000000000000002,-1.0299999999999998,-0.9199999999999999,-3.1399999999999997,-0.8600000000000001,0.07999999999999996,-2.62,0.13000000000000006,-5.2,-2.55,-0.9299999999999999
 SACO PARA LIXO,0.0,-3.1,0.0,0.0,0.0,0.0,0.0,0.0,0.0,0.0,0.0,0.0,2.87,0.0,0.0,0.0,-1.94
 ÁGUA SANITÁRIA,3.56,0.56,1.4300000000000002,-0.5399999999999998,1.12,-1.68,-0.47,-2.0100000000000002,-3.5,0.0,-1.19,0.0,-0.8500000000000001,5.630000000000001,-5.279999999999999,-2.75,0.04999999999999997
 DETERGENTE,-0.2300000000000002,-2.0,-0.8700000000000002,-0.7199999999999999,-1.1800000000000002,-1.7400000000000002,1.0300000000000005,-2.2,-3.4200000000000004,-3.1900000000000004,-1.0,-1.1999999999999997,-3.88,1.31,0.0,-4.09,-1.4899999999999998
 SABÃO EM PÓ,-1.16,0.6600000000000001,-2.88,-3.99,-2.8400000000000003,-6.16,0.5499999999999999,1.35,1.55,-3.8,-1.02,-0.30000000000000004,-2.97,-2.0700000000000003,-5.8999999999999995,-2.67,-2.12
 DESINFETANTE,-1.0,-2.0700000000000003,0.51,6.33,0.8599999999999998,-0.06,0.24,-0.1100000000000001,3.0700000000000003,-1.12,-2.6100000000000003,4.09,0.0,0.0,0.77,0.0,0.63
 SABÃO EM BARRA,0.4500000000000002,0.0,-6.069999999999999,-5.77,0.0,0.0,-2.57,-6.35,-1.4699999999999998,0.0,0.0,-2.69,-4.16,0.30000000000000004,-8.45,-5.02,-4.2
 ESPONJA DE LIMPEZA,0.0,0.0,0.0,0.0,0.0,0.0,0.0,0.0,0.0,-2.89,0.0,-3.42,0.0,0.0,0.0,0.0,-2.96
 SABÃO LÍQUIDO,0.0,0.0,0.0,0.0,0.0,-2.7,0.0,0.0,0.0,-6.199999999999999,0.0,0.0,0.0,0.0,0.0,2.4,-4.08
 LIMPADOR MULTIUSO,0.0,-2.09,0.0,0.0,2.64,0.7,0.0,0.0,0.0,0.19999999999999973,0.0,0.0,0.0,0.0,0.0,0.0,1.5299999999999998
 PAPEL TOALHA,6.01,0.0,0.0,0.0,0.0,0.0,0.0,0.0,0.0,0.0,0.0,0.0,0.0,0.0,0.0,0.0,6.01
 AMACIANTE E ALVEJANTE,4.39,1.7400000000000002,0.8700000000000001,-2.83,1.4900000000000002,1.07,0.66,-0.39,-4.0600000000000005,-2.41,0.02000000000000024,1.1099999999999999,-2.46,3.25,-2.15,-2.7800000000000002,0.61
 COMBUSTÍVEIS E ENERGIA,0.7499999999999999,0.11,-0.27,0.2899999999999999,0.45999999999999974,7.45,-1.7600000000000002,0.2899999999999999,1.8599999999999999,-0.83,8.899999999999999,-0.30000000000000004,-0.17000000000000004,5.420000000000001,-1.4100000000000001,1.8900000000000001,0.6900000000000001
 COMBUSTÍVEIS (DOMÉSTICOS),0.16000000000000003,-3.3100000000000005,0.010000000000000009,-2.98,0.27,-1.0999999999999999,0.8899999999999999,-0.9600000000000002,3.4899999999999998,-2.31,-1.9000000000000001,-0.09000000000000002,-0.7100000000000002,-1.3000000000000003,3.19,-0.8099999999999998,-0.26
 CARVÃO VEGETAL,0.0,0.0,0.0,0.0,0.0,0.0,1.85,0.0,0.0,0.0,0.0,0.0,0.0,0.0,3.88,0.0,2.84
 GÁS DE BOTIJÃO,-0.2300000000000002,-3.3100000000000005,0.010000000000000009,-2.98,-0.32999999999999996,-1.0999999999999999,0.8799999999999999,-0.9600000000000002,3.4899999999999998,-2.84,-1.9000000000000001,-0.09000000000000002,-0.7100000000000002,-1.3000000000000003,3.1399999999999997,-0.8099999999999998,-0.5
 GÁS ENCANADO,0.97,0.0,0.0,0.0,2.27,0.0,0.0,0.0,0.0,0.0,0.0,0.0,0.0,0.0,0.0,0.0,1.54
 ENERGIA ELÉTRICA RESIDENCIAL,0.92,1.2899999999999998,-0.37,1.5499999999999998,0.5399999999999996,9.54,-2.52,0.8,1.18,-0.15000000000000002,12.629999999999999,-0.3600000000000001,0.0,7.62,-3.7,3.08,1.0300000000000002
 ENERGIA ELÉTRICA RESIDENCIAL,0.92,1.2899999999999998,-0.37,1.5499999999999998,0.5399999999999996,9.54,-2.52,0.8,1.18,-0.15000000000000002,12.629999999999999,-0.3600000000000001,0.0,7.62,-3.7,3.08,1.0300000000000002
 ARTIGOS DE RESIDÊNCIA,2.17,0.88,0.08000000000000003,-0.5599999999999999,1.28,1.26,0.77,-1.35,0.67,0.23,0.9,0.5900000000000001,2.45,-0.24,-1.06,0.8499999999999999,0.8
 MÓVEIS E UTENSÍLIOS,0.5600000000000002,0.9400000000000001,-0.92,0.10999999999999999,-0.24,0.1,1.9599999999999997,-1.74,-1.14,0.62,-0.5499999999999999,-1.76,1.29,0.10999999999999988,-1.4,0.6500000000000001,-0.10000000000000003
 MOBILIÁRIO,1.35,2.3800000000000003,-0.6799999999999999,0.36,0.0,0.3399999999999999,4.47,-2.62,-0.87,1.2,-0.7599999999999999,-1.38,3.0999999999999996,1.95,-1.2400000000000002,0.72,0.35000000000000003
 MÓVEL PARA SALA,2.16,4.779999999999999,0.5700000000000001,-2.07,-3.03,2.03,6.02,-2.06,-0.30000000000000004,3.45,-0.82,-0.69,2.2,2.04,-4.01,3.63,-0.010000000000000037
 MÓVEL PARA QUARTO,0.11999999999999966,-0.2799999999999998,-2.5,1.2200000000000002,0.5699999999999998,-1.64,5.8100000000000005,-3.8899999999999997,-1.32,-0.9599999999999999,-1.3599999999999999,-2.1500000000000004,3.95,1.04,-0.6399999999999999,0.07000000000000028,-0.31999999999999995
 MÓVEL PARA COPA E COZINHA,2.7300000000000004,3.75,2.79,-0.22999999999999998,4.29,2.94,-0.8900000000000001,-0.06999999999999984,-0.47999999999999987,3.46,-0.060000000000000164,-0.38,3.2700000000000005,4.75,-0.22999999999999998,-0.3200000000000003,2.73
 MÓVEL INFANTIL,0.0,0.0,0.0,3.72,0.0,0.0,0.0,0.04000000000000001,-1.3199999999999998,-3.1300000000000003,0.7700000000000002,0.0,-0.3900000000000001,3.96,-2.83,-1.8599999999999999,-0.6000000000000001
 COLCHÃO,0.0,-1.6800000000000002,-2.97,0.0,0.0,0.0,0.0,0.0,0.0,0.0,0.0,0.0,0.0,0.0,0.0,0.0,-2.34
 UTENSÍLIOS E ENFEITES,-1.2999999999999998,0.17000000000000004,-1.46,-1.24,-0.24,-0.42999999999999994,-0.8799999999999999,1.18,-2.17,-0.24000000000000005,-0.19,-1.26,-2.5,-3.89,-3.3499999999999996,0.2099999999999999,-0.72
 ARTIGOS DE ILUMINAÇÃO,-1.9299999999999997,-1.81,-3.72,-7.630000000000001,-5.76,-1.5099999999999998,-5.35,-2.7299999999999995,-3.91,-1.4899999999999998,0.0,0.0,-6.130000000000001,0.0,-3.9299999999999997,-2.4299999999999997,-3.96
 TAPETE,-1.0599999999999998,-1.2200000000000002,0.0,0.0,1.46,2.3,-0.83,0.0,0.19000000000000036,-2.12,2.73,-0.6099999999999999,-2.05,0.0,0.0,0.0,0.13
 CORTINA,6.199999999999999,0.42999999999999994,-3.8899999999999997,-2.8499999999999996,1.54,-0.7800000000000002,0.0,3.98,-2.9000000000000004,-1.3800000000000003,-0.94,-5.07,0.0,0.0,0.0,0.0,0.09999999999999998
 UTENSÍLIOS DE METAL,-6.13,0.25999999999999984,-0.87,2.63,1.5999999999999999,1.5399999999999998,0.2000000000000004,2.42,-2.1799999999999997,1.35,-3.2,0.4500000000000002,-3.43,-4.98,-4.54,0.5999999999999999,-0.27
 UTENSÍLIOS DE VIDRO E LOUÇA,0.0,0.0,-0.03999999999999998,-2.84,-3.12,-3.55,-1.74,-2.2,-1.0100000000000002,0.7100000000000002,0.0,-0.7700000000000002,0.040000000000000036,-2.14,-0.31999999999999984,2.72,-1.73
 UTENSÍLIOS DE PLÁSTICO,0.0,0.0,0.0,0.0,0.0,0.0,1.25,0.0,0.0,0.0,0.04999999999999993,0.0,0.0,0.0,-2.24,-0.8300000000000001,0.3
 FLORES NATURAIS,0.0,4.390000000000001,0.0,0.0,0.0,0.0,0.0,0.0,0.0,0.0,0.0,0.0,0.0,0.0,0.0,0.0,4.390000000000001
 UTENSÍLIOS PARA BEBÊ,0.0,0.0,2.94,0.48,0.0,0.0,0.0,2.52,0.0,0.0,2.21,0.86,4.35,-0.5700000000000003,0.0,0.0,2.17
" CAMA, MESA E BANHO",0.71,-5.2,-1.0799999999999998,1.3699999999999999,-2.0900000000000003,-0.21999999999999986,-3.0,0.05999999999999983,-0.5,-0.5700000000000001,-0.3400000000000001,-4.45,0.09999999999999987,-1.39,1.16,1.05,-1.53
 ROUPA DE CAMA,0.71,-5.2,-1.0799999999999998,3.74,-2.0900000000000003,-0.21999999999999986,-3.0,-0.8799999999999997,-0.5,-0.5700000000000001,-0.3400000000000001,-4.45,-1.52,-1.13,1.16,1.05,-1.56
 ROUPA DE BANHO,0.0,0.0,0.0,-4.83,0.0,0.0,0.0,2.25,0.0,0.0,0.0,0.0,3.96,-2.3200000000000003,0.0,0.0,-0.18
 APARELHOS ELETROELETRÔNICOS,3.33,0.7300000000000001,1.38,-1.5100000000000002,2.04,1.99,0.020000000000000018,-1.26,2.6599999999999997,-1.19,2.77,3.4299999999999997,4.140000000000001,-0.9000000000000001,-0.4,1.49,1.3900000000000001
 ELETRODOMÉSTICOS E EQUIPAMENTOS,4.17,1.6099999999999997,1.27,-1.3399999999999999,4.05,5.53,1.36,-0.8099999999999998,4.56,-0.44999999999999996,4.07,4.109999999999999,4.88,-1.1199999999999999,-0.16000000000000003,4.6899999999999995,2.64
 REFRIGERADOR,2.8600000000000003,-2.29,0.8399999999999999,-7.44,2.37,2.5,0.32999999999999996,-2.42,2.8200000000000003,-2.25,1.8800000000000001,-2.22,1.17,-2.3899999999999997,-0.5800000000000001,1.69,0.57
 AR-CONDICIONADO,12.91,18.119999999999997,0.0,8.82,28.5,24.32,5.180000000000001,7.69,17.41,9.62,15.95,30.86,29.310000000000002,2.34,0.0,24.25,18.87
 MÁQUINA DE LAVAR ROUPA,1.85,0.17000000000000015,-0.06999999999999995,0.52,-0.5700000000000001,2.02,-0.8499999999999996,-2.19,0.5500000000000002,-0.81,0.9999999999999998,2.26,2.75,-3.4799999999999995,-3.74,-2.83,-0.07999999999999995
 VENTILADOR,0.0,0.0,0.0,0.37999999999999967,0.0,0.0,1.4000000000000001,-3.5,0.0,0.0,0.0,0.0,2.39,1.98,3.63,-0.5700000000000001,0.7
 FOGÃO,1.96,-4.85,3.5700000000000003,1.07,1.63,4.26,5.82,0.39,2.76,-1.48,4.1000000000000005,0.6000000000000001,-0.8300000000000001,-0.8899999999999999,0.7600000000000002,2.44,1.24
 CHUVEIRO ELÉTRICO,0.0,0.0,1.5000000000000002,0.0,0.0,0.0,0.0,0.0,0.0,0.0,0.0,0.0,0.0,0.0,0.0,0.0,1.5000000000000002
" TV, SOM E INFORMÁTICA",2.29,-0.7999999999999999,1.5699999999999996,-1.71,-0.7000000000000001,-2.38,-1.6500000000000001,-1.83,-0.4800000000000001,-2.25,0.4800000000000004,2.34,2.7199999999999998,-0.3599999999999999,-0.7499999999999999,-2.3800000000000003,-0.3999999999999999
 TELEVISOR,2.7800000000000002,-0.37,2.03,-1.6499999999999997,-0.31000000000000005,1.9500000000000002,1.07,-1.14,-0.22999999999999982,-3.2300000000000004,1.9000000000000004,3.01,4.63,-0.5499999999999998,-2.3,-1.12,0.20000000000000007
 APARELHO DE SOM,0.0,0.0,0.0,-1.71,0.0,0.0,0.0,0.0,4.2,0.0,0.0,0.0,0.0,0.0,-0.7499999999999999,-2.3800000000000003,1.0999999999999999
 VIDEOGAME (CONSOLE),0.0,0.0,0.0,4.499999999999999,0.0,0.0,0.0,0.0,0.0,0.0,0.0,0.0,0.0,0.0,0.0,0.0,4.499999999999999
 COMPUTADOR PESSOAL,1.5700000000000003,-1.6900000000000004,0.9000000000000004,-3.21,-1.2499999999999998,-6.39,-6.529999999999999,-2.75,-2.54,-0.8100000000000002,-1.2000000000000002,1.19,-0.8500000000000001,0.10000000000000009,5.01,-4.29,-1.4500000000000002
 CONSERTOS E MANUTENÇÃO,4.09,1.44,0.20999999999999996,0.49,5.66,5.41,-0.21999999999999992,0.78,0.19,3.58,-0.42,-0.030000000000000054,0.88,2.4699999999999998,-2.6100000000000003,-0.98,2.92
 CONSERTOS E MANUTENÇÃO,4.09,1.44,0.20999999999999996,0.49,5.66,5.41,-0.21999999999999992,0.78,0.19,3.58,-0.42,-0.030000000000000054,0.88,2.4699999999999998,-2.6100000000000003,-0.98,2.92
 CONSERTO DE REFRIGERADOR,0.0,0.45999999999999996,0.0,2.26,0.0,0.0,2.15,0.0,1.63,0.0,4.22,0.0,0.0,0.0,-6.16,0.0,1.73
 CONSERTO DE TELEVISOR,0.0,0.0,0.0,0.0,0.0,0.0,-3.46,0.0,0.0,0.0,0.0,0.0,0.0,0.0,0.0,0.0,-3.46
 CONSERTO DE MÁQUINA DE LAVAR ROUPA,0.0,-2.05,0.0,0.0,0.0,0.0,0.0,0.0,0.0,0.0,0.0,0.0,0.0,0.0,0.0,0.0,-2.05
 REFORMA DE ESTOFADO,2.1,8.16,2.1199999999999997,2.06,3.0900000000000003,6.890000000000001,0.0,1.72,2.16,0.0,0.0,-0.42,2.75,4.34,0.0,1.4,3.4399999999999995
 CONSERTO DE APARELHO CELULAR,0.0,-1.43,-2.02,-2.1799999999999997,-2.0300000000000002,-0.95,-3.0799999999999996,-0.45999999999999996,-4.12,5.050000000000001,-1.07,1.4300000000000002,-2.85,-0.5200000000000001,-2.76,-5.909999999999999,-1.31
 CONSERTO DE BICICLETA,4.4399999999999995,5.119999999999999,0.84,0.59,7.12,6.15,2.1700000000000004,1.1800000000000002,2.11,3.2199999999999998,-2.38,-0.14999999999999994,2.9600000000000004,3.05,-0.3799999999999998,1.99,4.29
 VESTUÁRIO,1.83,0.51,2.62,1.02,-0.36,0.7000000000000001,1.65,1.4,0.92,1.72,0.30999999999999994,0.6399999999999999,1.68,-1.98,0.12,-0.20999999999999994,0.8
 ROUPAS,1.7,0.41999999999999993,3.08,0.9299999999999999,-0.84,1.12,2.35,1.6400000000000001,1.04,1.5499999999999998,0.2899999999999999,0.78,1.7999999999999998,-2.63,0.3699999999999999,-0.4699999999999999,0.75
 ROUPA MASCULINA,1.96,-0.47000000000000003,2.36,1.11,-0.45999999999999996,1.51,3.24,2.18,0.71,2.36,-0.17999999999999972,0.81,2.54,-3.95,-2.220446049250313e-16,-1.3299999999999998,0.8099999999999999
 CALÇA COMPRIDA MASCULINA,-0.29000000000000004,-0.5100000000000001,1.42,-1.2100000000000004,-2.7199999999999998,-2.2199999999999998,0.55,4.03,1.6,4.77,-1.2,0.5700000000000001,2.56,-6.17,-1.44,-1.0299999999999998,-0.33999999999999997
 AGASALHO MASCULINO,0.0,-2.2600000000000002,0.0,0.0,0.0,0.0,0.0,0.0,0.0,-2.13,0.0,0.0,0.0,0.0,0.0,0.0,-2.2199999999999998
 BERMUDA/SHORT MASCULINO,2.27,0.52,1.8399999999999999,-0.8899999999999999,2.02,-2.17,5.16,-1.68,0.59,1.8900000000000001,1.33,-2.7755575615628914e-17,3.65,-1.49,-0.97,1.0,1.28
 CUECA,0.0,0.0,0.0,0.0,0.0,0.0,-0.5700000000000001,0.0,0.0,0.0,0.0,0.0,0.0,-1.73,-3.3,0.0,-1.4000000000000004
 CAMISA/CAMISETA MASCULINA,2.4899999999999998,-0.07000000000000006,3.0,3.16,0.15999999999999992,3.86,4.35,3.18,0.3899999999999999,1.81,-0.09999999999999987,1.19,2.28,-3.68,1.72,-2.35,1.38
 ROUPA FEMININA,1.21,0.44999999999999996,4.24,0.77,-1.2699999999999998,0.81,1.92,2.33,1.52,0.4700000000000001,0.45999999999999996,0.74,1.18,-2.68,-0.019999999999999907,-0.41,0.6200000000000001
 CALÇA COMPRIDA FEMININA,-1.2399999999999998,1.55,3.43,0.21999999999999986,-3.99,-0.7800000000000001,-2.33,4.4,1.7800000000000002,1.2300000000000004,1.29,-0.08999999999999986,-0.18999999999999995,-0.99,2.11,-1.81,-0.43
 AGASALHO FEMININO,0.0,-1.85,-0.3999999999999999,0.0,0.0,0.0,0.0,0.0,0.0,2.19,0.0,0.0,1.18,0.0,0.0,0.0,-0.6399999999999999
 SAIA,0.0,0.0,0.0,3.78,0.0,0.0,4.13,0.0,0.0,0.0,0.0,0.0,0.0,-2.9499999999999993,-1.91,-0.03999999999999998,2.19
 VESTIDO,2.95,1.2,3.5300000000000002,3.95,-2.92,-1.78,2.84,1.78,0.18999999999999995,-0.6299999999999999,-2.7300000000000004,1.82,3.29,-3.91,1.02,2.09,0.06999999999999995
 BLUSA,0.9099999999999999,-0.41999999999999993,5.82,-1.3399999999999999,1.5499999999999998,3.26,1.33,1.95,2.56,-0.47000000000000014,1.6600000000000001,0.24000000000000005,2.08,-3.27,-4.12,-1.84,1.4
 LINGERIE,0.0,1.9400000000000002,4.140000000000001,0.6299999999999999,-2.12,0.0,6.15,3.2700000000000005,-0.12000000000000001,1.67,0.26000000000000023,0.0,-2.56,-0.47,0.74,0.2800000000000001,0.5900000000000001
 BERMUDA/SHORT FEMININO,3.54,0.0,5.03,2.08,0.0,0.0,1.5499999999999998,0.69,3.26,5.99,0.6199999999999999,1.83,1.99,-3.38,2.96,1.4700000000000002,2.69
 ROUPA INFANTIL,2.5,2.04,1.6600000000000001,0.9799999999999999,-0.55,1.13,1.3099999999999998,-1.66,0.74,2.4299999999999997,0.96,0.84,1.84,0.74,2.13,1.27,0.8700000000000001
 UNIFORME ESCOLAR,0.0,0.0,2.07,1.31,1.14,1.2,0.0,2.24,0.0,-0.37,-0.2,0.45,0.0,0.0,0.69,0.76,0.8
 CALÇA COMPRIDA INFANTIL,0.0,-1.49,1.15,0.0,-1.85,-1.0599999999999998,0.0,0.0,-2.5,4.57,1.6400000000000001,0.0,-2.31,1.67,2.6100000000000003,0.0,-0.35000000000000003
 AGASALHO INFANTIL,0.0,0.52,0.0,0.0,0.0,0.0,0.0,0.0,0.0,0.0,0.0,0.0,0.0,0.0,0.0,0.0,0.52
 VESTIDO INFANTIL,1.47,3.82,4.65,2.7399999999999998,0.0,2.7300000000000004,4.04,-5.18,4.8,0.0,3.82,0.06999999999999999,5.78,-1.0899999999999999,0.9199999999999999,3.99,3.09
 BERMUDA/SHORT INFANTIL,1.1099999999999999,0.0,0.0,1.0699999999999998,3.87,0.0,-3.7199999999999998,1.9200000000000004,1.27,0.0,0.0,0.99,3.18,2.7199999999999998,2.81,3.5,2.23
 CAMISA/CAMISETA INFANTIL,3.61,2.5500000000000003,3.42,2.63,-0.8,4.6899999999999995,-0.64,-1.26,-0.19999999999999973,3.32,-3.8200000000000003,1.5699999999999998,0.49,2.19,4.59,2.6599999999999997,1.1600000000000001
 CONJUNTO INFANTIL,2.5,4.33,-1.9800000000000002,-1.98,-2.65,-4.4,4.93,-3.5999999999999996,-0.6800000000000002,2.9899999999999998,4.75,0.52,3.3899999999999997,-1.96,1.06,-2.25,-0.19999999999999996
 CALÇADOS E ACESSÓRIOS,2.02,0.8099999999999998,1.8499999999999999,1.4100000000000001,1.0,0.87,0.16000000000000014,1.28,1.18,2.4600000000000004,-0.050000000000000044,0.2899999999999999,1.7400000000000002,-0.32999999999999996,-0.5700000000000001,0.3600000000000001,1.17
 CALÇADOS E ACESSÓRIOS,2.02,0.8099999999999998,1.8499999999999999,1.4100000000000001,1.0,0.87,0.16000000000000014,1.28,1.18,2.4600000000000004,-0.050000000000000044,0.2899999999999999,1.7400000000000002,-0.32999999999999996,-0.5700000000000001,0.3600000000000001,1.17
 SAPATO MASCULINO,1.21,2.5599999999999996,-0.1599999999999997,2.2199999999999998,-2.27,4.24,-2.5,0.56,1.0800000000000003,3.08,-1.8600000000000003,-1.47,1.52,-1.6500000000000001,0.3800000000000001,2.87,0.05000000000000002
 SAPATO FEMININO,2.29,1.3099999999999998,0.5399999999999998,-0.3700000000000001,0.6200000000000003,1.4600000000000002,-4.440892098500626e-16,0.8799999999999999,2.03,1.1099999999999999,-3.710000000000001,0.61,2.68,0.8799999999999999,-3.8000000000000003,-1.44,0.74
 SAPATO INFANTIL,0.0,0.0,0.0,3.1100000000000003,0.0,0.0,1.2899999999999998,0.0,1.57,3.87,2.1,0.0,0.6599999999999997,2.7300000000000004,0.44999999999999996,2.3600000000000003,2.39
 BOLSA,0.4899999999999999,-4.470000000000001,-0.8199999999999998,1.6700000000000002,0.0,-1.9899999999999998,2.77,0.83,-0.2799999999999998,0.0900000000000003,-0.10000000000000003,0.0,2.6399999999999997,-2.95,3.74,-4.38,-0.05999999999999994
 MOCHILA,0.0,0.0,0.0,-0.1200000000000001,0.0,0.0,2.4699999999999998,3.0799999999999996,0.0,0.0,0.0,0.0,0.0,-0.05000000000000002,-2.05,0.0,0.98
 TÊNIS,1.65,0.1399999999999999,3.09,1.7100000000000002,1.13,-0.77,2.24,3.61,0.7200000000000001,2.7699999999999996,2.31,0.2400000000000002,0.25,2.21,-3.6,1.65,1.36
 SANDÁLIA/CHINELO,4.16,3.87,2.87,1.85,4.220000000000001,2.1399999999999997,-0.66,0.05999999999999994,1.52,4.970000000000001,0.28,1.6900000000000002,3.99,-3.81,2.09,0.6599999999999999,2.55
 JOIAS E BIJUTERIAS,2.0,-0.17000000000000004,0.87,0.13,-1.13,-2.5300000000000002,1.3399999999999999,-1.3699999999999997,-1.73,0.17999999999999994,2.14,0.78,0.5099999999999998,-2.0100000000000002,0.48,1.4300000000000002,-0.09999999999999999
 JOIAS E BIJUTERIAS,2.0,-0.17000000000000004,0.87,0.13,-1.13,-2.5300000000000002,1.3399999999999999,-1.3699999999999997,-1.73,0.17999999999999994,2.14,0.78,0.5099999999999998,-2.0100000000000002,0.48,1.4300000000000002,-0.09999999999999999
 BIJUTERIA,0.0,0.0,0.49,0.0,0.0,-3.9,0.0,0.0,-0.9800000000000001,0.0,0.0,0.0,0.0,0.0,0.0,4.67,-0.66
 JOIA,1.45,-0.79,1.05,-0.77,-2.25,-1.98,1.68,-0.16999999999999993,0.0,0.41000000000000003,2.08,0.9899999999999999,0.5099999999999998,0.22999999999999998,0.8099999999999998,0.24,-0.3499999999999999
 RELÓGIO DE PULSO,3.17,1.37,0.0,1.3800000000000001,2.58,0.0,0.53,-3.54,-2.5700000000000003,-0.5099999999999998,2.46,0.34999999999999987,0.0,-3.3200000000000003,-0.48,-0.15000000000000002,0.87
 TECIDOS E ARMARINHO,4.48,1.82,0.43999999999999995,0.4999999999999999,1.46,-2.61,-2.07,-0.01000000000000012,-2.3000000000000003,-0.6699999999999999,-0.7800000000000002,-0.9400000000000001,3.03,3.27,-0.09999999999999998,-2.51,-0.040000000000000036
 TECIDOS E ARMARINHO,4.48,1.82,0.43999999999999995,0.4999999999999999,1.46,-2.61,-2.07,-0.01000000000000012,-2.3000000000000003,-0.6699999999999999,-0.7800000000000002,-0.9400000000000001,3.03,3.27,-0.09999999999999998,-2.51,-0.040000000000000036
 TECIDO,4.48,2.31,0.45999999999999996,0.4999999999999999,0.2899999999999999,-2.61,-2.07,-0.01000000000000012,-2.3000000000000003,-1.22,-1.0900000000000003,0.029999999999999916,3.03,3.27,-0.09999999999999998,-2.51,-0.43
 ARTIGOS DE ARMARINHO,0.0,1.03,0.3800000000000001,0.0,4.15,0.0,0.0,0.0,0.0,0.29000000000000004,0.02000000000000024,-2.4499999999999997,0.0,0.0,0.0,0.0,1.84
 TRANSPORTES,1.64,1.1,1.87,-2.11,1.7699999999999998,2.9899999999999998,1.86,0.9599999999999997,1.27,-0.8600000000000001,-0.13,1.62,0.45999999999999996,2.29,-1.72,-2.8200000000000003,1.1
 TRANSPORTES,1.64,1.1,1.87,-2.11,1.7699999999999998,2.9899999999999998,1.86,0.9599999999999997,1.27,-0.8600000000000001,-0.13,1.62,0.45999999999999996,2.29,-1.72,-2.8200000000000003,1.1
 TRANSPORTE PÚBLICO,7.83,15.680000000000001,11.75,8.15,11.600000000000001,26.18,10.25,7.41,12.82,17.07,13.2,18.490000000000002,10.46,9.67,2.5599999999999996,8.0,12.11
 ÔNIBUS URBANO,0.0,0.0,0.67,0.0,-10.620000000000001,0.0,0.0,0.0,6.07,0.0,0.0,0.0,0.0,-6.86,0.0,0.0,-1.7599999999999998
 TÁXI,0.0,20.03,0.0,0.0,6.63,0.0,0.0,0.0,0.0,0.0,0.0,0.0,0.0,0.0,0.0,0.0,3.64
 TREM,0.0,0.0,0.0,0.0,0.4500000000000002,0.0,0.0,0.0,0.0,0.0,0.0,0.0,0.0,0.0,0.0,0.0,0.11000000000000032
 ÔNIBUS INTERMUNICIPAL,0.0,9.99,1.25,2.01,0.0,0.0,0.6999999999999998,0.0,1.81,0.0,0.87,0.020000000000000004,1.17,0.0,0.26,0.0,1.6800000000000002
 ÔNIBUS INTERESTADUAL,1.92,0.0,2.1100000000000003,-1.42,1.9500000000000002,-5.6,-4.17,2.9499999999999997,1.73,0.75,1.83,2.3600000000000003,7.41,4.5200000000000005,-0.04999999999999982,-0.71,0.62
 PASSAGEM AÉREA,51.05,50.75,54.12,41.769999999999996,52.44,55.5,45.760000000000005,52.2,61.7,46.0,59.9,64.77,54.82,27.759999999999998,29.39,51.239999999999995,51.69
 METRÔ,0.0,0.0,0.0,0.0,0.4500000000000002,0.0,0.0,0.0,0.0,0.0,0.0,0.0,0.0,0.0,0.0,0.0,0.14000000000000012
 TRANSPORTE ESCOLAR,0.0,0.23,0.25,0.0,0.0,0.53,0.0,0.0,0.0,0.0,0.0,0.0,0.0,0.0,0.0,0.0,0.09
 TRANSPORTE POR APLICATIVO,14.729999999999999,-9.600000000000001,15.530000000000001,2.1100000000000003,14.950000000000001,1.22,0.0,-0.8800000000000001,0.19999999999999996,0.0,-2.8499999999999996,6.470000000000001,3.4799999999999995,0.0,1.1099999999999997,2.84,6.86
 INTEGRAÇÃO TRANSPORTE PÚBLICO,0.0,0.0,0.0,0.0,-6.55,0.0,0.0,0.0,0.0,0.0,0.0,0.0,0.0,0.0,0.0,0.0,-6.55
 VEÍCULO PRÓPRIO,0.03999999999999998,0.24,1.6400000000000001,0.3999999999999999,0.7799999999999999,-0.48000000000000004,2.37,0.6599999999999999,0.6799999999999999,-0.6799999999999999,0.75,0.5800000000000001,1.71,2.27,0.6099999999999999,0.11000000000000001,0.59
 AUTOMÓVEL NOVO,0.18,-0.08999999999999997,-0.03999999999999998,0.08000000000000002,-0.97,0.49000000000000005,0.12,0.57,0.36,-2.65,0.07,-0.08,0.84,1.9800000000000002,-0.7600000000000002,0.11999999999999988,-0.5800000000000001
 EMPLACAMENTO E LICENÇA,3.75,3.7199999999999998,8.91,3.7199999999999998,5.58,3.44,6.38,3.82,3.6399999999999997,3.3899999999999997,3.7199999999999998,3.7199999999999998,3.81,3.63,5.1899999999999995,3.7800000000000002,4.89
 SEGURO VOLUNTÁRIO DE VEÍCULO,-9.61,-5.55,-8.58,-3.9400000000000004,2.7300000000000004,-11.33,-3.2899999999999996,-3.2800000000000002,0.22999999999999995,-1.41,-8.51,-6.0,1.2000000000000002,-1.62,-3.46,-6.75,-3.17
 MULTA,0.0,0.0,0.0,0.0,0.0,0.0,0.0,0.0,0.0,0.0,0.0,0.0,0.0,0.0,0.0,0.0,0.0
 ÓLEO LUBRIFICANTE,0.0,-3.04,2.59,-1.46,-1.33,2.47,0.02999999999999997,2.3499999999999996,1.77,0.29999999999999993,0.54,0.0,2.6,1.09,-0.8300000000000001,-1.44,-0.06
 ACESSÓRIOS E PEÇAS,-2.4499999999999997,1.25,1.9899999999999998,2.41,0.3900000000000001,-0.31,-0.17000000000000004,-0.8199999999999998,-4.0,2.27,1.55,1.5899999999999999,1.02,2.6500000000000004,-4.96,-0.2699999999999998,0.25
 PNEU,0.0,-1.9100000000000001,-3.3,-4.34,-3.6799999999999997,-0.09999999999999998,-1.62,0.5799999999999996,-6.81,-0.33999999999999986,-0.9399999999999997,-3.8200000000000003,-0.4099999999999997,-6.65,-3.14,-3.0199999999999996,-2.61
 CONSERTO DE AUTOMÓVEL,-0.32,0.31,2.12,-0.15999999999999964,-1.2800000000000002,1.94,0.62,1.4,0.6499999999999999,-1.2599999999999998,3.0,5.090000000000001,0.33000000000000007,6.9,0.52,0.14999999999999994,0.23000000000000007
 ESTACIONAMENTO,0.0,1.55,0.0,0.0,-0.4,0.0,0.0,0.0,1.8099999999999998,-0.41,0.0,0.0,0.0,0.0,0.0,0.0,-0.10999999999999999
 PEDÁGIO,0.0,0.0,0.0,0.0,1.99,0.0,0.0,0.0,0.0,0.27,0.0,-0.35,0.0,0.0,0.0,0.0,1.55
 AUTOMÓVEL USADO,-2.27,-1.8599999999999999,-1.1300000000000001,0.0,-1.9700000000000002,-4.1,-0.8700000000000001,-2.68,-0.8099999999999999,-2.96,-0.5900000000000001,-2.0,2.7,-3.8899999999999997,-1.81,-0.6499999999999999,-1.77
 PINTURA DE VEÍCULO,0.0,0.0,0.7000000000000002,2.7600000000000002,0.0,0.0,0.0,0.0,1.71,0.0,0.0,0.0,0.0,0.0,0.0,0.0,1.43
 ALUGUEL DE VEÍCULO,17.650000000000002,0.0,0.0,0.0,0.0,0.0,2.6799999999999997,0.0,20.46,0.0,0.0,0.0,0.0,0.0,0.0,0.0,14.209999999999999
 MOTOCICLETA,-2.220446049250313e-16,1.28,-0.10999999999999999,-0.5999999999999999,1.1099999999999999,-0.89,0.2200000000000001,-0.9899999999999998,-1.6099999999999999,3.67,3.08,0.36,0.42000000000000004,0.0,1.04,0.43,0.77
 COMBUSTÍVEIS (VEÍCULOS),-1.35,-4.16,-2.5,-11.74,-1.1800000000000002,-3.1399999999999997,-3.61,-1.3200000000000003,-5.49,-5.59,-4.720000000000001,-3.6199999999999997,-3.52,-0.22,-7.85,-14.340000000000002,-3.4699999999999998
 GASOLINA,-1.45,-4.26,-2.61,-11.780000000000001,-1.0699999999999998,-3.12,-3.63,-1.4500000000000002,-5.36,-5.22,-4.549999999999999,-3.78,-3.47,-0.43,-7.8,-14.7,-3.5599999999999996
 ETANOL,-2.88,0.0,-3.2,-16.529999999999998,-2.2199999999999998,-3.89,0.0,0.0,-6.290000000000001,-8.98,-5.989999999999999,0.0,-6.98,0.0,0.0,0.0,-4.0600000000000005
 ÓLEO DIESEL,4.21,-1.52,0.5700000000000001,-3.1500000000000004,2.88,-3.2199999999999998,-3.1,1.46,-6.140000000000001,-1.2899999999999998,-3.86,-0.8200000000000001,-2.3900000000000006,1.2000000000000002,-8.309999999999999,-4.41,-0.7599999999999998
 GÁS VEICULAR,-1.47,0.0,0.0,0.0,0.0,0.0,0.0,0.22,0.0,0.0,0.0,0.0,0.0,0.0,0.0,0.0,-1.39
 SAÚDE E CUIDADOS PESSOAIS,1.04,0.6699999999999999,0.7,0.09999999999999999,1.2,1.34,0.010000000000000009,0.49,-0.24,0.060000000000000026,0.5,1.32,0.79,-0.55,0.16000000000000003,0.89,0.75
 PRODUTOS FARMACÊUTICOS E ÓTICOS,0.59,0.76,-0.42999999999999994,-0.27999999999999997,0.41,1.81,-0.6100000000000001,0.91,0.32999999999999996,1.48,0.27,1.6600000000000001,-0.17999999999999994,0.31000000000000005,2.58,1.85,0.52
 PRODUTOS FARMACÊUTICOS,0.7000000000000001,0.56,-0.58,0.41000000000000003,0.07999999999999999,1.3900000000000001,-0.82,0.91,0.42999999999999994,1.45,0.19,1.36,-0.42000000000000004,0.39999999999999997,2.3,2.0,0.39
 ANTI-INFECCIOSO E ANTIBIÓTICO,3.8400000000000003,0.8900000000000003,-2.78,3.22,0.66,0.98,-0.16000000000000003,-0.38,-1.32,0.86,2.1999999999999997,-1.98,-3.25,0.5800000000000001,1.1199999999999999,3.96,0.32
 ANALGÉSICO E ANTITÉRMICO,2.65,1.09,0.5700000000000001,1.9500000000000002,0.41000000000000003,2.1400000000000006,-0.22999999999999998,2.16,2.16,1.2,0.1399999999999999,3.4400000000000004,-0.99,2.1100000000000003,2.0300000000000002,3.2199999999999998,1.1
 ANTI-INFLAMATÓRIO E ANTIRREUMÁTICO,-0.31,0.74,0.3400000000000001,-0.71,-0.5600000000000002,1.88,-1.0699999999999998,1.1999999999999997,-1.33,0.8400000000000001,-2.15,0.6399999999999999,-2.21,-0.8799999999999999,2.58,5.87,-0.020000000000000018
 ANTIGRIPAL E ANTITUSSÍGENO,0.9600000000000002,0.3000000000000001,0.5599999999999999,0.22999999999999998,1.44,-0.7100000000000002,1.1400000000000001,-0.8800000000000001,0.14000000000000007,2.2,-0.55,0.10999999999999988,-1.5799999999999998,0.6400000000000003,0.31000000000000005,1.7700000000000005,0.78
 DERMATOLÓGICO,3.06,1.8,2.25,0.4900000000000002,0.17000000000000004,-0.3500000000000001,0.0,1.7300000000000002,1.71,0.92,0.0,2.27,-1.9000000000000001,-0.77,6.6,2.81,1.1400000000000001
 ANTIALÉRGICO E BRONCODILATADOR,0.7300000000000001,-2.89,0.10999999999999993,-0.5,0.6200000000000002,0.8800000000000001,-3.13,0.31000000000000005,0.15000000000000005,1.29,-1.52,1.8,-2.5,-0.44,1.9700000000000002,0.56,0.03999999999999998
 GASTROPROTETOR,-1.1400000000000001,-1.7,0.1399999999999999,-1.04,-2.82,0.0,-0.9099999999999998,-0.41999999999999993,0.26999999999999996,0.7200000000000001,0.8300000000000001,2.7499999999999996,-0.4099999999999999,-1.16,5.99,-0.26,-0.84
 VITAMINA E FORTIFICANTE,2.1,5.25,-2.9499999999999997,1.6,2.63,2.75,2.34,0.39000000000000007,1.33,1.25,1.9600000000000004,2.44,-0.9099999999999999,1.3399999999999999,4.01,-0.009999999999999898,1.79
 HORMONAL,0.6799999999999999,2.57,-1.57,0.9300000000000002,1.9400000000000002,2.53,-4.09,0.17999999999999994,-1.0899999999999999,1.21,0.57,1.6800000000000002,-0.14000000000000007,-0.4700000000000001,0.4500000000000002,0.07000000000000006,0.9199999999999999
 PSICOTRÓPICO E ANOREXÍGENO,-0.44000000000000017,0.44000000000000006,0.5300000000000002,-0.020000000000000018,-0.39,1.18,-0.96,-0.5999999999999999,-0.17999999999999994,1.6300000000000001,0.18,0.6699999999999999,0.36999999999999966,0.35000000000000003,-1.1600000000000001,3.35,0.15
 HIPOTENSOR E HIPOCOLESTEROLÊMICO,1.07,-0.9000000000000001,-1.33,-1.35,-0.20000000000000018,1.6700000000000004,-3.7399999999999998,1.82,0.7600000000000002,3.0,-0.5599999999999999,0.09999999999999987,2.76,-0.4700000000000001,2.7,0.6599999999999999,0.14
 OFTALMOLÓGICO,0.27000000000000024,-0.88,3.64,0.31000000000000005,2.46,0.25,0.91,3.56,1.89,0.0,3.6100000000000003,1.6500000000000001,0.16000000000000003,0.0,-0.7600000000000002,3.45,1.7000000000000002
 ANTIDIABÉTICO,-1.52,-3.76,-2.6599999999999997,1.1300000000000001,-4.31,-0.8799999999999999,-3.63,2.71,-2.04,-0.53,0.14,1.0300000000000002,2.0300000000000002,-1.89,0.5499999999999999,1.13,-2.3200000000000003
 NEUROLÓGICO,-3.0999999999999996,5.68,-1.45,0.6,-0.5399999999999998,1.7600000000000005,-0.8199999999999998,-0.9900000000000001,-0.9800000000000001,-0.43000000000000016,-0.77,1.6799999999999997,2.0600000000000005,0.1599999999999998,0.8899999999999999,2.5700000000000003,-0.42
 PRODUTOS ÓTICOS,-2.4299999999999997,4.27,2.09,-8.79,4.59,7.14,0.73,0.97,-0.8000000000000003,2.1899999999999995,2.82,7.930000000000001,2.5500000000000003,-2.13,5.3100000000000005,-0.5200000000000005,2.23
 ÓCULOS DE GRAU,-2.4299999999999997,4.27,2.09,-8.79,4.59,7.14,0.73,0.97,-0.8000000000000003,2.1899999999999995,2.82,7.930000000000001,2.5500000000000003,-2.13,5.3100000000000005,-0.5200000000000005,2.23
 SERVIÇOS DE SAÚDE,2.03,1.6600000000000001,1.9300000000000002,2.12,1.96,2.4,2.27,1.5999999999999999,2.1,0.97,1.7800000000000002,1.92,2.3200000000000003,1.02,1.1400000000000001,1.73,1.92
 SERVIÇOS MÉDICOS E DENTÁRIOS,1.19,0.5000000000000001,1.92,0.32999999999999996,0.72,2.58,3.04,-0.88,1.13,-0.53,1.42,0.54,2.67,0.14,1.71,0.18999999999999995,0.99
 MÉDICO,0.17,0.5700000000000001,1.18,1.03,0.17,0.9099999999999999,1.17,-0.96,0.93,-1.73,0.25,0.69,1.88,0.0,1.13,0.6499999999999999,0.38
 DENTISTA,1.89,0.47,2.71,-1.06,1.07,3.4399999999999995,8.129999999999999,-0.69,1.38,0.64,2.66,0.45,3.57,0.3999999999999998,2.95,-0.7400000000000001,1.56
 APARELHO ORTODÔNTICO,0.0,0.0,1.4300000000000002,0.0,0.0,0.0,0.0,0.0,0.0,0.0,3.2199999999999998,0.0,2.22,0.0,0.0,0.0,1.85
 FISIOTERAPEUTA,0.0,0.0,0.0,0.0,0.0,0.0,0.0,0.0,0.0,0.0,0.0,0.0,0.0,0.87,0.0,0.0,0.87
 PSICÓLOGO,2.54,0.29,0.0,0.0,1.28,0.0,0.0,0.0,0.0,0.0,0.0,0.0,0.0,0.0,0.0,0.0,1.31
 SERVIÇOS LABORATORIAIS E HOSPITALARES,1.3,0.7,0.33000000000000007,4.26,1.4399999999999997,2.51,0.62,0.95,2.6799999999999997,-1.6400000000000001,0.49000000000000005,1.7600000000000002,3.1399999999999997,0.0,-0.29,0.33999999999999997,1.1400000000000001
 EXAME DE LABORATÓRIO,2.71,1.9400000000000002,0.97,8.600000000000001,1.3499999999999999,0.9700000000000001,1.27,3.4299999999999997,4.02,-0.35,-2.01,1.7,8.67,0.0,-0.46,-1.4100000000000001,1.8399999999999999
 HOSPITALIZAÇÃO E CIRURGIA,0.95,-0.04999999999999996,0.26,2.37,1.6600000000000001,3.3000000000000003,0.35,0.0,1.13,-3.54,0.59,2.5,0.0,0.0,0.35,1.0,0.9900000000000001
 EXAME DE IMAGEM,1.8800000000000003,1.63,-0.08999999999999997,1.7899999999999998,0.28,-0.7,0.5999999999999999,-0.15000000000000002,3.1799999999999997,2.2800000000000002,2.0,0.96,1.46,0.0,-0.75,0.6699999999999999,0.95
 PLANO DE SAÚDE,2.31,2.2,2.24,2.31,2.31,2.34,2.31,2.31,2.34,2.31,2.31,2.2199999999999998,2.0500000000000003,2.31,2.31,2.31,2.2800000000000002
 PLANO DE SAÚDE,2.31,2.2,2.24,2.31,2.31,2.34,2.31,2.31,2.34,2.31,2.31,2.2199999999999998,2.0500000000000003,2.31,2.31,2.31,2.2800000000000002
 CUIDADOS PESSOAIS,-0.5000000000000001,-0.77,-0.020000000000000004,-1.5900000000000003,0.63,-1.96,-0.73,-0.73,-3.84,-2.11,-0.4800000000000001,-0.48,-0.21000000000000008,-1.6,-1.8099999999999998,-0.94,-0.67
 HIGIENE PESSOAL,-0.5000000000000001,-0.77,-0.020000000000000004,-1.5900000000000003,0.63,-1.96,-0.73,-0.73,-3.84,-2.11,-0.4800000000000001,-0.48,-0.21000000000000008,-1.6,-1.8099999999999998,-0.94,-0.67
 PRODUTO PARA CABELO,1.63,-2.4700000000000006,-0.19000000000000006,-5.17,2.9000000000000004,-2.8100000000000005,4.41,-1.28,-12.01,-2.6,0.85,1.61,2.69,-1.31,-3.6399999999999997,-0.8799999999999999,-0.51
 FRALDA DESCARTÁVEL,-0.019999999999999907,2.17,1.6099999999999999,-0.08999999999999997,2.16,3.17,-4.84,1.1600000000000001,-2.07,-0.2599999999999999,-0.2700000000000001,1.08,-0.5399999999999998,2.92,3.44,3.2600000000000002,0.76
 PRODUTO PARA BARBA,1.58,-0.61,-2.95,-4.02,0.45999999999999996,-1.0700000000000003,3.96,2.75,-2.05,-0.8300000000000001,0.5400000000000001,2.38,1.58,-0.47,3.9499999999999997,0.69,-0.14
 PRODUTO PARA PELE,-7.01,-2.1899999999999995,-2.27,0.3900000000000001,-2.58,-6.65,-3.35,-0.21999999999999997,-1.08,-5.52,0.11999999999999988,-2.8600000000000003,-1.98,-4.8100000000000005,-4.83,-4.18,-2.86
 PRODUTO PARA HIGIENE BUCAL,2.2399999999999998,-1.32,2.23,0.040000000000000036,1.3800000000000001,0.25,2.59,1.46,-5.27,-0.3599999999999999,1.0899999999999999,1.3900000000000001,2.81,0.52,-0.8599999999999999,1.25,0.6900000000000001
 PRODUTO PARA UNHA,0.0,0.0,0.0,0.0,0.0,0.0,2.15,0.0,0.0,0.0,0.0,0.0,0.0,0.45999999999999996,0.0,0.0,1.9100000000000001
 PERFUME,-2.9299999999999997,1.39,-0.41999999999999993,-0.9800000000000002,1.1400000000000001,-1.9600000000000002,-2.0999999999999996,-1.7699999999999998,-2.13,-3.0300000000000002,-1.38,-2.2100000000000004,-1.87,-3.4699999999999998,-1.2999999999999998,-2.6599999999999993,-0.8800000000000001
 DESODORANTE,2.6399999999999997,-3.38,0.9800000000000001,-0.8400000000000003,0.04999999999999993,0.5300000000000002,-0.12000000000000019,0.020000000000000018,-0.99,-3.05,0.79,0.72,1.5500000000000003,0.96,-0.18000000000000005,2.26,-0.18000000000000005
 ABSORVENTE HIGIÊNICO,0.16999999999999993,0.5700000000000001,0.3900000000000001,4.74,-0.2699999999999999,-0.1399999999999999,3.9000000000000004,1.9199999999999997,1.3599999999999999,0.6399999999999997,1.19,0.66,-2.0700000000000003,1.71,-2.78,0.61,0.6699999999999999
 SABONETE,0.4800000000000002,-4.34,-0.48000000000000004,-4.24,-1.6500000000000001,-1.8699999999999999,-0.68,-0.96,-7.390000000000001,-0.7899999999999999,-2.31,-2.6,-2.0,1.5599999999999998,-5.300000000000001,-2.1900000000000004,-2.04
 PAPEL HIGIÊNICO,-2.25,2.18,1.6899999999999997,-0.5899999999999999,1.81,-2.17,-5.25,-0.19999999999999996,3.11,-0.69,-3.16,-0.4199999999999997,1.74,4.36,-9.190000000000001,-3.67,0.6
 ARTIGOS DE MAQUIAGEM,-1.0700000000000003,6.220000000000001,1.0300000000000002,-1.42,0.54,0.1200000000000001,-0.8699999999999997,-0.58,-1.51,0.06000000000000005,-0.29000000000000004,-1.5799999999999998,-2.9699999999999998,-4.95,1.1199999999999999,4.08,0.30999999999999983
 DESPESAS PESSOAIS,1.63,1.22,1.32,1.67,1.11,1.2799999999999998,0.8400000000000001,1.5899999999999999,1.96,1.4699999999999998,1.27,2.48,1.58,1.19,1.1400000000000001,1.79,1.33
 SERVIÇOS PESSOAIS,1.13,1.23,1.01,1.55,1.44,1.17,1.81,1.37,1.8199999999999998,1.2,1.07,2.22,2.2699999999999996,1.33,1.1,2.15,1.37
 SERVIÇOS PESSOAIS,1.13,1.23,1.01,1.55,1.44,1.17,1.81,1.37,1.8199999999999998,1.2,1.07,2.22,2.2699999999999996,1.33,1.1,2.15,1.37
 COSTUREIRA,0.0,0.0,0.0,1.4899999999999998,0.0,0.0,2.69,0.0,0.0,0.0,0.0,0.0,0.0,1.2699999999999998,3.33,2.21,2.3499999999999996
 MANICURE,-0.13,7.47,-1.11,1.85,2.1500000000000004,0.020000000000000018,7.709999999999999,4.66,4.65,0.8199999999999998,1.79,5.73,5.99,-0.65,0.8,6.57,2.21
 EMPREGADO DOMÉSTICO,0.8600000000000001,0.8600000000000001,0.8600000000000001,0.8600000000000001,0.8600000000000001,0.8600000000000001,0.8600000000000001,0.8600000000000001,0.8600000000000001,0.8600000000000001,0.8600000000000001,0.8600000000000001,0.8600000000000001,0.8600000000000001,0.8600000000000001,0.8600000000000001,0.8600000000000001
 CABELEIREIRO E BARBEIRO,1.53,-0.22999999999999998,1.25,3.07,2.24,1.51,2.04,1.72,3.56,0.6400000000000001,-0.32,4.890000000000001,4.7,2.42,0.16999999999999982,3.2,1.75
 DEPILAÇÃO,0.0,0.0,2.11,0.0,5.0,3.92,0.0,0.0,3.12,3.93,1.5200000000000002,0.0,1.58,0.0,0.0,4.609999999999999,3.76
 CARTÓRIO,0.0,0.0,0.0,0.0,0.0,0.0,0.0,0.0,0.0,0.0,0.0,0.0,0.0,0.0,0.0,0.0,0.0
 DESPACHANTE,0.0,0.0,1.18,0.0,0.5700000000000001,0.0,0.0,0.0,0.0,1.55,0.8200000000000001,-1.8399999999999999,0.0,0.0,0.0,0.0,0.81
 SERVIÇO BANCÁRIO,1.67,1.67,1.67,1.67,1.67,1.67,1.67,1.67,1.67,1.67,1.67,1.67,1.67,1.67,1.67,1.67,1.67
 CONSELHO DE CLASSE,0.0,1.5,0.0,0.0,1.32,1.62,0.0,0.0,0.0,0.0,1.53,2.04,0.0,0.0,0.0,0.0,1.47
 SOBRANCELHA,3.8499999999999996,-1.6199999999999999,2.51,1.49,2.79,0.5400000000000003,0.0,-1.65,1.3599999999999999,5.77,3.5,4.109999999999999,2.1500000000000004,2.08,-0.6899999999999997,1.3299999999999998,2.32
 RECREAÇÃO E FUMO,2.4699999999999998,1.2000000000000002,1.7999999999999998,1.8599999999999999,0.62,1.5,-1.0100000000000002,1.97,2.2600000000000002,1.81,1.5,3.01,0.26,0.9100000000000001,1.22,1.15,1.29
 RECREAÇÃO,2.92,1.4500000000000002,2.01,0.5800000000000001,0.6300000000000001,1.5899999999999999,-1.12,0.5199999999999999,2.46,2.05,1.77,3.34,0.31,1.06,1.4100000000000001,1.21,1.35
 CLUBE,0.0,0.2,2.29,0.0,0.11,1.71,0.0,0.0,0.0,0.0,0.0,0.0,0.0,0.0,0.0,0.0,0.6900000000000001
 INSTRUMENTO MUSICAL,0.0,0.0,0.0,0.0,0.0,0.050000000000000044,0.0,0.0,-0.35,0.0,1.9700000000000002,0.0,0.0,2.03,0.0,0.0,0.8300000000000001
 TRATAMENTO DE ANIMAIS (CLÍNICA),1.2,4.74,1.59,0.21999999999999997,4.3999999999999995,-2.23,-4.47,2.3600000000000003,1.49,0.35,1.51,2.19,4.66,1.52,0.7000000000000001,1.0,2.44
 BICICLETA,0.0,2.9900000000000007,0.3600000000000001,-0.10000000000000009,-0.52,-1.1099999999999999,-2.7300000000000004,0.0,4.09,-0.86,2.24,2.3199999999999994,1.23,-0.3999999999999999,3.28,0.0,0.4100000000000001
 ALIMENTO PARA ANIMAIS,0.85,-0.9700000000000002,0.07000000000000006,1.34,-3.5100000000000002,0.5800000000000001,-1.52,4.46,-0.18999999999999995,-0.7899999999999999,2.86,-1.44,-2.45,2.69,0.9199999999999998,0.3799999999999999,-1.25
 BRINQUEDO,-1.1900000000000002,3.81,2.74,-4.35,-0.33000000000000007,2.52,-2.0199999999999996,-0.6799999999999999,4.33,0.08999999999999991,-3.25,4.300000000000001,2.9699999999999998,-2.34,2.11,-3.2399999999999998,0.5700000000000001
 CASA NOTURNA,-0.24,0.0,4.699999999999999,0.0,2.3400000000000003,0.0,0.0,0.0,0.0,0.0,0.0,0.0,0.31,0.0,0.0,0.0,2.1
 JOGOS DE AZAR,0.0,0.0,0.0,0.0,0.0,0.0,0.0,0.0,0.0,0.0,0.0,0.0,0.0,0.0,0.0,0.0,0.0
 MATERIAL DE CAÇA E PESCA,0.0,0.0,0.0,0.0,0.0,0.0,0.0,0.0,0.0,0.0,1.1900000000000002,0.0,0.0,1.06,0.0,0.0,1.18
 HOSPEDAGEM,9.73,-1.5999999999999999,0.14999999999999974,2.82,-0.7600000000000001,2.16,3.2399999999999998,3.7300000000000004,7.68,4.62,0.7699999999999999,2.6500000000000004,4.26,-0.36999999999999966,0.3899999999999999,10.88,1.8499999999999999
 PACOTE TURÍSTICO,6.16,4.81,8.52,1.42,3.62,3.8899999999999997,0.0,5.59,8.79,6.58,4.84,5.52,2.2600000000000002,0.0,6.99,-4.02,4.8
 SERVIÇO DE HIGIENE PARA ANIMAIS,1.9900000000000002,4.3,1.58,0.0,4.01,-2.0700000000000003,0.0,-0.6900000000000001,-0.5899999999999999,0.94,3.27,4.09,4.63,0.0,0.0,0.0,2.74
" CINEMA, TEATRO E CONCERTOS",0.6800000000000002,4.74,1.2799999999999998,0.62,-1.4,3.15,-1.23,-7.4,-2.45,-0.8499999999999999,0.4299999999999997,7.63,-7.93,3.94,2.6100000000000003,2.0999999999999996,-0.06999999999999984
 FUMO,0.0,0.0,0.0,10.899999999999999,0.63,0.0,0.0,10.899999999999999,0.0,0.0,0.0,0.0,0.0,0.0,0.0,0.0,0.8600000000000001
 CIGARRO,0.0,0.0,0.0,10.899999999999999,0.63,0.0,0.0,10.899999999999999,0.0,0.0,0.0,0.0,0.0,0.0,0.0,0.0,0.8600000000000001
 EDUCAÇÃO,0.14,0.42,0.30000000000000004,0.12,0.36000000000000004,0.22,0.47000000000000003,0.13,0.43,0.25,0.19999999999999998,0.31,0.55,0.5599999999999999,0.039999999999999994,0.5900000000000001,0.31
" CURSOS, LEITURA E PAPELARIA",0.14,0.42,0.30000000000000004,0.12,0.36000000000000004,0.22,0.47000000000000003,0.13,0.43,0.25,0.19999999999999998,0.31,0.55,0.5599999999999999,0.039999999999999994,0.5900000000000001,0.31
 CURSOS REGULARES,0.0,0.0,0.0,0.0,0.0,0.0,0.0,0.0,0.0,0.0,0.0,0.0,0.0,0.0,0.0,0.0,0.0
 CRECHE,0.0,0.0,0.0,0.0,0.0,0.0,0.0,0.0,0.0,0.0,0.0,0.0,0.0,0.0,0.0,0.0,0.0
 PRÉ-ESCOLA,0.0,0.0,0.0,0.0,0.0,0.0,0.0,0.0,0.0,0.0,0.0,0.0,0.0,0.0,0.0,0.0,0.0
 ENSINO FUNDAMENTAL,0.0,0.0,0.0,0.0,0.0,0.0,0.0,0.0,0.0,0.0,0.0,0.0,0.0,0.0,0.0,0.0,0.0
 ENSINO MÉDIO,0.0,0.0,0.0,0.0,0.0,0.0,0.0,0.0,0.0,0.0,0.0,0.0,0.0,0.0,0.0,0.0,0.0
 ENSINO SUPERIOR,0.0,0.0,0.0,0.0,0.0,0.0,0.0,0.0,0.0,0.0,0.0,0.0,0.0,0.0,0.0,0.0,0.0
 PÓS-GRADUAÇÃO,0.0,0.0,0.0,0.0,0.0,0.0,0.0,0.0,0.0,0.0,0.0,0.0,0.0,0.0,0.0,0.0,0.0
 EDUCAÇÃO DE JOVENS E ADULTOS,0.0,0.0,0.0,0.0,0.0,0.0,0.0,0.0,0.0,0.0,0.0,0.0,0.0,0.0,0.0,0.0,0.0
 CURSO TÉCNICO,0.0,0.0,0.0,0.0,0.0,0.0,0.0,0.0,0.0,0.0,0.0,0.0,0.0,0.0,0.0,0.0,0.0
 LEITURA,1.36,3.86,1.53,1.7,2.78,2.3400000000000003,1.9,0.1,3.12,1.7799999999999998,0.9,2.42,2.33,3.57,0.31,1.11,2.2
 JORNAL DIÁRIO,0.0,3.57,0.0,0.0,0.0,0.0,0.0,0.0,0.0,0.0,0.0,0.0,0.0,0.0,0.0,0.0,1.88
 REVISTA,0.0,0.0,0.0,0.0,5.56,0.0,0.0,0.0,0.0,0.0,0.0,0.0,0.0,5.56,0.0,0.0,5.56
 LIVRO DIDÁTICO,2.39,3.24,1.82,1.96,3.66,2.13,2.66,0.1,3.35,1.48,0.9,3.67,2.77,2.79,0.31,1.17,2.36
 LIVRO NÃO DIDÁTICO,-0.3999999999999999,4.6899999999999995,0.32,0.10000000000000009,-1.9,2.84,0.0,0.0,2.06,2.68,0.0,0.0,1.47,0.0,0.0,0.34999999999999987,0.74
 PAPELARIA,0.06999999999999995,0.83,2.18,0.37000000000000005,-0.16,-0.15000000000000002,4.21,3.5,0.39000000000000007,0.2700000000000001,2.51,2.67,1.79,0.54,-0.7300000000000001,-1.4100000000000001,0.99
 CADERNO,5.76,0.9800000000000002,3.51,-0.18,0.81,2.31,3.61,6.66,-3.2399999999999998,2.62,6.859999999999999,3.76,5.03,-0.40999999999999986,-0.7499999999999998,2.14,2.21
 ARTIGOS DE PAPELARIA,-2.19,0.7899999999999999,1.13,0.8,-0.5800000000000002,-0.8600000000000001,4.97,1.3699999999999999,2.7199999999999998,-0.99,-0.19000000000000006,1.7799999999999998,0.28,1.76,-0.6799999999999999,-3.6799999999999997,0.26
 CURSOS DIVERSOS,0.030000000000000027,-0.32,0.3,-0.67,1.22,-0.14,0.37,0.49,0.5599999999999999,0.79,0.31,0.5800000000000001,1.5799999999999998,2.45,0.32999999999999996,6.37,0.62
 CURSO PREPARATÓRIO,0.0,0.0,0.0,0.0,0.0,0.0,0.0,0.0,0.0,0.0,0.0,0.0,0.0,0.0,0.0,0.0,0.0
 CURSO DE IDIOMA,0.0,0.0,0.0,0.0,0.0,0.0,0.0,0.0,0.0,0.0,0.0,0.0,0.0,0.0,0.0,0.0,0.0
 CURSO DE INFORMÁTICA,0.0,0.0,0.0,0.0,0.0,0.0,0.0,0.0,0.0,0.0,0.0,0.0,0.0,0.0,-0.33,0.0,-0.33
 AUTOESCOLA,0.0,0.0,1.55,0.0,0.0,0.0,0.05999999999999989,0.0,0.03,-0.31000000000000005,0.0,0.0,5.59,4.18,0.0,19.209999999999997,1.27
 ATIVIDADES FÍSICAS,0.06999999999999995,-0.47,0.09,-1.59,2.4699999999999998,-0.27,1.73,0.71,1.01,2.06,0.9600000000000002,1.02,1.48,1.02,1.6499999999999997,0.14999999999999997,1.12
 COMUNICAÇÃO,-1.85,-0.2,-0.56,-0.6000000000000001,-0.38,-0.6799999999999999,-0.8600000000000001,-0.9299999999999999,-0.8400000000000001,0.05000000000000003,-0.7999999999999999,-0.19,-0.61,-1.3299999999999998,-1.3900000000000001,-0.55,-0.65
 COMUNICAÇÃO,-1.85,-0.2,-0.56,-0.6000000000000001,-0.38,-0.6799999999999999,-0.8600000000000001,-0.9299999999999999,-0.8400000000000001,0.05000000000000003,-0.7999999999999999,-0.19,-0.61,-1.3299999999999998,-1.3900000000000001,-0.55,-0.65
 COMUNICAÇÃO,-1.85,-0.2,-0.56,-0.6000000000000001,-0.38,-0.6799999999999999,-0.8600000000000001,-0.9299999999999999,-0.8400000000000001,0.05000000000000003,-0.7999999999999999,-0.19,-0.61,-1.3299999999999998,-1.3900000000000001,-0.55,-0.65
 CORREIO,0.0,0.0,0.0,0.0,0.0,0.0,0.0,0.0,0.0,0.0,0.0,0.0,0.0,0.0,0.0,0.0,0.0
 PLANO DE TELEFONIA FIXA,-8.95,-8.459999999999999,-9.58,-7.81,0.33,-8.77,-9.82,-8.06,-8.56,-8.42,-5.99,-8.09,-8.07,-7.8999999999999995,-7.94,-9.68,-5.29
 PLANO DE TELEFONIA MÓVEL,0.0,0.0,0.91,1.01,0.0,0.0,0.91,1.01,0.91,0.91,0.0,0.91,0.0,0.0,1.01,0.91,0.35
 TV POR ASSINATURA,0.0,0.0,0.0,0.0,0.0,0.0,0.0,0.0,0.0,0.0,0.0,0.0,0.0,0.0,0.0,0.0,0.0
 ACESSO À INTERNET,0.0,0.0,0.0,0.0,0.0,0.0,0.0,0.0,0.0,0.0,0.0,0.0,0.0,0.0,0.0,0.0,0.0
 APARELHO TELEFÔNICO,-5.880000000000001,0.4600000000000002,-1.51,-2.69,-2.88,-2.4400000000000004,-3.56,-3.9400000000000004,-3.73,1.12,-4.34,-2.14,-2.04,-5.12,-4.290000000000001,-2.67,-2.67
 SERVIÇOS DE STREAMING,0.0,0.0,0.0,0.0,0.0,0.0,0.0,0.0,0.0,0.0,0.0,0.0,0.0,0.0,0.0,0.0,0.0
" COMBO DE TELEFONIA, INTERNET E TV POR ASSINATURA",0.0,0.0,0.0,0.0,0.0,0.0,0.0,0.0,0.0,0.0,0.0,0.0,0.0,0.0,0.0,0.0,0.0
